n_drones,payload_kg,distance_km,fleet_Wh_per_km,cruise_Wh_per_drone,available_cruise_Wh_per_drone,CL,CD_total,thrust_required_per_drone_N,power_required_per_drone_W,feasible,reason
2,0.0,2.0,42.99725434173732,42.997254341737325,422.3355269213965,0.2630479447763494,0.1268179371649778,46.796211446345815,1547.9011563025435,True,
3,0.0,2.0,46.352535465475576,30.901690310317054,422.3355269213965,0.2630479447763494,0.09114276434766058,33.631962225257354,1112.4608511714139,True,
4,0.0,2.0,49.70781658921383,24.853908294606917,422.3355269213965,0.2630479447763494,0.07330517793900199,27.049837614713123,894.740698605849,True,
5,0.0,2.0,53.06309771295207,21.22523908518083,422.3355269213965,0.2630479447763494,0.06260262609380682,23.10056284838658,764.1086070665099,True,
6,0.0,2.0,56.41837883669031,18.80612627889677,422.3355269213965,0.2630479447763494,0.05546759153034337,20.467713004168882,677.0205460402838,True,
2,0.0,4.0,42.99725434173732,85.99450868347465,422.3355269213965,0.2630479447763494,0.1268179371649778,46.796211446345815,1547.9011563025435,True,
3,0.0,4.0,46.352535465475576,61.80338062063411,422.3355269213965,0.2630479447763494,0.09114276434766058,33.631962225257354,1112.4608511714139,True,
4,0.0,4.0,49.70781658921383,49.707816589213834,422.3355269213965,0.2630479447763494,0.07330517793900199,27.049837614713123,894.740698605849,True,
5,0.0,4.0,53.06309771295207,42.45047817036166,422.3355269213965,0.2630479447763494,0.06260262609380682,23.10056284838658,764.1086070665099,True,
6,0.0,4.0,56.41837883669031,37.61225255779354,422.3355269213965,0.2630479447763494,0.05546759153034337,20.467713004168882,677.0205460402838,True,
2,0.0,6.0,42.99725434173732,128.99176302521198,422.3355269213965,0.2630479447763494,0.1268179371649778,46.796211446345815,1547.9011563025435,True,
3,0.0,6.0,46.352535465475576,92.70507093095115,422.3355269213965,0.2630479447763494,0.09114276434766058,33.631962225257354,1112.4608511714139,True,
4,0.0,6.0,49.70781658921383,74.56172488382076,422.3355269213965,0.2630479447763494,0.07330517793900199,27.049837614713123,894.740698605849,True,
5,0.0,6.0,53.06309771295207,63.675717255542494,422.3355269213965,0.2630479447763494,0.06260262609380682,23.10056284838658,764.1086070665099,True,
6,0.0,6.0,56.41837883669031,56.418378836690316,422.3355269213965,0.2630479447763494,0.05546759153034337,20.467713004168882,677.0205460402838,True,
2,0.0,8.0,42.99725434173732,171.9890173669493,422.3355269213965,0.2630479447763494,0.1268179371649778,46.796211446345815,1547.9011563025435,True,
3,0.0,8.0,46.352535465475576,123.60676124126822,422.3355269213965,0.2630479447763494,0.09114276434766058,33.631962225257354,1112.4608511714139,True,
4,0.0,8.0,49.70781658921383,99.41563317842767,422.3355269213965,0.2630479447763494,0.07330517793900199,27.049837614713123,894.740698605849,True,
5,0.0,8.0,53.06309771295207,84.90095634072333,422.3355269213965,0.2630479447763494,0.06260262609380682,23.10056284838658,764.1086070665099,True,
6,0.0,8.0,56.41837883669031,75.22450511558708,422.3355269213965,0.2630479447763494,0.05546759153034337,20.467713004168882,677.0205460402838,True,
2,0.0,10.0,42.99725434173732,214.98627170868662,422.3355269213965,0.2630479447763494,0.1268179371649778,46.796211446345815,1547.9011563025435,True,
3,0.0,10.0,46.352535465475576,154.50845155158524,422.3355269213965,0.2630479447763494,0.09114276434766058,33.631962225257354,1112.4608511714139,True,
4,0.0,10.0,49.70781658921383,124.2695414730346,422.3355269213965,0.2630479447763494,0.07330517793900199,27.049837614713123,894.740698605849,True,
5,0.0,10.0,53.06309771295207,106.12619542590414,422.3355269213965,0.2630479447763494,0.06260262609380682,23.10056284838658,764.1086070665099,True,
6,0.0,10.0,56.41837883669031,94.03063139448386,422.3355269213965,0.2630479447763494,0.05546759153034337,20.467713004168882,677.0205460402838,True,
2,0.0,12.0,42.99725434173732,257.98352605042396,422.3355269213965,0.2630479447763494,0.1268179371649778,46.796211446345815,1547.9011563025435,True,
3,0.0,12.0,46.352535465475576,185.4101418619023,422.3355269213965,0.2630479447763494,0.09114276434766058,33.631962225257354,1112.4608511714139,True,
4,0.0,12.0,49.70781658921383,149.12344976764152,422.3355269213965,0.2630479447763494,0.07330517793900199,27.049837614713123,894.740698605849,True,
5,0.0,12.0,53.06309771295207,127.35143451108499,422.3355269213965,0.2630479447763494,0.06260262609380682,23.10056284838658,764.1086070665099,True,
6,0.0,12.0,56.41837883669031,112.83675767338063,422.3355269213965,0.2630479447763494,0.05546759153034337,20.467713004168882,677.0205460402838,True,
2,0.0,14.0,42.99725434173732,300.98078039216125,422.3355269213965,0.2630479447763494,0.1268179371649778,46.796211446345815,1547.9011563025435,True,
3,0.0,14.0,46.352535465475576,216.31183217221937,422.3355269213965,0.2630479447763494,0.09114276434766058,33.631962225257354,1112.4608511714139,True,
4,0.0,14.0,49.70781658921383,173.9773580622484,422.3355269213965,0.2630479447763494,0.07330517793900199,27.049837614713123,894.740698605849,True,
5,0.0,14.0,53.06309771295207,148.5766735962658,422.3355269213965,0.2630479447763494,0.06260262609380682,23.10056284838658,764.1086070665099,True,
6,0.0,14.0,56.41837883669031,131.6428839522774,422.3355269213965,0.2630479447763494,0.05546759153034337,20.467713004168882,677.0205460402838,True,
2,0.0,16.0,42.99725434173732,343.9780347338986,422.3355269213965,0.2630479447763494,0.1268179371649778,46.796211446345815,1547.9011563025435,True,
3,0.0,16.0,46.352535465475576,247.21352248253643,422.3355269213965,0.2630479447763494,0.09114276434766058,33.631962225257354,1112.4608511714139,True,
4,0.0,16.0,49.70781658921383,198.83126635685534,422.3355269213965,0.2630479447763494,0.07330517793900199,27.049837614713123,894.740698605849,True,
5,0.0,16.0,53.06309771295207,169.80191268144665,422.3355269213965,0.2630479447763494,0.06260262609380682,23.10056284838658,764.1086070665099,True,
6,0.0,16.0,56.41837883669031,150.44901023117416,422.3355269213965,0.2630479447763494,0.05546759153034337,20.467713004168882,677.0205460402838,True,
2,0.0,18.0,42.99725434173732,386.9752890756359,422.3355269213965,0.2630479447763494,0.1268179371649778,46.796211446345815,1547.9011563025435,True,
3,0.0,18.0,46.352535465475576,278.11521279285347,422.3355269213965,0.2630479447763494,0.09114276434766058,33.631962225257354,1112.4608511714139,True,
4,0.0,18.0,49.70781658921383,223.68517465146226,422.3355269213965,0.2630479447763494,0.07330517793900199,27.049837614713123,894.740698605849,True,
5,0.0,18.0,53.06309771295207,191.02715176662747,422.3355269213965,0.2630479447763494,0.06260262609380682,23.10056284838658,764.1086070665099,True,
6,0.0,18.0,56.41837883669031,169.25513651007094,422.3355269213965,0.2630479447763494,0.05546759153034337,20.467713004168882,677.0205460402838,True,
2,0.0,20.0,42.99725434173732,429.97254341737323,422.3355269213965,0.2630479447763494,0.1268179371649778,46.796211446345815,1547.9011563025435,False,battery 430.0 Wh > 422.3 Wh
3,0.0,20.0,46.352535465475576,309.0169031031705,422.3355269213965,0.2630479447763494,0.09114276434766058,33.631962225257354,1112.4608511714139,True,
4,0.0,20.0,49.70781658921383,248.5390829460692,422.3355269213965,0.2630479447763494,0.07330517793900199,27.049837614713123,894.740698605849,True,
5,0.0,20.0,53.06309771295207,212.2523908518083,422.3355269213965,0.2630479447763494,0.06260262609380682,23.10056284838658,764.1086070665099,True,
6,0.0,20.0,56.41837883669031,188.06126278896772,422.3355269213965,0.2630479447763494,0.05546759153034337,20.467713004168882,677.0205460402838,True,
2,0.0,22.0,42.99725434173732,472.9697977591105,422.3355269213965,0.2630479447763494,0.1268179371649778,46.796211446345815,1547.9011563025435,False,battery 473.0 Wh > 422.3 Wh
3,0.0,22.0,46.352535465475576,339.9185934134876,422.3355269213965,0.2630479447763494,0.09114276434766058,33.631962225257354,1112.4608511714139,True,
4,0.0,22.0,49.70781658921383,273.39299124067605,422.3355269213965,0.2630479447763494,0.07330517793900199,27.049837614713123,894.740698605849,True,
5,0.0,22.0,53.06309771295207,233.47762993698913,422.3355269213965,0.2630479447763494,0.06260262609380682,23.10056284838658,764.1086070665099,True,
6,0.0,22.0,56.41837883669031,206.86738906786448,422.3355269213965,0.2630479447763494,0.05546759153034337,20.467713004168882,677.0205460402838,True,
2,0.0,24.0,42.99725434173732,515.9670521008479,422.3355269213965,0.2630479447763494,0.1268179371649778,46.796211446345815,1547.9011563025435,False,battery 516.0 Wh > 422.3 Wh
3,0.0,24.0,46.352535465475576,370.8202837238046,422.3355269213965,0.2630479447763494,0.09114276434766058,33.631962225257354,1112.4608511714139,True,
4,0.0,24.0,49.70781658921383,298.24689953528303,422.3355269213965,0.2630479447763494,0.07330517793900199,27.049837614713123,894.740698605849,True,
5,0.0,24.0,53.06309771295207,254.70286902216998,422.3355269213965,0.2630479447763494,0.06260262609380682,23.10056284838658,764.1086070665099,True,
6,0.0,24.0,56.41837883669031,225.67351534676126,422.3355269213965,0.2630479447763494,0.05546759153034337,20.467713004168882,677.0205460402838,True,
2,0.0,26.0,42.99725434173732,558.9643064425851,422.3355269213965,0.2630479447763494,0.1268179371649778,46.796211446345815,1547.9011563025435,False,battery 559.0 Wh > 422.3 Wh
3,0.0,26.0,46.352535465475576,401.7219740341217,422.3355269213965,0.2630479447763494,0.09114276434766058,33.631962225257354,1112.4608511714139,True,
4,0.0,26.0,49.70781658921383,323.10080782988996,422.3355269213965,0.2630479447763494,0.07330517793900199,27.049837614713123,894.740698605849,True,
5,0.0,26.0,53.06309771295207,275.9281081073508,422.3355269213965,0.2630479447763494,0.06260262609380682,23.10056284838658,764.1086070665099,True,
6,0.0,26.0,56.41837883669031,244.47964162565805,422.3355269213965,0.2630479447763494,0.05546759153034337,20.467713004168882,677.0205460402838,True,
2,0.0,28.0,42.99725434173732,601.9615607843225,422.3355269213965,0.2630479447763494,0.1268179371649778,46.796211446345815,1547.9011563025435,False,battery 602.0 Wh > 422.3 Wh
3,0.0,28.0,46.352535465475576,432.62366434443874,422.3355269213965,0.2630479447763494,0.09114276434766058,33.631962225257354,1112.4608511714139,False,battery 432.6 Wh > 422.3 Wh
4,0.0,28.0,49.70781658921383,347.9547161244968,422.3355269213965,0.2630479447763494,0.07330517793900199,27.049837614713123,894.740698605849,True,
5,0.0,28.0,53.06309771295207,297.1533471925316,422.3355269213965,0.2630479447763494,0.06260262609380682,23.10056284838658,764.1086070665099,True,
6,0.0,28.0,56.41837883669031,263.2857679045548,422.3355269213965,0.2630479447763494,0.05546759153034337,20.467713004168882,677.0205460402838,True,
2,0.0,30.0,42.99725434173732,644.9588151260598,422.3355269213965,0.2630479447763494,0.1268179371649778,46.796211446345815,1547.9011563025435,False,battery 645.0 Wh > 422.3 Wh
3,0.0,30.0,46.352535465475576,463.5253546547558,422.3355269213965,0.2630479447763494,0.09114276434766058,33.631962225257354,1112.4608511714139,False,battery 463.5 Wh > 422.3 Wh
4,0.0,30.0,49.70781658921383,372.8086244191038,422.3355269213965,0.2630479447763494,0.07330517793900199,27.049837614713123,894.740698605849,True,
5,0.0,30.0,53.06309771295207,318.37858627771243,422.3355269213965,0.2630479447763494,0.06260262609380682,23.10056284838658,764.1086070665099,True,
6,0.0,30.0,56.41837883669031,282.0918941834516,422.3355269213965,0.2630479447763494,0.05546759153034337,20.467713004168882,677.0205460402838,True,
2,0.0,32.0,42.99725434173732,687.9560694677972,422.3355269213965,0.2630479447763494,0.1268179371649778,46.796211446345815,1547.9011563025435,False,battery 688.0 Wh > 422.3 Wh
3,0.0,32.0,46.352535465475576,494.42704496507287,422.3355269213965,0.2630479447763494,0.09114276434766058,33.631962225257354,1112.4608511714139,False,battery 494.4 Wh > 422.3 Wh
4,0.0,32.0,49.70781658921383,397.6625327137107,422.3355269213965,0.2630479447763494,0.07330517793900199,27.049837614713123,894.740698605849,True,
5,0.0,32.0,53.06309771295207,339.6038253628933,422.3355269213965,0.2630479447763494,0.06260262609380682,23.10056284838658,764.1086070665099,True,
6,0.0,32.0,56.41837883669031,300.8980204623483,422.3355269213965,0.2630479447763494,0.05546759153034337,20.467713004168882,677.0205460402838,True,
2,0.0,34.0,42.99725434173732,730.9533238095344,422.3355269213965,0.2630479447763494,0.1268179371649778,46.796211446345815,1547.9011563025435,False,battery 731.0 Wh > 422.3 Wh
3,0.0,34.0,46.352535465475576,525.3287352753899,422.3355269213965,0.2630479447763494,0.09114276434766058,33.631962225257354,1112.4608511714139,False,battery 525.3 Wh > 422.3 Wh
4,0.0,34.0,49.70781658921383,422.5164410083176,422.3355269213965,0.2630479447763494,0.07330517793900199,27.049837614713123,894.740698605849,False,battery 422.5 Wh > 422.3 Wh
5,0.0,34.0,53.06309771295207,360.8290644480741,422.3355269213965,0.2630479447763494,0.06260262609380682,23.10056284838658,764.1086070665099,True,
6,0.0,34.0,56.41837883669031,319.7041467412451,422.3355269213965,0.2630479447763494,0.05546759153034337,20.467713004168882,677.0205460402838,True,
2,0.0,36.0,42.99725434173732,773.9505781512718,422.3355269213965,0.2630479447763494,0.1268179371649778,46.796211446345815,1547.9011563025435,False,battery 774.0 Wh > 422.3 Wh
3,0.0,36.0,46.352535465475576,556.2304255857069,422.3355269213965,0.2630479447763494,0.09114276434766058,33.631962225257354,1112.4608511714139,False,battery 556.2 Wh > 422.3 Wh
4,0.0,36.0,49.70781658921383,447.3703493029245,422.3355269213965,0.2630479447763494,0.07330517793900199,27.049837614713123,894.740698605849,False,battery 447.4 Wh > 422.3 Wh
5,0.0,36.0,53.06309771295207,382.05430353325494,422.3355269213965,0.2630479447763494,0.06260262609380682,23.10056284838658,764.1086070665099,True,
6,0.0,36.0,56.41837883669031,338.5102730201419,422.3355269213965,0.2630479447763494,0.05546759153034337,20.467713004168882,677.0205460402838,True,
2,0.0,38.0,42.99725434173732,816.9478324930091,422.3355269213965,0.2630479447763494,0.1268179371649778,46.796211446345815,1547.9011563025435,False,battery 816.9 Wh > 422.3 Wh
3,0.0,38.0,46.352535465475576,587.1321158960241,422.3355269213965,0.2630479447763494,0.09114276434766058,33.631962225257354,1112.4608511714139,False,battery 587.1 Wh > 422.3 Wh
4,0.0,38.0,49.70781658921383,472.2242575975314,422.3355269213965,0.2630479447763494,0.07330517793900199,27.049837614713123,894.740698605849,False,battery 472.2 Wh > 422.3 Wh
5,0.0,38.0,53.06309771295207,403.27954261843576,422.3355269213965,0.2630479447763494,0.06260262609380682,23.10056284838658,764.1086070665099,True,
6,0.0,38.0,56.41837883669031,357.31639929903866,422.3355269213965,0.2630479447763494,0.05546759153034337,20.467713004168882,677.0205460402838,True,
2,0.0,40.0,42.99725434173732,859.9450868347465,422.3355269213965,0.2630479447763494,0.1268179371649778,46.796211446345815,1547.9011563025435,False,battery 859.9 Wh > 422.3 Wh
3,0.0,40.0,46.352535465475576,618.033806206341,422.3355269213965,0.2630479447763494,0.09114276434766058,33.631962225257354,1112.4608511714139,False,battery 618.0 Wh > 422.3 Wh
4,0.0,40.0,49.70781658921383,497.0781658921384,422.3355269213965,0.2630479447763494,0.07330517793900199,27.049837614713123,894.740698605849,False,battery 497.1 Wh > 422.3 Wh
5,0.0,40.0,53.06309771295207,424.5047817036166,422.3355269213965,0.2630479447763494,0.06260262609380682,23.10056284838658,764.1086070665099,False,battery 424.5 Wh > 422.3 Wh
6,0.0,40.0,56.41837883669031,376.12252557793545,422.3355269213965,0.2630479447763494,0.05546759153034337,20.467713004168882,677.0205460402838,True,
2,5.0,2.0,43.82085137283531,43.820851372835314,422.3355269213965,0.3294881054785062,0.1292470894012791,47.692576142275534,1577.5506494220713,True,
3,5.0,2.0,47.14534960492421,31.43023306994948,422.3355269213965,0.3073413852444539,0.09270167092219052,34.20720357768448,1131.4883905181812,True,
4,5.0,2.0,50.48523928283781,25.24261964141891,422.3355269213965,0.2962680251274278,0.07445165977627283,27.47289296221122,908.7343070910807,True,
5,5.0,2.0,53.83128553908126,21.532514215632503,422.3355269213965,0.28962400905721214,0.06350891647868273,23.434986806310377,775.1705117627702,True,
6,5.0,2.0,57.18041008448963,19.06013669482988,422.3355269213965,0.2851946650104017,0.05621678069277287,20.744166124619447,686.1649210138756,True,
2,5.0,4.0,43.82085137283531,87.64170274567063,422.3355269213965,0.3294881054785062,0.1292470894012791,47.692576142275534,1577.5506494220713,True,
3,5.0,4.0,47.14534960492421,62.86046613989896,422.3355269213965,0.3073413852444539,0.09270167092219052,34.20720357768448,1131.4883905181812,True,
4,5.0,4.0,50.48523928283781,50.48523928283782,422.3355269213965,0.2962680251274278,0.07445165977627283,27.47289296221122,908.7343070910807,True,
5,5.0,4.0,53.83128553908126,43.065028431265006,422.3355269213965,0.28962400905721214,0.06350891647868273,23.434986806310377,775.1705117627702,True,
6,5.0,4.0,57.18041008448963,38.12027338965976,422.3355269213965,0.2851946650104017,0.05621678069277287,20.744166124619447,686.1649210138756,True,
2,5.0,6.0,43.82085137283531,131.46255411850595,422.3355269213965,0.3294881054785062,0.1292470894012791,47.692576142275534,1577.5506494220713,True,
3,5.0,6.0,47.14534960492421,94.29069920984843,422.3355269213965,0.3073413852444539,0.09270167092219052,34.20720357768448,1131.4883905181812,True,
4,5.0,6.0,50.48523928283781,75.72785892425672,422.3355269213965,0.2962680251274278,0.07445165977627283,27.47289296221122,908.7343070910807,True,
5,5.0,6.0,53.83128553908126,64.59754264689752,422.3355269213965,0.28962400905721214,0.06350891647868273,23.434986806310377,775.1705117627702,True,
6,5.0,6.0,57.18041008448963,57.18041008448964,422.3355269213965,0.2851946650104017,0.05621678069277287,20.744166124619447,686.1649210138756,True,
2,5.0,8.0,43.82085137283531,175.28340549134126,422.3355269213965,0.3294881054785062,0.1292470894012791,47.692576142275534,1577.5506494220713,True,
3,5.0,8.0,47.14534960492421,125.72093227979792,422.3355269213965,0.3073413852444539,0.09270167092219052,34.20720357768448,1131.4883905181812,True,
4,5.0,8.0,50.48523928283781,100.97047856567563,422.3355269213965,0.2962680251274278,0.07445165977627283,27.47289296221122,908.7343070910807,True,
5,5.0,8.0,53.83128553908126,86.13005686253001,422.3355269213965,0.28962400905721214,0.06350891647868273,23.434986806310377,775.1705117627702,True,
6,5.0,8.0,57.18041008448963,76.24054677931952,422.3355269213965,0.2851946650104017,0.05621678069277287,20.744166124619447,686.1649210138756,True,
2,5.0,10.0,43.82085137283531,219.10425686417656,422.3355269213965,0.3294881054785062,0.1292470894012791,47.692576142275534,1577.5506494220713,True,
3,5.0,10.0,47.14534960492421,157.1511653497474,422.3355269213965,0.3073413852444539,0.09270167092219052,34.20720357768448,1131.4883905181812,True,
4,5.0,10.0,50.48523928283781,126.21309820709455,422.3355269213965,0.2962680251274278,0.07445165977627283,27.47289296221122,908.7343070910807,True,
5,5.0,10.0,53.83128553908126,107.66257107816253,422.3355269213965,0.28962400905721214,0.06350891647868273,23.434986806310377,775.1705117627702,True,
6,5.0,10.0,57.18041008448963,95.3006834741494,422.3355269213965,0.2851946650104017,0.05621678069277287,20.744166124619447,686.1649210138756,True,
2,5.0,12.0,43.82085137283531,262.9251082370119,422.3355269213965,0.3294881054785062,0.1292470894012791,47.692576142275534,1577.5506494220713,True,
3,5.0,12.0,47.14534960492421,188.58139841969685,422.3355269213965,0.3073413852444539,0.09270167092219052,34.20720357768448,1131.4883905181812,True,
4,5.0,12.0,50.48523928283781,151.45571784851344,422.3355269213965,0.2962680251274278,0.07445165977627283,27.47289296221122,908.7343070910807,True,
5,5.0,12.0,53.83128553908126,129.19508529379505,422.3355269213965,0.28962400905721214,0.06350891647868273,23.434986806310377,775.1705117627702,True,
6,5.0,12.0,57.18041008448963,114.36082016897927,422.3355269213965,0.2851946650104017,0.05621678069277287,20.744166124619447,686.1649210138756,True,
2,5.0,14.0,43.82085137283531,306.7459596098472,422.3355269213965,0.3294881054785062,0.1292470894012791,47.692576142275534,1577.5506494220713,True,
3,5.0,14.0,47.14534960492421,220.01163148964633,422.3355269213965,0.3073413852444539,0.09270167092219052,34.20720357768448,1131.4883905181812,True,
4,5.0,14.0,50.48523928283781,176.69833748993236,422.3355269213965,0.2962680251274278,0.07445165977627283,27.47289296221122,908.7343070910807,True,
5,5.0,14.0,53.83128553908126,150.72759950942753,422.3355269213965,0.28962400905721214,0.06350891647868273,23.434986806310377,775.1705117627702,True,
6,5.0,14.0,57.18041008448963,133.42095686380915,422.3355269213965,0.2851946650104017,0.05621678069277287,20.744166124619447,686.1649210138756,True,
2,5.0,16.0,43.82085137283531,350.5668109826825,422.3355269213965,0.3294881054785062,0.1292470894012791,47.692576142275534,1577.5506494220713,True,
3,5.0,16.0,47.14534960492421,251.44186455959584,422.3355269213965,0.3073413852444539,0.09270167092219052,34.20720357768448,1131.4883905181812,True,
4,5.0,16.0,50.48523928283781,201.94095713135127,422.3355269213965,0.2962680251274278,0.07445165977627283,27.47289296221122,908.7343070910807,True,
5,5.0,16.0,53.83128553908126,172.26011372506002,422.3355269213965,0.28962400905721214,0.06350891647868273,23.434986806310377,775.1705117627702,True,
6,5.0,16.0,57.18041008448963,152.48109355863903,422.3355269213965,0.2851946650104017,0.05621678069277287,20.744166124619447,686.1649210138756,True,
2,5.0,18.0,43.82085137283531,394.3876623555178,422.3355269213965,0.3294881054785062,0.1292470894012791,47.692576142275534,1577.5506494220713,True,
3,5.0,18.0,47.14534960492421,282.8720976295453,422.3355269213965,0.3073413852444539,0.09270167092219052,34.20720357768448,1131.4883905181812,True,
4,5.0,18.0,50.48523928283781,227.18357677277018,422.3355269213965,0.2962680251274278,0.07445165977627283,27.47289296221122,908.7343070910807,True,
5,5.0,18.0,53.83128553908126,193.79262794069254,422.3355269213965,0.28962400905721214,0.06350891647868273,23.434986806310377,775.1705117627702,True,
6,5.0,18.0,57.18041008448963,171.5412302534689,422.3355269213965,0.2851946650104017,0.05621678069277287,20.744166124619447,686.1649210138756,True,
2,5.0,20.0,43.82085137283531,438.2085137283531,422.3355269213965,0.3294881054785062,0.1292470894012791,47.692576142275534,1577.5506494220713,False,battery 438.2 Wh > 422.3 Wh
3,5.0,20.0,47.14534960492421,314.3023306994948,422.3355269213965,0.3073413852444539,0.09270167092219052,34.20720357768448,1131.4883905181812,True,
4,5.0,20.0,50.48523928283781,252.4261964141891,422.3355269213965,0.2962680251274278,0.07445165977627283,27.47289296221122,908.7343070910807,True,
5,5.0,20.0,53.83128553908126,215.32514215632506,422.3355269213965,0.28962400905721214,0.06350891647868273,23.434986806310377,775.1705117627702,True,
6,5.0,20.0,57.18041008448963,190.6013669482988,422.3355269213965,0.2851946650104017,0.05621678069277287,20.744166124619447,686.1649210138756,True,
2,5.0,22.0,43.82085137283531,482.02936510118843,422.3355269213965,0.3294881054785062,0.1292470894012791,47.692576142275534,1577.5506494220713,False,battery 482.0 Wh > 422.3 Wh
3,5.0,22.0,47.14534960492421,345.73256376944425,422.3355269213965,0.3073413852444539,0.09270167092219052,34.20720357768448,1131.4883905181812,True,
4,5.0,22.0,50.48523928283781,277.668816055608,422.3355269213965,0.2962680251274278,0.07445165977627283,27.47289296221122,908.7343070910807,True,
5,5.0,22.0,53.83128553908126,236.85765637195757,422.3355269213965,0.28962400905721214,0.06350891647868273,23.434986806310377,775.1705117627702,True,
6,5.0,22.0,57.18041008448963,209.66150364312867,422.3355269213965,0.2851946650104017,0.05621678069277287,20.744166124619447,686.1649210138756,True,
2,5.0,24.0,43.82085137283531,525.8502164740238,422.3355269213965,0.3294881054785062,0.1292470894012791,47.692576142275534,1577.5506494220713,False,battery 525.9 Wh > 422.3 Wh
3,5.0,24.0,47.14534960492421,377.1627968393937,422.3355269213965,0.3073413852444539,0.09270167092219052,34.20720357768448,1131.4883905181812,True,
4,5.0,24.0,50.48523928283781,302.9114356970269,422.3355269213965,0.2962680251274278,0.07445165977627283,27.47289296221122,908.7343070910807,True,
5,5.0,24.0,53.83128553908126,258.3901705875901,422.3355269213965,0.28962400905721214,0.06350891647868273,23.434986806310377,775.1705117627702,True,
6,5.0,24.0,57.18041008448963,228.72164033795855,422.3355269213965,0.2851946650104017,0.05621678069277287,20.744166124619447,686.1649210138756,True,
2,5.0,26.0,43.82085137283531,569.671067846859,422.3355269213965,0.3294881054785062,0.1292470894012791,47.692576142275534,1577.5506494220713,False,battery 569.7 Wh > 422.3 Wh
3,5.0,26.0,47.14534960492421,408.5930299093432,422.3355269213965,0.3073413852444539,0.09270167092219052,34.20720357768448,1131.4883905181812,True,
4,5.0,26.0,50.48523928283781,328.1540553384458,422.3355269213965,0.2962680251274278,0.07445165977627283,27.47289296221122,908.7343070910807,True,
5,5.0,26.0,53.83128553908126,279.9226848032226,422.3355269213965,0.28962400905721214,0.06350891647868273,23.434986806310377,775.1705117627702,True,
6,5.0,26.0,57.18041008448963,247.78177703278843,422.3355269213965,0.2851946650104017,0.05621678069277287,20.744166124619447,686.1649210138756,True,
2,5.0,28.0,43.82085137283531,613.4919192196944,422.3355269213965,0.3294881054785062,0.1292470894012791,47.692576142275534,1577.5506494220713,False,battery 613.5 Wh > 422.3 Wh
3,5.0,28.0,47.14534960492421,440.02326297929267,422.3355269213965,0.3073413852444539,0.09270167092219052,34.20720357768448,1131.4883905181812,False,battery 440.0 Wh > 422.3 Wh
4,5.0,28.0,50.48523928283781,353.3966749798647,422.3355269213965,0.2962680251274278,0.07445165977627283,27.47289296221122,908.7343070910807,True,
5,5.0,28.0,53.83128553908126,301.45519901885507,422.3355269213965,0.28962400905721214,0.06350891647868273,23.434986806310377,775.1705117627702,True,
6,5.0,28.0,57.18041008448963,266.8419137276183,422.3355269213965,0.2851946650104017,0.05621678069277287,20.744166124619447,686.1649210138756,True,
2,5.0,30.0,43.82085137283531,657.3127705925298,422.3355269213965,0.3294881054785062,0.1292470894012791,47.692576142275534,1577.5506494220713,False,battery 657.3 Wh > 422.3 Wh
3,5.0,30.0,47.14534960492421,471.4534960492422,422.3355269213965,0.3073413852444539,0.09270167092219052,34.20720357768448,1131.4883905181812,False,battery 471.5 Wh > 422.3 Wh
4,5.0,30.0,50.48523928283781,378.6392946212837,422.3355269213965,0.2962680251274278,0.07445165977627283,27.47289296221122,908.7343070910807,True,
5,5.0,30.0,53.83128553908126,322.98771323448756,422.3355269213965,0.28962400905721214,0.06350891647868273,23.434986806310377,775.1705117627702,True,
6,5.0,30.0,57.18041008448963,285.9020504224482,422.3355269213965,0.2851946650104017,0.05621678069277287,20.744166124619447,686.1649210138756,True,
2,5.0,32.0,43.82085137283531,701.133621965365,422.3355269213965,0.3294881054785062,0.1292470894012791,47.692576142275534,1577.5506494220713,False,battery 701.1 Wh > 422.3 Wh
3,5.0,32.0,47.14534960492421,502.8837291191917,422.3355269213965,0.3073413852444539,0.09270167092219052,34.20720357768448,1131.4883905181812,False,battery 502.9 Wh > 422.3 Wh
4,5.0,32.0,50.48523928283781,403.88191426270254,422.3355269213965,0.2962680251274278,0.07445165977627283,27.47289296221122,908.7343070910807,True,
5,5.0,32.0,53.83128553908126,344.52022745012005,422.3355269213965,0.28962400905721214,0.06350891647868273,23.434986806310377,775.1705117627702,True,
6,5.0,32.0,57.18041008448963,304.96218711727806,422.3355269213965,0.2851946650104017,0.05621678069277287,20.744166124619447,686.1649210138756,True,
2,5.0,34.0,43.82085137283531,744.9544733382003,422.3355269213965,0.3294881054785062,0.1292470894012791,47.692576142275534,1577.5506494220713,False,battery 745.0 Wh > 422.3 Wh
3,5.0,34.0,47.14534960492421,534.3139621891412,422.3355269213965,0.3073413852444539,0.09270167092219052,34.20720357768448,1131.4883905181812,False,battery 534.3 Wh > 422.3 Wh
4,5.0,34.0,50.48523928283781,429.12453390412145,422.3355269213965,0.2962680251274278,0.07445165977627283,27.47289296221122,908.7343070910807,False,battery 429.1 Wh > 422.3 Wh
5,5.0,34.0,53.83128553908126,366.05274166575254,422.3355269213965,0.28962400905721214,0.06350891647868273,23.434986806310377,775.1705117627702,True,
6,5.0,34.0,57.18041008448963,324.0223238121079,422.3355269213965,0.2851946650104017,0.05621678069277287,20.744166124619447,686.1649210138756,True,
2,5.0,36.0,43.82085137283531,788.7753247110356,422.3355269213965,0.3294881054785062,0.1292470894012791,47.692576142275534,1577.5506494220713,False,battery 788.8 Wh > 422.3 Wh
3,5.0,36.0,47.14534960492421,565.7441952590906,422.3355269213965,0.3073413852444539,0.09270167092219052,34.20720357768448,1131.4883905181812,False,battery 565.7 Wh > 422.3 Wh
4,5.0,36.0,50.48523928283781,454.36715354554036,422.3355269213965,0.2962680251274278,0.07445165977627283,27.47289296221122,908.7343070910807,False,battery 454.4 Wh > 422.3 Wh
5,5.0,36.0,53.83128553908126,387.5852558813851,422.3355269213965,0.28962400905721214,0.06350891647868273,23.434986806310377,775.1705117627702,True,
6,5.0,36.0,57.18041008448963,343.0824605069378,422.3355269213965,0.2851946650104017,0.05621678069277287,20.744166124619447,686.1649210138756,True,
2,5.0,38.0,43.82085137283531,832.596176083871,422.3355269213965,0.3294881054785062,0.1292470894012791,47.692576142275534,1577.5506494220713,False,battery 832.6 Wh > 422.3 Wh
3,5.0,38.0,47.14534960492421,597.1744283290401,422.3355269213965,0.3073413852444539,0.09270167092219052,34.20720357768448,1131.4883905181812,False,battery 597.2 Wh > 422.3 Wh
4,5.0,38.0,50.48523928283781,479.6097731869592,422.3355269213965,0.2962680251274278,0.07445165977627283,27.47289296221122,908.7343070910807,False,battery 479.6 Wh > 422.3 Wh
5,5.0,38.0,53.83128553908126,409.1177700970176,422.3355269213965,0.28962400905721214,0.06350891647868273,23.434986806310377,775.1705117627702,True,
6,5.0,38.0,57.18041008448963,362.14259720176767,422.3355269213965,0.2851946650104017,0.05621678069277287,20.744166124619447,686.1649210138756,True,
2,5.0,40.0,43.82085137283531,876.4170274567063,422.3355269213965,0.3294881054785062,0.1292470894012791,47.692576142275534,1577.5506494220713,False,battery 876.4 Wh > 422.3 Wh
3,5.0,40.0,47.14534960492421,628.6046613989896,422.3355269213965,0.3073413852444539,0.09270167092219052,34.20720357768448,1131.4883905181812,False,battery 628.6 Wh > 422.3 Wh
4,5.0,40.0,50.48523928283781,504.8523928283782,422.3355269213965,0.2962680251274278,0.07445165977627283,27.47289296221122,908.7343070910807,False,battery 504.9 Wh > 422.3 Wh
5,5.0,40.0,53.83128553908126,430.6502843126501,422.3355269213965,0.28962400905721214,0.06350891647868273,23.434986806310377,775.1705117627702,False,battery 430.7 Wh > 422.3 Wh
6,5.0,40.0,57.18041008448963,381.2027338965976,422.3355269213965,0.2851946650104017,0.05621678069277287,20.744166124619447,686.1649210138756,True,
2,10.0,2.0,44.82914575382934,44.82914575382934,422.3355269213965,0.39592826618066296,0.13222099588461886,48.78995684193936,1613.8492471378563,True,
3,10.0,2.0,48.06129531097023,32.04086354064681,422.3355269213965,0.3516348257125585,0.0945026904954042,34.87178537621566,1153.4710874632854,True,
4,10.0,2.0,51.3550106514098,25.6775053257049,422.3355269213965,0.3294881054785062,0.07573433017530329,27.94620231064284,924.3901917253764,True,
5,10.0,2.0,54.67335230516885,21.86934092206754,422.3355269213965,0.3162000733380748,0.06450236754308479,23.80157332483163,787.2962731944315,True,
6,10.0,2.0,58.00400711558762,19.33466903852921,422.3355269213965,0.3073413852444539,0.0570264981048733,21.04295435659602,696.0480853870515,True,
2,10.0,4.0,44.82914575382934,89.65829150765867,422.3355269213965,0.39592826618066296,0.13222099588461886,48.78995684193936,1613.8492471378563,True,
3,10.0,4.0,48.06129531097023,64.08172708129362,422.3355269213965,0.3516348257125585,0.0945026904954042,34.87178537621566,1153.4710874632854,True,
4,10.0,4.0,51.3550106514098,51.3550106514098,422.3355269213965,0.3294881054785062,0.07573433017530329,27.94620231064284,924.3901917253764,True,
5,10.0,4.0,54.67335230516885,43.73868184413508,422.3355269213965,0.3162000733380748,0.06450236754308479,23.80157332483163,787.2962731944315,True,
6,10.0,4.0,58.00400711558762,38.66933807705842,422.3355269213965,0.3073413852444539,0.0570264981048733,21.04295435659602,696.0480853870515,True,
2,10.0,6.0,44.82914575382934,134.48743726148803,422.3355269213965,0.39592826618066296,0.13222099588461886,48.78995684193936,1613.8492471378563,True,
3,10.0,6.0,48.06129531097023,96.12259062194045,422.3355269213965,0.3516348257125585,0.0945026904954042,34.87178537621566,1153.4710874632854,True,
4,10.0,6.0,51.3550106514098,77.0325159771147,422.3355269213965,0.3294881054785062,0.07573433017530329,27.94620231064284,924.3901917253764,True,
5,10.0,6.0,54.67335230516885,65.60802276620262,422.3355269213965,0.3162000733380748,0.06450236754308479,23.80157332483163,787.2962731944315,True,
6,10.0,6.0,58.00400711558762,58.004007115587626,422.3355269213965,0.3073413852444539,0.0570264981048733,21.04295435659602,696.0480853870515,True,
2,10.0,8.0,44.82914575382934,179.31658301531735,422.3355269213965,0.39592826618066296,0.13222099588461886,48.78995684193936,1613.8492471378563,True,
3,10.0,8.0,48.06129531097023,128.16345416258724,422.3355269213965,0.3516348257125585,0.0945026904954042,34.87178537621566,1153.4710874632854,True,
4,10.0,8.0,51.3550106514098,102.7100213028196,422.3355269213965,0.3294881054785062,0.07573433017530329,27.94620231064284,924.3901917253764,True,
5,10.0,8.0,54.67335230516885,87.47736368827016,422.3355269213965,0.3162000733380748,0.06450236754308479,23.80157332483163,787.2962731944315,True,
6,10.0,8.0,58.00400711558762,77.33867615411684,422.3355269213965,0.3073413852444539,0.0570264981048733,21.04295435659602,696.0480853870515,True,
2,10.0,10.0,44.82914575382934,224.1457287691467,422.3355269213965,0.39592826618066296,0.13222099588461886,48.78995684193936,1613.8492471378563,True,
3,10.0,10.0,48.06129531097023,160.2043177032341,422.3355269213965,0.3516348257125585,0.0945026904954042,34.87178537621566,1153.4710874632854,True,
4,10.0,10.0,51.3550106514098,128.3875266285245,422.3355269213965,0.3294881054785062,0.07573433017530329,27.94620231064284,924.3901917253764,True,
5,10.0,10.0,54.67335230516885,109.34670461033771,422.3355269213965,0.3162000733380748,0.06450236754308479,23.80157332483163,787.2962731944315,True,
6,10.0,10.0,58.00400711558762,96.67334519264604,422.3355269213965,0.3073413852444539,0.0570264981048733,21.04295435659602,696.0480853870515,True,
2,10.0,12.0,44.82914575382934,268.97487452297605,422.3355269213965,0.39592826618066296,0.13222099588461886,48.78995684193936,1613.8492471378563,True,
3,10.0,12.0,48.06129531097023,192.2451812438809,422.3355269213965,0.3516348257125585,0.0945026904954042,34.87178537621566,1153.4710874632854,True,
4,10.0,12.0,51.3550106514098,154.0650319542294,422.3355269213965,0.3294881054785062,0.07573433017530329,27.94620231064284,924.3901917253764,True,
5,10.0,12.0,54.67335230516885,131.21604553240525,422.3355269213965,0.3162000733380748,0.06450236754308479,23.80157332483163,787.2962731944315,True,
6,10.0,12.0,58.00400711558762,116.00801423117525,422.3355269213965,0.3073413852444539,0.0570264981048733,21.04295435659602,696.0480853870515,True,
2,10.0,14.0,44.82914575382934,313.8040202768054,422.3355269213965,0.39592826618066296,0.13222099588461886,48.78995684193936,1613.8492471378563,True,
3,10.0,14.0,48.06129531097023,224.28604478452772,422.3355269213965,0.3516348257125585,0.0945026904954042,34.87178537621566,1153.4710874632854,True,
4,10.0,14.0,51.3550106514098,179.7425372799343,422.3355269213965,0.3294881054785062,0.07573433017530329,27.94620231064284,924.3901917253764,True,
5,10.0,14.0,54.67335230516885,153.0853864544728,422.3355269213965,0.3162000733380748,0.06450236754308479,23.80157332483163,787.2962731944315,True,
6,10.0,14.0,58.00400711558762,135.34268326970445,422.3355269213965,0.3073413852444539,0.0570264981048733,21.04295435659602,696.0480853870515,True,
2,10.0,16.0,44.82914575382934,358.6331660306347,422.3355269213965,0.39592826618066296,0.13222099588461886,48.78995684193936,1613.8492471378563,True,
3,10.0,16.0,48.06129531097023,256.3269083251745,422.3355269213965,0.3516348257125585,0.0945026904954042,34.87178537621566,1153.4710874632854,True,
4,10.0,16.0,51.3550106514098,205.4200426056392,422.3355269213965,0.3294881054785062,0.07573433017530329,27.94620231064284,924.3901917253764,True,
5,10.0,16.0,54.67335230516885,174.95472737654032,422.3355269213965,0.3162000733380748,0.06450236754308479,23.80157332483163,787.2962731944315,True,
6,10.0,16.0,58.00400711558762,154.67735230823368,422.3355269213965,0.3073413852444539,0.0570264981048733,21.04295435659602,696.0480853870515,True,
2,10.0,18.0,44.82914575382934,403.4623117844641,422.3355269213965,0.39592826618066296,0.13222099588461886,48.78995684193936,1613.8492471378563,True,
3,10.0,18.0,48.06129531097023,288.36777186582134,422.3355269213965,0.3516348257125585,0.0945026904954042,34.87178537621566,1153.4710874632854,True,
4,10.0,18.0,51.3550106514098,231.0975479313441,422.3355269213965,0.3294881054785062,0.07573433017530329,27.94620231064284,924.3901917253764,True,
5,10.0,18.0,54.67335230516885,196.82406829860787,422.3355269213965,0.3162000733380748,0.06450236754308479,23.80157332483163,787.2962731944315,True,
6,10.0,18.0,58.00400711558762,174.01202134676288,422.3355269213965,0.3073413852444539,0.0570264981048733,21.04295435659602,696.0480853870515,True,
2,10.0,20.0,44.82914575382934,448.2914575382934,422.3355269213965,0.39592826618066296,0.13222099588461886,48.78995684193936,1613.8492471378563,False,battery 448.3 Wh > 422.3 Wh
3,10.0,20.0,48.06129531097023,320.4086354064682,422.3355269213965,0.3516348257125585,0.0945026904954042,34.87178537621566,1153.4710874632854,True,
4,10.0,20.0,51.3550106514098,256.775053257049,422.3355269213965,0.3294881054785062,0.07573433017530329,27.94620231064284,924.3901917253764,True,
5,10.0,20.0,54.67335230516885,218.69340922067542,422.3355269213965,0.3162000733380748,0.06450236754308479,23.80157332483163,787.2962731944315,True,
6,10.0,20.0,58.00400711558762,193.34669038529208,422.3355269213965,0.3073413852444539,0.0570264981048733,21.04295435659602,696.0480853870515,True,
2,10.0,22.0,44.82914575382934,493.1206032921228,422.3355269213965,0.39592826618066296,0.13222099588461886,48.78995684193936,1613.8492471378563,False,battery 493.1 Wh > 422.3 Wh
3,10.0,22.0,48.06129531097023,352.449498947115,422.3355269213965,0.3516348257125585,0.0945026904954042,34.87178537621566,1153.4710874632854,True,
4,10.0,22.0,51.3550106514098,282.4525585827539,422.3355269213965,0.3294881054785062,0.07573433017530329,27.94620231064284,924.3901917253764,True,
5,10.0,22.0,54.67335230516885,240.56275014274294,422.3355269213965,0.3162000733380748,0.06450236754308479,23.80157332483163,787.2962731944315,True,
6,10.0,22.0,58.00400711558762,212.6813594238213,422.3355269213965,0.3073413852444539,0.0570264981048733,21.04295435659602,696.0480853870515,True,
2,10.0,24.0,44.82914575382934,537.9497490459521,422.3355269213965,0.39592826618066296,0.13222099588461886,48.78995684193936,1613.8492471378563,False,battery 537.9 Wh > 422.3 Wh
3,10.0,24.0,48.06129531097023,384.4903624877618,422.3355269213965,0.3516348257125585,0.0945026904954042,34.87178537621566,1153.4710874632854,True,
4,10.0,24.0,51.3550106514098,308.1300639084588,422.3355269213965,0.3294881054785062,0.07573433017530329,27.94620231064284,924.3901917253764,True,
5,10.0,24.0,54.67335230516885,262.4320910648105,422.3355269213965,0.3162000733380748,0.06450236754308479,23.80157332483163,787.2962731944315,True,
6,10.0,24.0,58.00400711558762,232.0160284623505,422.3355269213965,0.3073413852444539,0.0570264981048733,21.04295435659602,696.0480853870515,True,
2,10.0,26.0,44.82914575382934,582.7788947997815,422.3355269213965,0.39592826618066296,0.13222099588461886,48.78995684193936,1613.8492471378563,False,battery 582.8 Wh > 422.3 Wh
3,10.0,26.0,48.06129531097023,416.5312260284086,422.3355269213965,0.3516348257125585,0.0945026904954042,34.87178537621566,1153.4710874632854,True,
4,10.0,26.0,51.3550106514098,333.8075692341637,422.3355269213965,0.3294881054785062,0.07573433017530329,27.94620231064284,924.3901917253764,True,
5,10.0,26.0,54.67335230516885,284.3014319868781,422.3355269213965,0.3162000733380748,0.06450236754308479,23.80157332483163,787.2962731944315,True,
6,10.0,26.0,58.00400711558762,251.35069750087973,422.3355269213965,0.3073413852444539,0.0570264981048733,21.04295435659602,696.0480853870515,True,
2,10.0,28.0,44.82914575382934,627.6080405536107,422.3355269213965,0.39592826618066296,0.13222099588461886,48.78995684193936,1613.8492471378563,False,battery 627.6 Wh > 422.3 Wh
3,10.0,28.0,48.06129531097023,448.57208956905544,422.3355269213965,0.3516348257125585,0.0945026904954042,34.87178537621566,1153.4710874632854,False,battery 448.6 Wh > 422.3 Wh
4,10.0,28.0,51.3550106514098,359.4850745598686,422.3355269213965,0.3294881054785062,0.07573433017530329,27.94620231064284,924.3901917253764,True,
5,10.0,28.0,54.67335230516885,306.1707729089456,422.3355269213965,0.3162000733380748,0.06450236754308479,23.80157332483163,787.2962731944315,True,
6,10.0,28.0,58.00400711558762,270.6853665394089,422.3355269213965,0.3073413852444539,0.0570264981048733,21.04295435659602,696.0480853870515,True,
2,10.0,30.0,44.82914575382934,672.4371863074401,422.3355269213965,0.39592826618066296,0.13222099588461886,48.78995684193936,1613.8492471378563,False,battery 672.4 Wh > 422.3 Wh
3,10.0,30.0,48.06129531097023,480.6129531097022,422.3355269213965,0.3516348257125585,0.0945026904954042,34.87178537621566,1153.4710874632854,False,battery 480.6 Wh > 422.3 Wh
4,10.0,30.0,51.3550106514098,385.16257988557356,422.3355269213965,0.3294881054785062,0.07573433017530329,27.94620231064284,924.3901917253764,True,
5,10.0,30.0,54.67335230516885,328.0401138310131,422.3355269213965,0.3162000733380748,0.06450236754308479,23.80157332483163,787.2962731944315,True,
6,10.0,30.0,58.00400711558762,290.02003557793813,422.3355269213965,0.3073413852444539,0.0570264981048733,21.04295435659602,696.0480853870515,True,
2,10.0,32.0,44.82914575382934,717.2663320612694,422.3355269213965,0.39592826618066296,0.13222099588461886,48.78995684193936,1613.8492471378563,False,battery 717.3 Wh > 422.3 Wh
3,10.0,32.0,48.06129531097023,512.653816650349,422.3355269213965,0.3516348257125585,0.0945026904954042,34.87178537621566,1153.4710874632854,False,battery 512.7 Wh > 422.3 Wh
4,10.0,32.0,51.3550106514098,410.8400852112784,422.3355269213965,0.3294881054785062,0.07573433017530329,27.94620231064284,924.3901917253764,True,
5,10.0,32.0,54.67335230516885,349.90945475308064,422.3355269213965,0.3162000733380748,0.06450236754308479,23.80157332483163,787.2962731944315,True,
6,10.0,32.0,58.00400711558762,309.35470461646736,422.3355269213965,0.3073413852444539,0.0570264981048733,21.04295435659602,696.0480853870515,True,
2,10.0,34.0,44.82914575382934,762.0954778150989,422.3355269213965,0.39592826618066296,0.13222099588461886,48.78995684193936,1613.8492471378563,False,battery 762.1 Wh > 422.3 Wh
3,10.0,34.0,48.06129531097023,544.6946801909959,422.3355269213965,0.3516348257125585,0.0945026904954042,34.87178537621566,1153.4710874632854,False,battery 544.7 Wh > 422.3 Wh
4,10.0,34.0,51.3550106514098,436.51759053698333,422.3355269213965,0.3294881054785062,0.07573433017530329,27.94620231064284,924.3901917253764,False,battery 436.5 Wh > 422.3 Wh
5,10.0,34.0,54.67335230516885,371.7787956751482,422.3355269213965,0.3162000733380748,0.06450236754308479,23.80157332483163,787.2962731944315,True,
6,10.0,34.0,58.00400711558762,328.6893736549966,422.3355269213965,0.3073413852444539,0.0570264981048733,21.04295435659602,696.0480853870515,True,
2,10.0,36.0,44.82914575382934,806.9246235689282,422.3355269213965,0.39592826618066296,0.13222099588461886,48.78995684193936,1613.8492471378563,False,battery 806.9 Wh > 422.3 Wh
3,10.0,36.0,48.06129531097023,576.7355437316427,422.3355269213965,0.3516348257125585,0.0945026904954042,34.87178537621566,1153.4710874632854,False,battery 576.7 Wh > 422.3 Wh
4,10.0,36.0,51.3550106514098,462.1950958626882,422.3355269213965,0.3294881054785062,0.07573433017530329,27.94620231064284,924.3901917253764,False,battery 462.2 Wh > 422.3 Wh
5,10.0,36.0,54.67335230516885,393.64813659721574,422.3355269213965,0.3162000733380748,0.06450236754308479,23.80157332483163,787.2962731944315,True,
6,10.0,36.0,58.00400711558762,348.02404269352576,422.3355269213965,0.3073413852444539,0.0570264981048733,21.04295435659602,696.0480853870515,True,
2,10.0,38.0,44.82914575382934,851.7537693227575,422.3355269213965,0.39592826618066296,0.13222099588461886,48.78995684193936,1613.8492471378563,False,battery 851.8 Wh > 422.3 Wh
3,10.0,38.0,48.06129531097023,608.7764072722895,422.3355269213965,0.3516348257125585,0.0945026904954042,34.87178537621566,1153.4710874632854,False,battery 608.8 Wh > 422.3 Wh
4,10.0,38.0,51.3550106514098,487.8726011883931,422.3355269213965,0.3294881054785062,0.07573433017530329,27.94620231064284,924.3901917253764,False,battery 487.9 Wh > 422.3 Wh
5,10.0,38.0,54.67335230516885,415.51747751928326,422.3355269213965,0.3162000733380748,0.06450236754308479,23.80157332483163,787.2962731944315,True,
6,10.0,38.0,58.00400711558762,367.358711732055,422.3355269213965,0.3073413852444539,0.0570264981048733,21.04295435659602,696.0480853870515,True,
2,10.0,40.0,44.82914575382934,896.5829150765868,422.3355269213965,0.39592826618066296,0.13222099588461886,48.78995684193936,1613.8492471378563,False,battery 896.6 Wh > 422.3 Wh
3,10.0,40.0,48.06129531097023,640.8172708129364,422.3355269213965,0.3516348257125585,0.0945026904954042,34.87178537621566,1153.4710874632854,False,battery 640.8 Wh > 422.3 Wh
4,10.0,40.0,51.3550106514098,513.550106514098,422.3355269213965,0.3294881054785062,0.07573433017530329,27.94620231064284,924.3901917253764,False,battery 513.6 Wh > 422.3 Wh
5,10.0,40.0,54.67335230516885,437.38681844135084,422.3355269213965,0.3162000733380748,0.06450236754308479,23.80157332483163,787.2962731944315,False,battery 437.4 Wh > 422.3 Wh
6,10.0,40.0,58.00400711558762,386.69338077058416,422.3355269213965,0.3073413852444539,0.0570264981048733,21.04295435659602,696.0480853870515,True,
2,15.0,2.0,46.022137484719416,46.022137484719416,422.3355269213965,0.46236842688281965,0.13573965661499707,50.088353545337284,1656.7969494498989,True,
3,15.0,2.0,49.1003725836136,32.73358172240907,422.3355269213965,0.39592826618066296,0.09654582306730164,35.62570762085089,1178.4089420067264,True,
4,15.0,2.0,52.31713069492982,26.158565347464915,422.3355269213965,0.36270818582958453,0.07715318913609336,28.469765660007987,941.7083525087369,True,
5,15.0,2.0,55.58929801121485,22.235719204485942,422.3355269213965,0.34277613761893755,0.065582979287013,24.200322403950334,800.4858913614939,True,
6,15.0,2.0,58.88916992998429,19.629723309994763,422.3355269213965,0.3294881054785062,0.05789674376664468,21.364077700098605,706.6700391598115,True,
2,15.0,4.0,46.022137484719416,92.04427496943883,422.3355269213965,0.46236842688281965,0.13573965661499707,50.088353545337284,1656.7969494498989,True,
3,15.0,4.0,49.1003725836136,65.46716344481814,422.3355269213965,0.39592826618066296,0.09654582306730164,35.62570762085089,1178.4089420067264,True,
4,15.0,4.0,52.31713069492982,52.31713069492983,422.3355269213965,0.36270818582958453,0.07715318913609336,28.469765660007987,941.7083525087369,True,
5,15.0,4.0,55.58929801121485,44.471438408971885,422.3355269213965,0.34277613761893755,0.065582979287013,24.200322403950334,800.4858913614939,True,
6,15.0,4.0,58.88916992998429,39.259446619989525,422.3355269213965,0.3294881054785062,0.05789674376664468,21.364077700098605,706.6700391598115,True,
2,15.0,6.0,46.022137484719416,138.06641245415824,422.3355269213965,0.46236842688281965,0.13573965661499707,50.088353545337284,1656.7969494498989,True,
3,15.0,6.0,49.1003725836136,98.2007451672272,422.3355269213965,0.39592826618066296,0.09654582306730164,35.62570762085089,1178.4089420067264,True,
4,15.0,6.0,52.31713069492982,78.47569604239474,422.3355269213965,0.36270818582958453,0.07715318913609336,28.469765660007987,941.7083525087369,True,
5,15.0,6.0,55.58929801121485,66.70715761345782,422.3355269213965,0.34277613761893755,0.065582979287013,24.200322403950334,800.4858913614939,True,
6,15.0,6.0,58.88916992998429,58.8891699299843,422.3355269213965,0.3294881054785062,0.05789674376664468,21.364077700098605,706.6700391598115,True,
2,15.0,8.0,46.022137484719416,184.08854993887766,422.3355269213965,0.46236842688281965,0.13573965661499707,50.088353545337284,1656.7969494498989,True,
3,15.0,8.0,49.1003725836136,130.93432688963628,422.3355269213965,0.39592826618066296,0.09654582306730164,35.62570762085089,1178.4089420067264,True,
4,15.0,8.0,52.31713069492982,104.63426138985966,422.3355269213965,0.36270818582958453,0.07715318913609336,28.469765660007987,941.7083525087369,True,
5,15.0,8.0,55.58929801121485,88.94287681794377,422.3355269213965,0.34277613761893755,0.065582979287013,24.200322403950334,800.4858913614939,True,
6,15.0,8.0,58.88916992998429,78.51889323997905,422.3355269213965,0.3294881054785062,0.05789674376664468,21.364077700098605,706.6700391598115,True,
2,15.0,10.0,46.022137484719416,230.11068742359706,422.3355269213965,0.46236842688281965,0.13573965661499707,50.088353545337284,1656.7969494498989,True,
3,15.0,10.0,49.1003725836136,163.66790861204532,422.3355269213965,0.39592826618066296,0.09654582306730164,35.62570762085089,1178.4089420067264,True,
4,15.0,10.0,52.31713069492982,130.7928267373246,422.3355269213965,0.36270818582958453,0.07715318913609336,28.469765660007987,941.7083525087369,True,
5,15.0,10.0,55.58929801121485,111.1785960224297,422.3355269213965,0.34277613761893755,0.065582979287013,24.200322403950334,800.4858913614939,True,
6,15.0,10.0,58.88916992998429,98.14861654997381,422.3355269213965,0.3294881054785062,0.05789674376664468,21.364077700098605,706.6700391598115,True,
2,15.0,12.0,46.022137484719416,276.1328249083165,422.3355269213965,0.46236842688281965,0.13573965661499707,50.088353545337284,1656.7969494498989,True,
3,15.0,12.0,49.1003725836136,196.4014903344544,422.3355269213965,0.39592826618066296,0.09654582306730164,35.62570762085089,1178.4089420067264,True,
4,15.0,12.0,52.31713069492982,156.9513920847895,422.3355269213965,0.36270818582958453,0.07715318913609336,28.469765660007987,941.7083525087369,True,
5,15.0,12.0,55.58929801121485,133.41431522691565,422.3355269213965,0.34277613761893755,0.065582979287013,24.200322403950334,800.4858913614939,True,
6,15.0,12.0,58.88916992998429,117.7783398599686,422.3355269213965,0.3294881054785062,0.05789674376664468,21.364077700098605,706.6700391598115,True,
2,15.0,14.0,46.022137484719416,322.15496239303593,422.3355269213965,0.46236842688281965,0.13573965661499707,50.088353545337284,1656.7969494498989,True,
3,15.0,14.0,49.1003725836136,229.1350720568635,422.3355269213965,0.39592826618066296,0.09654582306730164,35.62570762085089,1178.4089420067264,True,
4,15.0,14.0,52.31713069492982,183.1099574322544,422.3355269213965,0.36270818582958453,0.07715318913609336,28.469765660007987,941.7083525087369,True,
5,15.0,14.0,55.58929801121485,155.6500344314016,422.3355269213965,0.34277613761893755,0.065582979287013,24.200322403950334,800.4858913614939,True,
6,15.0,14.0,58.88916992998429,137.40806316996336,422.3355269213965,0.3294881054785062,0.05789674376664468,21.364077700098605,706.6700391598115,True,
2,15.0,16.0,46.022137484719416,368.1770998777553,422.3355269213965,0.46236842688281965,0.13573965661499707,50.088353545337284,1656.7969494498989,True,
3,15.0,16.0,49.1003725836136,261.86865377927256,422.3355269213965,0.39592826618066296,0.09654582306730164,35.62570762085089,1178.4089420067264,True,
4,15.0,16.0,52.31713069492982,209.26852277971932,422.3355269213965,0.36270818582958453,0.07715318913609336,28.469765660007987,941.7083525087369,True,
5,15.0,16.0,55.58929801121485,177.88575363588754,422.3355269213965,0.34277613761893755,0.065582979287013,24.200322403950334,800.4858913614939,True,
6,15.0,16.0,58.88916992998429,157.0377864799581,422.3355269213965,0.3294881054785062,0.05789674376664468,21.364077700098605,706.6700391598115,True,
2,15.0,18.0,46.022137484719416,414.1992373624747,422.3355269213965,0.46236842688281965,0.13573965661499707,50.088353545337284,1656.7969494498989,True,
3,15.0,18.0,49.1003725836136,294.6022355016816,422.3355269213965,0.39592826618066296,0.09654582306730164,35.62570762085089,1178.4089420067264,True,
4,15.0,18.0,52.31713069492982,235.42708812718425,422.3355269213965,0.36270818582958453,0.07715318913609336,28.469765660007987,941.7083525087369,True,
5,15.0,18.0,55.58929801121485,200.12147284037349,422.3355269213965,0.34277613761893755,0.065582979287013,24.200322403950334,800.4858913614939,True,
6,15.0,18.0,58.88916992998429,176.66750978995287,422.3355269213965,0.3294881054785062,0.05789674376664468,21.364077700098605,706.6700391598115,True,
2,15.0,20.0,46.022137484719416,460.2213748471941,422.3355269213965,0.46236842688281965,0.13573965661499707,50.088353545337284,1656.7969494498989,False,battery 460.2 Wh > 422.3 Wh
3,15.0,20.0,49.1003725836136,327.33581722409065,422.3355269213965,0.39592826618066296,0.09654582306730164,35.62570762085089,1178.4089420067264,True,
4,15.0,20.0,52.31713069492982,261.5856534746492,422.3355269213965,0.36270818582958453,0.07715318913609336,28.469765660007987,941.7083525087369,True,
5,15.0,20.0,55.58929801121485,222.3571920448594,422.3355269213965,0.34277613761893755,0.065582979287013,24.200322403950334,800.4858913614939,True,
6,15.0,20.0,58.88916992998429,196.29723309994762,422.3355269213965,0.3294881054785062,0.05789674376664468,21.364077700098605,706.6700391598115,True,
2,15.0,22.0,46.022137484719416,506.24351233191356,422.3355269213965,0.46236842688281965,0.13573965661499707,50.088353545337284,1656.7969494498989,False,battery 506.2 Wh > 422.3 Wh
3,15.0,22.0,49.1003725836136,360.06939894649975,422.3355269213965,0.39592826618066296,0.09654582306730164,35.62570762085089,1178.4089420067264,True,
4,15.0,22.0,52.31713069492982,287.7442188221141,422.3355269213965,0.36270818582958453,0.07715318913609336,28.469765660007987,941.7083525087369,True,
5,15.0,22.0,55.58929801121485,244.59291124934538,422.3355269213965,0.34277613761893755,0.065582979287013,24.200322403950334,800.4858913614939,True,
6,15.0,22.0,58.88916992998429,215.92695640994242,422.3355269213965,0.3294881054785062,0.05789674376664468,21.364077700098605,706.6700391598115,True,
2,15.0,24.0,46.022137484719416,552.265649816633,422.3355269213965,0.46236842688281965,0.13573965661499707,50.088353545337284,1656.7969494498989,False,battery 552.3 Wh > 422.3 Wh
3,15.0,24.0,49.1003725836136,392.8029806689088,422.3355269213965,0.39592826618066296,0.09654582306730164,35.62570762085089,1178.4089420067264,True,
4,15.0,24.0,52.31713069492982,313.902784169579,422.3355269213965,0.36270818582958453,0.07715318913609336,28.469765660007987,941.7083525087369,True,
5,15.0,24.0,55.58929801121485,266.8286304538313,422.3355269213965,0.34277613761893755,0.065582979287013,24.200322403950334,800.4858913614939,True,
6,15.0,24.0,58.88916992998429,235.5566797199372,422.3355269213965,0.3294881054785062,0.05789674376664468,21.364077700098605,706.6700391598115,True,
2,15.0,26.0,46.022137484719416,598.2877873013523,422.3355269213965,0.46236842688281965,0.13573965661499707,50.088353545337284,1656.7969494498989,False,battery 598.3 Wh > 422.3 Wh
3,15.0,26.0,49.1003725836136,425.5365623913179,422.3355269213965,0.39592826618066296,0.09654582306730164,35.62570762085089,1178.4089420067264,False,battery 425.5 Wh > 422.3 Wh
4,15.0,26.0,52.31713069492982,340.0613495170439,422.3355269213965,0.36270818582958453,0.07715318913609336,28.469765660007987,941.7083525087369,True,
5,15.0,26.0,55.58929801121485,289.06434965831727,422.3355269213965,0.34277613761893755,0.065582979287013,24.200322403950334,800.4858913614939,True,
6,15.0,26.0,58.88916992998429,255.1864030299319,422.3355269213965,0.3294881054785062,0.05789674376664468,21.364077700098605,706.6700391598115,True,
2,15.0,28.0,46.022137484719416,644.3099247860719,422.3355269213965,0.46236842688281965,0.13573965661499707,50.088353545337284,1656.7969494498989,False,battery 644.3 Wh > 422.3 Wh
3,15.0,28.0,49.1003725836136,458.270144113727,422.3355269213965,0.39592826618066296,0.09654582306730164,35.62570762085089,1178.4089420067264,False,battery 458.3 Wh > 422.3 Wh
4,15.0,28.0,52.31713069492982,366.2199148645088,422.3355269213965,0.36270818582958453,0.07715318913609336,28.469765660007987,941.7083525087369,True,
5,15.0,28.0,55.58929801121485,311.3000688628032,422.3355269213965,0.34277613761893755,0.065582979287013,24.200322403950334,800.4858913614939,True,
6,15.0,28.0,58.88916992998429,274.8161263399267,422.3355269213965,0.3294881054785062,0.05789674376664468,21.364077700098605,706.6700391598115,True,
2,15.0,30.0,46.022137484719416,690.3320622707912,422.3355269213965,0.46236842688281965,0.13573965661499707,50.088353545337284,1656.7969494498989,False,battery 690.3 Wh > 422.3 Wh
3,15.0,30.0,49.1003725836136,491.00372583613597,422.3355269213965,0.39592826618066296,0.09654582306730164,35.62570762085089,1178.4089420067264,False,battery 491.0 Wh > 422.3 Wh
4,15.0,30.0,52.31713069492982,392.3784802119737,422.3355269213965,0.36270818582958453,0.07715318913609336,28.469765660007987,941.7083525087369,True,
5,15.0,30.0,55.58929801121485,333.53578806728916,422.3355269213965,0.34277613761893755,0.065582979287013,24.200322403950334,800.4858913614939,True,
6,15.0,30.0,58.88916992998429,294.44584964992146,422.3355269213965,0.3294881054785062,0.05789674376664468,21.364077700098605,706.6700391598115,True,
2,15.0,32.0,46.022137484719416,736.3541997555106,422.3355269213965,0.46236842688281965,0.13573965661499707,50.088353545337284,1656.7969494498989,False,battery 736.4 Wh > 422.3 Wh
3,15.0,32.0,49.1003725836136,523.7373075585451,422.3355269213965,0.39592826618066296,0.09654582306730164,35.62570762085089,1178.4089420067264,False,battery 523.7 Wh > 422.3 Wh
4,15.0,32.0,52.31713069492982,418.53704555943864,422.3355269213965,0.36270818582958453,0.07715318913609336,28.469765660007987,941.7083525087369,True,
5,15.0,32.0,55.58929801121485,355.7715072717751,422.3355269213965,0.34277613761893755,0.065582979287013,24.200322403950334,800.4858913614939,True,
6,15.0,32.0,58.88916992998429,314.0755729599162,422.3355269213965,0.3294881054785062,0.05789674376664468,21.364077700098605,706.6700391598115,True,
2,15.0,34.0,46.022137484719416,782.37633724023,422.3355269213965,0.46236842688281965,0.13573965661499707,50.088353545337284,1656.7969494498989,False,battery 782.4 Wh > 422.3 Wh
3,15.0,34.0,49.1003725836136,556.4708892809542,422.3355269213965,0.39592826618066296,0.09654582306730164,35.62570762085089,1178.4089420067264,False,battery 556.5 Wh > 422.3 Wh
4,15.0,34.0,52.31713069492982,444.69561090690354,422.3355269213965,0.36270818582958453,0.07715318913609336,28.469765660007987,941.7083525087369,False,battery 444.7 Wh > 422.3 Wh
5,15.0,34.0,55.58929801121485,378.00722647626105,422.3355269213965,0.34277613761893755,0.065582979287013,24.200322403950334,800.4858913614939,True,
6,15.0,34.0,58.88916992998429,333.705296269911,422.3355269213965,0.3294881054785062,0.05789674376664468,21.364077700098605,706.6700391598115,True,
2,15.0,36.0,46.022137484719416,828.3984747249494,422.3355269213965,0.46236842688281965,0.13573965661499707,50.088353545337284,1656.7969494498989,False,battery 828.4 Wh > 422.3 Wh
3,15.0,36.0,49.1003725836136,589.2044710033632,422.3355269213965,0.39592826618066296,0.09654582306730164,35.62570762085089,1178.4089420067264,False,battery 589.2 Wh > 422.3 Wh
4,15.0,36.0,52.31713069492982,470.8541762543685,422.3355269213965,0.36270818582958453,0.07715318913609336,28.469765660007987,941.7083525087369,False,battery 470.9 Wh > 422.3 Wh
5,15.0,36.0,55.58929801121485,400.24294568074697,422.3355269213965,0.34277613761893755,0.065582979287013,24.200322403950334,800.4858913614939,True,
6,15.0,36.0,58.88916992998429,353.33501957990575,422.3355269213965,0.3294881054785062,0.05789674376664468,21.364077700098605,706.6700391598115,True,
2,15.0,38.0,46.022137484719416,874.4206122096689,422.3355269213965,0.46236842688281965,0.13573965661499707,50.088353545337284,1656.7969494498989,False,battery 874.4 Wh > 422.3 Wh
3,15.0,38.0,49.1003725836136,621.9380527257723,422.3355269213965,0.39592826618066296,0.09654582306730164,35.62570762085089,1178.4089420067264,False,battery 621.9 Wh > 422.3 Wh
4,15.0,38.0,52.31713069492982,497.01274160183334,422.3355269213965,0.36270818582958453,0.07715318913609336,28.469765660007987,941.7083525087369,False,battery 497.0 Wh > 422.3 Wh
5,15.0,38.0,55.58929801121485,422.4786648852329,422.3355269213965,0.34277613761893755,0.065582979287013,24.200322403950334,800.4858913614939,False,battery 422.5 Wh > 422.3 Wh
6,15.0,38.0,58.88916992998429,372.96474288990055,422.3355269213965,0.3294881054785062,0.05789674376664468,21.364077700098605,706.6700391598115,True,
2,15.0,40.0,46.022137484719416,920.4427496943882,422.3355269213965,0.46236842688281965,0.13573965661499707,50.088353545337284,1656.7969494498989,False,battery 920.4 Wh > 422.3 Wh
3,15.0,40.0,49.1003725836136,654.6716344481813,422.3355269213965,0.39592826618066296,0.09654582306730164,35.62570762085089,1178.4089420067264,False,battery 654.7 Wh > 422.3 Wh
4,15.0,40.0,52.31713069492982,523.1713069492984,422.3355269213965,0.36270818582958453,0.07715318913609336,28.469765660007987,941.7083525087369,False,battery 523.2 Wh > 422.3 Wh
5,15.0,40.0,55.58929801121485,444.7143840897188,422.3355269213965,0.34277613761893755,0.065582979287013,24.200322403950334,800.4858913614939,False,battery 444.7 Wh > 422.3 Wh
6,15.0,40.0,58.88916992998429,392.59446619989524,422.3355269213965,0.3294881054785062,0.05789674376664468,21.364077700098605,706.6700391598115,True,
2,20.0,2.0,47.39982656550552,47.39982656550552,422.3355269213965,0.5288085875849764,0.13980307159241373,51.58776625246931,1706.3937563581987,True,
3,20.0,2.0,50.262581422854325,33.50838761523623,422.3355269213965,0.4402217066487675,0.09883106863788285,36.46897031159016,1206.3019541485041,True,
4,20.0,2.0,53.37159941339787,26.685799706698937,422.3355269213965,0.39592826618066296,0.07870823665864304,29.043583010306662,960.6887894411617,True,
5,20.0,2.0,56.57912265721928,22.631649062887718,422.3355269213965,0.3693522018998002,0.06675075171046736,24.631234043666502,814.7393662639578,True,
6,20.0,2.0,59.83589852767964,19.945299509226547,422.3355269213965,0.3516348257125585,0.05882751767808699,21.7075361551272,718.0307823321557,True,
2,20.0,4.0,47.39982656550552,94.79965313101104,422.3355269213965,0.5288085875849764,0.13980307159241373,51.58776625246931,1706.3937563581987,True,
3,20.0,4.0,50.262581422854325,67.01677523047246,422.3355269213965,0.4402217066487675,0.09883106863788285,36.46897031159016,1206.3019541485041,True,
4,20.0,4.0,53.37159941339787,53.371599413397874,422.3355269213965,0.39592826618066296,0.07870823665864304,29.043583010306662,960.6887894411617,True,
5,20.0,4.0,56.57912265721928,45.263298125775435,422.3355269213965,0.3693522018998002,0.06675075171046736,24.631234043666502,814.7393662639578,True,
6,20.0,4.0,59.83589852767964,39.890599018453095,422.3355269213965,0.3516348257125585,0.05882751767808699,21.7075361551272,718.0307823321557,True,
2,20.0,6.0,47.39982656550552,142.19947969651656,422.3355269213965,0.5288085875849764,0.13980307159241373,51.58776625246931,1706.3937563581987,True,
3,20.0,6.0,50.262581422854325,100.52516284570868,422.3355269213965,0.4402217066487675,0.09883106863788285,36.46897031159016,1206.3019541485041,True,
4,20.0,6.0,53.37159941339787,80.0573991200968,422.3355269213965,0.39592826618066296,0.07870823665864304,29.043583010306662,960.6887894411617,True,
5,20.0,6.0,56.57912265721928,67.89494718866315,422.3355269213965,0.3693522018998002,0.06675075171046736,24.631234043666502,814.7393662639578,True,
6,20.0,6.0,59.83589852767964,59.83589852767964,422.3355269213965,0.3516348257125585,0.05882751767808699,21.7075361551272,718.0307823321557,True,
2,20.0,8.0,47.39982656550552,189.59930626202208,422.3355269213965,0.5288085875849764,0.13980307159241373,51.58776625246931,1706.3937563581987,True,
3,20.0,8.0,50.262581422854325,134.03355046094492,422.3355269213965,0.4402217066487675,0.09883106863788285,36.46897031159016,1206.3019541485041,True,
4,20.0,8.0,53.37159941339787,106.74319882679575,422.3355269213965,0.39592826618066296,0.07870823665864304,29.043583010306662,960.6887894411617,True,
5,20.0,8.0,56.57912265721928,90.52659625155087,422.3355269213965,0.3693522018998002,0.06675075171046736,24.631234043666502,814.7393662639578,True,
6,20.0,8.0,59.83589852767964,79.78119803690619,422.3355269213965,0.3516348257125585,0.05882751767808699,21.7075361551272,718.0307823321557,True,
2,20.0,10.0,47.39982656550552,236.9991328275276,422.3355269213965,0.5288085875849764,0.13980307159241373,51.58776625246931,1706.3937563581987,True,
3,20.0,10.0,50.262581422854325,167.54193807618114,422.3355269213965,0.4402217066487675,0.09883106863788285,36.46897031159016,1206.3019541485041,True,
4,20.0,10.0,53.37159941339787,133.4289985334947,422.3355269213965,0.39592826618066296,0.07870823665864304,29.043583010306662,960.6887894411617,True,
5,20.0,10.0,56.57912265721928,113.15824531443859,422.3355269213965,0.3693522018998002,0.06675075171046736,24.631234043666502,814.7393662639578,True,
6,20.0,10.0,59.83589852767964,99.72649754613273,422.3355269213965,0.3516348257125585,0.05882751767808699,21.7075361551272,718.0307823321557,True,
2,20.0,12.0,47.39982656550552,284.3989593930331,422.3355269213965,0.5288085875849764,0.13980307159241373,51.58776625246931,1706.3937563581987,True,
3,20.0,12.0,50.262581422854325,201.05032569141736,422.3355269213965,0.4402217066487675,0.09883106863788285,36.46897031159016,1206.3019541485041,True,
4,20.0,12.0,53.37159941339787,160.1147982401936,422.3355269213965,0.39592826618066296,0.07870823665864304,29.043583010306662,960.6887894411617,True,
5,20.0,12.0,56.57912265721928,135.7898943773263,422.3355269213965,0.3693522018998002,0.06675075171046736,24.631234043666502,814.7393662639578,True,
6,20.0,12.0,59.83589852767964,119.67179705535928,422.3355269213965,0.3516348257125585,0.05882751767808699,21.7075361551272,718.0307823321557,True,
2,20.0,14.0,47.39982656550552,331.79878595853864,422.3355269213965,0.5288085875849764,0.13980307159241373,51.58776625246931,1706.3937563581987,True,
3,20.0,14.0,50.262581422854325,234.55871330665357,422.3355269213965,0.4402217066487675,0.09883106863788285,36.46897031159016,1206.3019541485041,True,
4,20.0,14.0,53.37159941339787,186.80059794689254,422.3355269213965,0.39592826618066296,0.07870823665864304,29.043583010306662,960.6887894411617,True,
5,20.0,14.0,56.57912265721928,158.421543440214,422.3355269213965,0.3693522018998002,0.06675075171046736,24.631234043666502,814.7393662639578,True,
6,20.0,14.0,59.83589852767964,139.61709656458584,422.3355269213965,0.3516348257125585,0.05882751767808699,21.7075361551272,718.0307823321557,True,
2,20.0,16.0,47.39982656550552,379.19861252404417,422.3355269213965,0.5288085875849764,0.13980307159241373,51.58776625246931,1706.3937563581987,True,
3,20.0,16.0,50.262581422854325,268.06710092188985,422.3355269213965,0.4402217066487675,0.09883106863788285,36.46897031159016,1206.3019541485041,True,
4,20.0,16.0,53.37159941339787,213.4863976535915,422.3355269213965,0.39592826618066296,0.07870823665864304,29.043583010306662,960.6887894411617,True,
5,20.0,16.0,56.57912265721928,181.05319250310174,422.3355269213965,0.3693522018998002,0.06675075171046736,24.631234043666502,814.7393662639578,True,
6,20.0,16.0,59.83589852767964,159.56239607381238,422.3355269213965,0.3516348257125585,0.05882751767808699,21.7075361551272,718.0307823321557,True,
2,20.0,18.0,47.39982656550552,426.5984390895497,422.3355269213965,0.5288085875849764,0.13980307159241373,51.58776625246931,1706.3937563581987,False,battery 426.6 Wh > 422.3 Wh
3,20.0,18.0,50.262581422854325,301.57548853712603,422.3355269213965,0.4402217066487675,0.09883106863788285,36.46897031159016,1206.3019541485041,True,
4,20.0,18.0,53.37159941339787,240.17219736029043,422.3355269213965,0.39592826618066296,0.07870823665864304,29.043583010306662,960.6887894411617,True,
5,20.0,18.0,56.57912265721928,203.68484156598944,422.3355269213965,0.3693522018998002,0.06675075171046736,24.631234043666502,814.7393662639578,True,
6,20.0,18.0,59.83589852767964,179.50769558303892,422.3355269213965,0.3516348257125585,0.05882751767808699,21.7075361551272,718.0307823321557,True,
2,20.0,20.0,47.39982656550552,473.9982656550552,422.3355269213965,0.5288085875849764,0.13980307159241373,51.58776625246931,1706.3937563581987,False,battery 474.0 Wh > 422.3 Wh
3,20.0,20.0,50.262581422854325,335.0838761523623,422.3355269213965,0.4402217066487675,0.09883106863788285,36.46897031159016,1206.3019541485041,True,
4,20.0,20.0,53.37159941339787,266.8579970669894,422.3355269213965,0.39592826618066296,0.07870823665864304,29.043583010306662,960.6887894411617,True,
5,20.0,20.0,56.57912265721928,226.31649062887718,422.3355269213965,0.3693522018998002,0.06675075171046736,24.631234043666502,814.7393662639578,True,
6,20.0,20.0,59.83589852767964,199.45299509226547,422.3355269213965,0.3516348257125585,0.05882751767808699,21.7075361551272,718.0307823321557,True,
2,20.0,22.0,47.39982656550552,521.3980922205608,422.3355269213965,0.5288085875849764,0.13980307159241373,51.58776625246931,1706.3937563581987,False,battery 521.4 Wh > 422.3 Wh
3,20.0,22.0,50.262581422854325,368.5922637675985,422.3355269213965,0.4402217066487675,0.09883106863788285,36.46897031159016,1206.3019541485041,True,
4,20.0,22.0,53.37159941339787,293.5437967736883,422.3355269213965,0.39592826618066296,0.07870823665864304,29.043583010306662,960.6887894411617,True,
5,20.0,22.0,56.57912265721928,248.94813969176485,422.3355269213965,0.3693522018998002,0.06675075171046736,24.631234043666502,814.7393662639578,True,
6,20.0,22.0,59.83589852767964,219.398294601492,422.3355269213965,0.3516348257125585,0.05882751767808699,21.7075361551272,718.0307823321557,True,
2,20.0,24.0,47.39982656550552,568.7979187860662,422.3355269213965,0.5288085875849764,0.13980307159241373,51.58776625246931,1706.3937563581987,False,battery 568.8 Wh > 422.3 Wh
3,20.0,24.0,50.262581422854325,402.1006513828347,422.3355269213965,0.4402217066487675,0.09883106863788285,36.46897031159016,1206.3019541485041,True,
4,20.0,24.0,53.37159941339787,320.2295964803872,422.3355269213965,0.39592826618066296,0.07870823665864304,29.043583010306662,960.6887894411617,True,
5,20.0,24.0,56.57912265721928,271.5797887546526,422.3355269213965,0.3693522018998002,0.06675075171046736,24.631234043666502,814.7393662639578,True,
6,20.0,24.0,59.83589852767964,239.34359411071856,422.3355269213965,0.3516348257125585,0.05882751767808699,21.7075361551272,718.0307823321557,True,
2,20.0,26.0,47.39982656550552,616.1977453515718,422.3355269213965,0.5288085875849764,0.13980307159241373,51.58776625246931,1706.3937563581987,False,battery 616.2 Wh > 422.3 Wh
3,20.0,26.0,50.262581422854325,435.60903899807096,422.3355269213965,0.4402217066487675,0.09883106863788285,36.46897031159016,1206.3019541485041,False,battery 435.6 Wh > 422.3 Wh
4,20.0,26.0,53.37159941339787,346.9153961870862,422.3355269213965,0.39592826618066296,0.07870823665864304,29.043583010306662,960.6887894411617,True,
5,20.0,26.0,56.57912265721928,294.21143781754034,422.3355269213965,0.3693522018998002,0.06675075171046736,24.631234043666502,814.7393662639578,True,
6,20.0,26.0,59.83589852767964,259.2888936199451,422.3355269213965,0.3516348257125585,0.05882751767808699,21.7075361551272,718.0307823321557,True,
2,20.0,28.0,47.39982656550552,663.5975719170773,422.3355269213965,0.5288085875849764,0.13980307159241373,51.58776625246931,1706.3937563581987,False,battery 663.6 Wh > 422.3 Wh
3,20.0,28.0,50.262581422854325,469.11742661330715,422.3355269213965,0.4402217066487675,0.09883106863788285,36.46897031159016,1206.3019541485041,False,battery 469.1 Wh > 422.3 Wh
4,20.0,28.0,53.37159941339787,373.6011958937851,422.3355269213965,0.39592826618066296,0.07870823665864304,29.043583010306662,960.6887894411617,True,
5,20.0,28.0,56.57912265721928,316.843086880428,422.3355269213965,0.3693522018998002,0.06675075171046736,24.631234043666502,814.7393662639578,True,
6,20.0,28.0,59.83589852767964,279.2341931291717,422.3355269213965,0.3516348257125585,0.05882751767808699,21.7075361551272,718.0307823321557,True,
2,20.0,30.0,47.39982656550552,710.9973984825829,422.3355269213965,0.5288085875849764,0.13980307159241373,51.58776625246931,1706.3937563581987,False,battery 711.0 Wh > 422.3 Wh
3,20.0,30.0,50.262581422854325,502.6258142285434,422.3355269213965,0.4402217066487675,0.09883106863788285,36.46897031159016,1206.3019541485041,False,battery 502.6 Wh > 422.3 Wh
4,20.0,30.0,53.37159941339787,400.28699560048403,422.3355269213965,0.39592826618066296,0.07870823665864304,29.043583010306662,960.6887894411617,True,
5,20.0,30.0,56.57912265721928,339.47473594331575,422.3355269213965,0.3693522018998002,0.06675075171046736,24.631234043666502,814.7393662639578,True,
6,20.0,30.0,59.83589852767964,299.17949263839824,422.3355269213965,0.3516348257125585,0.05882751767808699,21.7075361551272,718.0307823321557,True,
2,20.0,32.0,47.39982656550552,758.3972250480883,422.3355269213965,0.5288085875849764,0.13980307159241373,51.58776625246931,1706.3937563581987,False,battery 758.4 Wh > 422.3 Wh
3,20.0,32.0,50.262581422854325,536.1342018437797,422.3355269213965,0.4402217066487675,0.09883106863788285,36.46897031159016,1206.3019541485041,False,battery 536.1 Wh > 422.3 Wh
4,20.0,32.0,53.37159941339787,426.972795307183,422.3355269213965,0.39592826618066296,0.07870823665864304,29.043583010306662,960.6887894411617,False,battery 427.0 Wh > 422.3 Wh
5,20.0,32.0,56.57912265721928,362.1063850062035,422.3355269213965,0.3693522018998002,0.06675075171046736,24.631234043666502,814.7393662639578,True,
6,20.0,32.0,59.83589852767964,319.12479214762476,422.3355269213965,0.3516348257125585,0.05882751767808699,21.7075361551272,718.0307823321557,True,
2,20.0,34.0,47.39982656550552,805.7970516135939,422.3355269213965,0.5288085875849764,0.13980307159241373,51.58776625246931,1706.3937563581987,False,battery 805.8 Wh > 422.3 Wh
3,20.0,34.0,50.262581422854325,569.6425894590159,422.3355269213965,0.4402217066487675,0.09883106863788285,36.46897031159016,1206.3019541485041,False,battery 569.6 Wh > 422.3 Wh
4,20.0,34.0,53.37159941339787,453.65859501388195,422.3355269213965,0.39592826618066296,0.07870823665864304,29.043583010306662,960.6887894411617,False,battery 453.7 Wh > 422.3 Wh
5,20.0,34.0,56.57912265721928,384.7380340690912,422.3355269213965,0.3693522018998002,0.06675075171046736,24.631234043666502,814.7393662639578,True,
6,20.0,34.0,59.83589852767964,339.07009165685133,422.3355269213965,0.3516348257125585,0.05882751767808699,21.7075361551272,718.0307823321557,True,
2,20.0,36.0,47.39982656550552,853.1968781790994,422.3355269213965,0.5288085875849764,0.13980307159241373,51.58776625246931,1706.3937563581987,False,battery 853.2 Wh > 422.3 Wh
3,20.0,36.0,50.262581422854325,603.1509770742521,422.3355269213965,0.4402217066487675,0.09883106863788285,36.46897031159016,1206.3019541485041,False,battery 603.2 Wh > 422.3 Wh
4,20.0,36.0,53.37159941339787,480.34439472058085,422.3355269213965,0.39592826618066296,0.07870823665864304,29.043583010306662,960.6887894411617,False,battery 480.3 Wh > 422.3 Wh
5,20.0,36.0,56.57912265721928,407.3696831319789,422.3355269213965,0.3693522018998002,0.06675075171046736,24.631234043666502,814.7393662639578,True,
6,20.0,36.0,59.83589852767964,359.01539116607785,422.3355269213965,0.3516348257125585,0.05882751767808699,21.7075361551272,718.0307823321557,True,
2,20.0,38.0,47.39982656550552,900.596704744605,422.3355269213965,0.5288085875849764,0.13980307159241373,51.58776625246931,1706.3937563581987,False,battery 900.6 Wh > 422.3 Wh
3,20.0,38.0,50.262581422854325,636.6593646894883,422.3355269213965,0.4402217066487675,0.09883106863788285,36.46897031159016,1206.3019541485041,False,battery 636.7 Wh > 422.3 Wh
4,20.0,38.0,53.37159941339787,507.03019442727975,422.3355269213965,0.39592826618066296,0.07870823665864304,29.043583010306662,960.6887894411617,False,battery 507.0 Wh > 422.3 Wh
5,20.0,38.0,56.57912265721928,430.0013321948666,422.3355269213965,0.3693522018998002,0.06675075171046736,24.631234043666502,814.7393662639578,False,battery 430.0 Wh > 422.3 Wh
6,20.0,38.0,59.83589852767964,378.96069067530436,422.3355269213965,0.3516348257125585,0.05882751767808699,21.7075361551272,718.0307823321557,True,
2,20.0,40.0,47.39982656550552,947.9965313101104,422.3355269213965,0.5288085875849764,0.13980307159241373,51.58776625246931,1706.3937563581987,False,battery 948.0 Wh > 422.3 Wh
3,20.0,40.0,50.262581422854325,670.1677523047246,422.3355269213965,0.4402217066487675,0.09883106863788285,36.46897031159016,1206.3019541485041,False,battery 670.2 Wh > 422.3 Wh
4,20.0,40.0,53.37159941339787,533.7159941339788,422.3355269213965,0.39592826618066296,0.07870823665864304,29.043583010306662,960.6887894411617,False,battery 533.7 Wh > 422.3 Wh
5,20.0,40.0,56.57912265721928,452.63298125775435,422.3355269213965,0.3693522018998002,0.06675075171046736,24.631234043666502,814.7393662639578,False,battery 452.6 Wh > 422.3 Wh
6,20.0,40.0,59.83589852767964,398.90599018453094,422.3355269213965,0.3516348257125585,0.05882751767808699,21.7075361551272,718.0307823321557,True,
2,25.0,2.0,48.962212996187674,48.96221299618769,422.3355269213965,0.5952487482871333,0.14441124081686887,53.28819496333544,1762.6396678627566,True,
3,25.0,2.0,51.547921828692424,34.365281219128285,422.3355269213965,0.48451514711687194,0.1013584272071478,37.40157344843348,1237.1501238886183,True,
4,25.0,2.0,54.51841680681392,27.259208403406962,422.3355269213965,0.42914834653174133,0.08039947274295234,29.667654361538858,981.3315025226507,True,
5,25.0,2.0,57.64282624318212,23.05713049727285,422.3355269213965,0.39592826618066296,0.06800568481344788,25.09430824398012,830.0566979018226,True,
6,25.0,2.0,60.844192908673676,20.281397636224558,422.3355269213965,0.3737815459466108,0.059818819839200246,22.07332972168181,730.1303149040841,True,
2,25.0,4.0,48.962212996187674,97.92442599237538,422.3355269213965,0.5952487482871333,0.14441124081686887,53.28819496333544,1762.6396678627566,True,
3,25.0,4.0,51.547921828692424,68.73056243825657,422.3355269213965,0.48451514711687194,0.1013584272071478,37.40157344843348,1237.1501238886183,True,
4,25.0,4.0,54.51841680681392,54.518416806813924,422.3355269213965,0.42914834653174133,0.08039947274295234,29.667654361538858,981.3315025226507,True,
5,25.0,4.0,57.64282624318212,46.1142609945457,422.3355269213965,0.39592826618066296,0.06800568481344788,25.09430824398012,830.0566979018226,True,
6,25.0,4.0,60.844192908673676,40.562795272449115,422.3355269213965,0.3737815459466108,0.059818819839200246,22.07332972168181,730.1303149040841,True,
2,25.0,6.0,48.962212996187674,146.88663898856305,422.3355269213965,0.5952487482871333,0.14441124081686887,53.28819496333544,1762.6396678627566,True,
3,25.0,6.0,51.547921828692424,103.09584365738486,422.3355269213965,0.48451514711687194,0.1013584272071478,37.40157344843348,1237.1501238886183,True,
4,25.0,6.0,54.51841680681392,81.77762521022089,422.3355269213965,0.42914834653174133,0.08039947274295234,29.667654361538858,981.3315025226507,True,
5,25.0,6.0,57.64282624318212,69.17139149181855,422.3355269213965,0.39592826618066296,0.06800568481344788,25.09430824398012,830.0566979018226,True,
6,25.0,6.0,60.844192908673676,60.844192908673676,422.3355269213965,0.3737815459466108,0.059818819839200246,22.07332972168181,730.1303149040841,True,
2,25.0,8.0,48.962212996187674,195.84885198475075,422.3355269213965,0.5952487482871333,0.14441124081686887,53.28819496333544,1762.6396678627566,True,
3,25.0,8.0,51.547921828692424,137.46112487651314,422.3355269213965,0.48451514711687194,0.1013584272071478,37.40157344843348,1237.1501238886183,True,
4,25.0,8.0,54.51841680681392,109.03683361362785,422.3355269213965,0.42914834653174133,0.08039947274295234,29.667654361538858,981.3315025226507,True,
5,25.0,8.0,57.64282624318212,92.2285219890914,422.3355269213965,0.39592826618066296,0.06800568481344788,25.09430824398012,830.0566979018226,True,
6,25.0,8.0,60.844192908673676,81.12559054489823,422.3355269213965,0.3737815459466108,0.059818819839200246,22.07332972168181,730.1303149040841,True,
2,25.0,10.0,48.962212996187674,244.8110649809384,422.3355269213965,0.5952487482871333,0.14441124081686887,53.28819496333544,1762.6396678627566,True,
3,25.0,10.0,51.547921828692424,171.82640609564143,422.3355269213965,0.48451514711687194,0.1013584272071478,37.40157344843348,1237.1501238886183,True,
4,25.0,10.0,54.51841680681392,136.29604201703484,422.3355269213965,0.42914834653174133,0.08039947274295234,29.667654361538858,981.3315025226507,True,
5,25.0,10.0,57.64282624318212,115.28565248636426,422.3355269213965,0.39592826618066296,0.06800568481344788,25.09430824398012,830.0566979018226,True,
6,25.0,10.0,60.844192908673676,101.4069881811228,422.3355269213965,0.3737815459466108,0.059818819839200246,22.07332972168181,730.1303149040841,True,
2,25.0,12.0,48.962212996187674,293.7732779771261,422.3355269213965,0.5952487482871333,0.14441124081686887,53.28819496333544,1762.6396678627566,True,
3,25.0,12.0,51.547921828692424,206.19168731476972,422.3355269213965,0.48451514711687194,0.1013584272071478,37.40157344843348,1237.1501238886183,True,
4,25.0,12.0,54.51841680681392,163.55525042044178,422.3355269213965,0.42914834653174133,0.08039947274295234,29.667654361538858,981.3315025226507,True,
5,25.0,12.0,57.64282624318212,138.3427829836371,422.3355269213965,0.39592826618066296,0.06800568481344788,25.09430824398012,830.0566979018226,True,
6,25.0,12.0,60.844192908673676,121.68838581734735,422.3355269213965,0.3737815459466108,0.059818819839200246,22.07332972168181,730.1303149040841,True,
2,25.0,14.0,48.962212996187674,342.7354909733138,422.3355269213965,0.5952487482871333,0.14441124081686887,53.28819496333544,1762.6396678627566,True,
3,25.0,14.0,51.547921828692424,240.556968533898,422.3355269213965,0.48451514711687194,0.1013584272071478,37.40157344843348,1237.1501238886183,True,
4,25.0,14.0,54.51841680681392,190.81445882384875,422.3355269213965,0.42914834653174133,0.08039947274295234,29.667654361538858,981.3315025226507,True,
5,25.0,14.0,57.64282624318212,161.39991348090996,422.3355269213965,0.39592826618066296,0.06800568481344788,25.09430824398012,830.0566979018226,True,
6,25.0,14.0,60.844192908673676,141.96978345357192,422.3355269213965,0.3737815459466108,0.059818819839200246,22.07332972168181,730.1303149040841,True,
2,25.0,16.0,48.962212996187674,391.6977039695015,422.3355269213965,0.5952487482871333,0.14441124081686887,53.28819496333544,1762.6396678627566,True,
3,25.0,16.0,51.547921828692424,274.9222497530263,422.3355269213965,0.48451514711687194,0.1013584272071478,37.40157344843348,1237.1501238886183,True,
4,25.0,16.0,54.51841680681392,218.0736672272557,422.3355269213965,0.42914834653174133,0.08039947274295234,29.667654361538858,981.3315025226507,True,
5,25.0,16.0,57.64282624318212,184.4570439781828,422.3355269213965,0.39592826618066296,0.06800568481344788,25.09430824398012,830.0566979018226,True,
6,25.0,16.0,60.844192908673676,162.25118108979646,422.3355269213965,0.3737815459466108,0.059818819839200246,22.07332972168181,730.1303149040841,True,
2,25.0,18.0,48.962212996187674,440.65991696568915,422.3355269213965,0.5952487482871333,0.14441124081686887,53.28819496333544,1762.6396678627566,False,battery 440.7 Wh > 422.3 Wh
3,25.0,18.0,51.547921828692424,309.28753097215457,422.3355269213965,0.48451514711687194,0.1013584272071478,37.40157344843348,1237.1501238886183,True,
4,25.0,18.0,54.51841680681392,245.33287563066267,422.3355269213965,0.42914834653174133,0.08039947274295234,29.667654361538858,981.3315025226507,True,
5,25.0,18.0,57.64282624318212,207.51417447545566,422.3355269213965,0.39592826618066296,0.06800568481344788,25.09430824398012,830.0566979018226,True,
6,25.0,18.0,60.844192908673676,182.53257872602103,422.3355269213965,0.3737815459466108,0.059818819839200246,22.07332972168181,730.1303149040841,True,
2,25.0,20.0,48.962212996187674,489.6221299618768,422.3355269213965,0.5952487482871333,0.14441124081686887,53.28819496333544,1762.6396678627566,False,battery 489.6 Wh > 422.3 Wh
3,25.0,20.0,51.547921828692424,343.65281219128286,422.3355269213965,0.48451514711687194,0.1013584272071478,37.40157344843348,1237.1501238886183,True,
4,25.0,20.0,54.51841680681392,272.59208403406967,422.3355269213965,0.42914834653174133,0.08039947274295234,29.667654361538858,981.3315025226507,True,
5,25.0,20.0,57.64282624318212,230.5713049727285,422.3355269213965,0.39592826618066296,0.06800568481344788,25.09430824398012,830.0566979018226,True,
6,25.0,20.0,60.844192908673676,202.8139763622456,422.3355269213965,0.3737815459466108,0.059818819839200246,22.07332972168181,730.1303149040841,True,
2,25.0,22.0,48.962212996187674,538.5843429580646,422.3355269213965,0.5952487482871333,0.14441124081686887,53.28819496333544,1762.6396678627566,False,battery 538.6 Wh > 422.3 Wh
3,25.0,22.0,51.547921828692424,378.0180934104111,422.3355269213965,0.48451514711687194,0.1013584272071478,37.40157344843348,1237.1501238886183,True,
4,25.0,22.0,54.51841680681392,299.85129243747656,422.3355269213965,0.42914834653174133,0.08039947274295234,29.667654361538858,981.3315025226507,True,
5,25.0,22.0,57.64282624318212,253.62843547000136,422.3355269213965,0.39592826618066296,0.06800568481344788,25.09430824398012,830.0566979018226,True,
6,25.0,22.0,60.844192908673676,223.09537399847014,422.3355269213965,0.3737815459466108,0.059818819839200246,22.07332972168181,730.1303149040841,True,
2,25.0,24.0,48.962212996187674,587.5465559542522,422.3355269213965,0.5952487482871333,0.14441124081686887,53.28819496333544,1762.6396678627566,False,battery 587.5 Wh > 422.3 Wh
3,25.0,24.0,51.547921828692424,412.38337462953945,422.3355269213965,0.48451514711687194,0.1013584272071478,37.40157344843348,1237.1501238886183,True,
4,25.0,24.0,54.51841680681392,327.11050084088356,422.3355269213965,0.42914834653174133,0.08039947274295234,29.667654361538858,981.3315025226507,True,
5,25.0,24.0,57.64282624318212,276.6855659672742,422.3355269213965,0.39592826618066296,0.06800568481344788,25.09430824398012,830.0566979018226,True,
6,25.0,24.0,60.844192908673676,243.3767716346947,422.3355269213965,0.3737815459466108,0.059818819839200246,22.07332972168181,730.1303149040841,True,
2,25.0,26.0,48.962212996187674,636.5087689504398,422.3355269213965,0.5952487482871333,0.14441124081686887,53.28819496333544,1762.6396678627566,False,battery 636.5 Wh > 422.3 Wh
3,25.0,26.0,51.547921828692424,446.7486558486677,422.3355269213965,0.48451514711687194,0.1013584272071478,37.40157344843348,1237.1501238886183,False,battery 446.7 Wh > 422.3 Wh
4,25.0,26.0,54.51841680681392,354.3697092442905,422.3355269213965,0.42914834653174133,0.08039947274295234,29.667654361538858,981.3315025226507,True,
5,25.0,26.0,57.64282624318212,299.74269646454707,422.3355269213965,0.39592826618066296,0.06800568481344788,25.09430824398012,830.0566979018226,True,
6,25.0,26.0,60.844192908673676,263.6581692709193,422.3355269213965,0.3737815459466108,0.059818819839200246,22.07332972168181,730.1303149040841,True,
2,25.0,28.0,48.962212996187674,685.4709819466276,422.3355269213965,0.5952487482871333,0.14441124081686887,53.28819496333544,1762.6396678627566,False,battery 685.5 Wh > 422.3 Wh
3,25.0,28.0,51.547921828692424,481.113937067796,422.3355269213965,0.48451514711687194,0.1013584272071478,37.40157344843348,1237.1501238886183,False,battery 481.1 Wh > 422.3 Wh
4,25.0,28.0,54.51841680681392,381.6289176476975,422.3355269213965,0.42914834653174133,0.08039947274295234,29.667654361538858,981.3315025226507,True,
5,25.0,28.0,57.64282624318212,322.7998269618199,422.3355269213965,0.39592826618066296,0.06800568481344788,25.09430824398012,830.0566979018226,True,
6,25.0,28.0,60.844192908673676,283.93956690714384,422.3355269213965,0.3737815459466108,0.059818819839200246,22.07332972168181,730.1303149040841,True,
2,25.0,30.0,48.962212996187674,734.4331949428152,422.3355269213965,0.5952487482871333,0.14441124081686887,53.28819496333544,1762.6396678627566,False,battery 734.4 Wh > 422.3 Wh
3,25.0,30.0,51.547921828692424,515.4792182869243,422.3355269213965,0.48451514711687194,0.1013584272071478,37.40157344843348,1237.1501238886183,False,battery 515.5 Wh > 422.3 Wh
4,25.0,30.0,54.51841680681392,408.88812605110445,422.3355269213965,0.42914834653174133,0.08039947274295234,29.667654361538858,981.3315025226507,True,
5,25.0,30.0,57.64282624318212,345.85695745909277,422.3355269213965,0.39592826618066296,0.06800568481344788,25.09430824398012,830.0566979018226,True,
6,25.0,30.0,60.844192908673676,304.2209645433684,422.3355269213965,0.3737815459466108,0.059818819839200246,22.07332972168181,730.1303149040841,True,
2,25.0,32.0,48.962212996187674,783.395407939003,422.3355269213965,0.5952487482871333,0.14441124081686887,53.28819496333544,1762.6396678627566,False,battery 783.4 Wh > 422.3 Wh
3,25.0,32.0,51.547921828692424,549.8444995060526,422.3355269213965,0.48451514711687194,0.1013584272071478,37.40157344843348,1237.1501238886183,False,battery 549.8 Wh > 422.3 Wh
4,25.0,32.0,54.51841680681392,436.1473344545114,422.3355269213965,0.42914834653174133,0.08039947274295234,29.667654361538858,981.3315025226507,False,battery 436.1 Wh > 422.3 Wh
5,25.0,32.0,57.64282624318212,368.9140879563656,422.3355269213965,0.39592826618066296,0.06800568481344788,25.09430824398012,830.0566979018226,True,
6,25.0,32.0,60.844192908673676,324.5023621795929,422.3355269213965,0.3737815459466108,0.059818819839200246,22.07332972168181,730.1303149040841,True,
2,25.0,34.0,48.962212996187674,832.3576209351905,422.3355269213965,0.5952487482871333,0.14441124081686887,53.28819496333544,1762.6396678627566,False,battery 832.4 Wh > 422.3 Wh
3,25.0,34.0,51.547921828692424,584.2097807251808,422.3355269213965,0.48451514711687194,0.1013584272071478,37.40157344843348,1237.1501238886183,False,battery 584.2 Wh > 422.3 Wh
4,25.0,34.0,54.51841680681392,463.4065428579184,422.3355269213965,0.42914834653174133,0.08039947274295234,29.667654361538858,981.3315025226507,False,battery 463.4 Wh > 422.3 Wh
5,25.0,34.0,57.64282624318212,391.97121845363847,422.3355269213965,0.39592826618066296,0.06800568481344788,25.09430824398012,830.0566979018226,True,
6,25.0,34.0,60.844192908673676,344.7837598158175,422.3355269213965,0.3737815459466108,0.059818819839200246,22.07332972168181,730.1303149040841,True,
2,25.0,36.0,48.962212996187674,881.3198339313783,422.3355269213965,0.5952487482871333,0.14441124081686887,53.28819496333544,1762.6396678627566,False,battery 881.3 Wh > 422.3 Wh
3,25.0,36.0,51.547921828692424,618.5750619443091,422.3355269213965,0.48451514711687194,0.1013584272071478,37.40157344843348,1237.1501238886183,False,battery 618.6 Wh > 422.3 Wh
4,25.0,36.0,54.51841680681392,490.66575126132534,422.3355269213965,0.42914834653174133,0.08039947274295234,29.667654361538858,981.3315025226507,False,battery 490.7 Wh > 422.3 Wh
5,25.0,36.0,57.64282624318212,415.0283489509113,422.3355269213965,0.39592826618066296,0.06800568481344788,25.09430824398012,830.0566979018226,True,
6,25.0,36.0,60.844192908673676,365.06515745204206,422.3355269213965,0.3737815459466108,0.059818819839200246,22.07332972168181,730.1303149040841,True,
2,25.0,38.0,48.962212996187674,930.2820469275661,422.3355269213965,0.5952487482871333,0.14441124081686887,53.28819496333544,1762.6396678627566,False,battery 930.3 Wh > 422.3 Wh
3,25.0,38.0,51.547921828692424,652.9403431634374,422.3355269213965,0.48451514711687194,0.1013584272071478,37.40157344843348,1237.1501238886183,False,battery 652.9 Wh > 422.3 Wh
4,25.0,38.0,54.51841680681392,517.9249596647323,422.3355269213965,0.42914834653174133,0.08039947274295234,29.667654361538858,981.3315025226507,False,battery 517.9 Wh > 422.3 Wh
5,25.0,38.0,57.64282624318212,438.0854794481842,422.3355269213965,0.39592826618066296,0.06800568481344788,25.09430824398012,830.0566979018226,False,battery 438.1 Wh > 422.3 Wh
6,25.0,38.0,60.844192908673676,385.34655508826665,422.3355269213965,0.3737815459466108,0.059818819839200246,22.07332972168181,730.1303149040841,True,
2,25.0,40.0,48.962212996187674,979.2442599237536,422.3355269213965,0.5952487482871333,0.14441124081686887,53.28819496333544,1762.6396678627566,False,battery 979.2 Wh > 422.3 Wh
3,25.0,40.0,51.547921828692424,687.3056243825657,422.3355269213965,0.48451514711687194,0.1013584272071478,37.40157344843348,1237.1501238886183,False,battery 687.3 Wh > 422.3 Wh
4,25.0,40.0,54.51841680681392,545.1841680681393,422.3355269213965,0.42914834653174133,0.08039947274295234,29.667654361538858,981.3315025226507,False,battery 545.2 Wh > 422.3 Wh
5,25.0,40.0,57.64282624318212,461.142609945457,422.3355269213965,0.39592826618066296,0.06800568481344788,25.09430824398012,830.0566979018226,False,battery 461.1 Wh > 422.3 Wh
6,25.0,40.0,60.844192908673676,405.6279527244912,422.3355269213965,0.3737815459466108,0.059818819839200246,22.07332972168181,730.1303149040841,True,
2,30.0,2.0,50.70929677676587,50.709296776765875,422.3355269213965,0.66168890898929,0.14956416428836244,55.18963967793567,1825.5346839635715,True,
3,30.0,2.0,52.95639380112788,35.304262534085254,422.3355269213965,0.5288085875849764,0.10412789877509653,38.42351703138085,1270.953451227069,True,
4,30.0,2.0,55.757582875178,27.878791437589005,422.3355269213965,0.46236842688281965,0.08222689738902125,30.341979713704585,1003.6364917532042,True,
5,30.0,2.0,58.78040876910338,23.512163507641354,422.3355269213965,0.42250433046152563,0.06934777859595455,25.5895450048912,846.4378862750888,True,
6,30.0,2.0,61.91405307296639,20.638017690988793,422.3355269213965,0.39592826618066296,0.060870650249984434,22.461458399762428,742.9686368755966,True,
2,30.0,4.0,50.70929677676587,101.41859355353175,422.3355269213965,0.66168890898929,0.14956416428836244,55.18963967793567,1825.5346839635715,True,
3,30.0,4.0,52.95639380112788,70.60852506817051,422.3355269213965,0.5288085875849764,0.10412789877509653,38.42351703138085,1270.953451227069,True,
4,30.0,4.0,55.757582875178,55.75758287517801,422.3355269213965,0.46236842688281965,0.08222689738902125,30.341979713704585,1003.6364917532042,True,
5,30.0,4.0,58.78040876910338,47.02432701528271,422.3355269213965,0.42250433046152563,0.06934777859595455,25.5895450048912,846.4378862750888,True,
6,30.0,4.0,61.91405307296639,41.276035381977586,422.3355269213965,0.39592826618066296,0.060870650249984434,22.461458399762428,742.9686368755966,True,
2,30.0,6.0,50.70929677676587,152.12789033029765,422.3355269213965,0.66168890898929,0.14956416428836244,55.18963967793567,1825.5346839635715,True,
3,30.0,6.0,52.95639380112788,105.91278760225576,422.3355269213965,0.5288085875849764,0.10412789877509653,38.42351703138085,1270.953451227069,True,
4,30.0,6.0,55.757582875178,83.636374312767,422.3355269213965,0.46236842688281965,0.08222689738902125,30.341979713704585,1003.6364917532042,True,
5,30.0,6.0,58.78040876910338,70.53649052292405,422.3355269213965,0.42250433046152563,0.06934777859595455,25.5895450048912,846.4378862750888,True,
6,30.0,6.0,61.91405307296639,61.91405307296639,422.3355269213965,0.39592826618066296,0.060870650249984434,22.461458399762428,742.9686368755966,True,
2,30.0,8.0,50.70929677676587,202.8371871070635,422.3355269213965,0.66168890898929,0.14956416428836244,55.18963967793567,1825.5346839635715,True,
3,30.0,8.0,52.95639380112788,141.21705013634102,422.3355269213965,0.5288085875849764,0.10412789877509653,38.42351703138085,1270.953451227069,True,
4,30.0,8.0,55.757582875178,111.51516575035602,422.3355269213965,0.46236842688281965,0.08222689738902125,30.341979713704585,1003.6364917532042,True,
5,30.0,8.0,58.78040876910338,94.04865403056542,422.3355269213965,0.42250433046152563,0.06934777859595455,25.5895450048912,846.4378862750888,True,
6,30.0,8.0,61.91405307296639,82.55207076395517,422.3355269213965,0.39592826618066296,0.060870650249984434,22.461458399762428,742.9686368755966,True,
2,30.0,10.0,50.70929677676587,253.54648388382938,422.3355269213965,0.66168890898929,0.14956416428836244,55.18963967793567,1825.5346839635715,True,
3,30.0,10.0,52.95639380112788,176.52131267042625,422.3355269213965,0.5288085875849764,0.10412789877509653,38.42351703138085,1270.953451227069,True,
4,30.0,10.0,55.757582875178,139.39395718794503,422.3355269213965,0.46236842688281965,0.08222689738902125,30.341979713704585,1003.6364917532042,True,
5,30.0,10.0,58.78040876910338,117.56081753820678,422.3355269213965,0.42250433046152563,0.06934777859595455,25.5895450048912,846.4378862750888,True,
6,30.0,10.0,61.91405307296639,103.19008845494398,422.3355269213965,0.39592826618066296,0.060870650249984434,22.461458399762428,742.9686368755966,True,
2,30.0,12.0,50.70929677676587,304.2557806605953,422.3355269213965,0.66168890898929,0.14956416428836244,55.18963967793567,1825.5346839635715,True,
3,30.0,12.0,52.95639380112788,211.82557520451152,422.3355269213965,0.5288085875849764,0.10412789877509653,38.42351703138085,1270.953451227069,True,
4,30.0,12.0,55.757582875178,167.272748625534,422.3355269213965,0.46236842688281965,0.08222689738902125,30.341979713704585,1003.6364917532042,True,
5,30.0,12.0,58.78040876910338,141.0729810458481,422.3355269213965,0.42250433046152563,0.06934777859595455,25.5895450048912,846.4378862750888,True,
6,30.0,12.0,61.91405307296639,123.82810614593278,422.3355269213965,0.39592826618066296,0.060870650249984434,22.461458399762428,742.9686368755966,True,
2,30.0,14.0,50.70929677676587,354.9650774373611,422.3355269213965,0.66168890898929,0.14956416428836244,55.18963967793567,1825.5346839635715,True,
3,30.0,14.0,52.95639380112788,247.1298377385968,422.3355269213965,0.5288085875849764,0.10412789877509653,38.42351703138085,1270.953451227069,True,
4,30.0,14.0,55.757582875178,195.15154006312304,422.3355269213965,0.46236842688281965,0.08222689738902125,30.341979713704585,1003.6364917532042,True,
5,30.0,14.0,58.78040876910338,164.5851445534895,422.3355269213965,0.42250433046152563,0.06934777859595455,25.5895450048912,846.4378862750888,True,
6,30.0,14.0,61.91405307296639,144.46612383692158,422.3355269213965,0.39592826618066296,0.060870650249984434,22.461458399762428,742.9686368755966,True,
2,30.0,16.0,50.70929677676587,405.674374214127,422.3355269213965,0.66168890898929,0.14956416428836244,55.18963967793567,1825.5346839635715,True,
3,30.0,16.0,52.95639380112788,282.43410027268203,422.3355269213965,0.5288085875849764,0.10412789877509653,38.42351703138085,1270.953451227069,True,
4,30.0,16.0,55.757582875178,223.03033150071204,422.3355269213965,0.46236842688281965,0.08222689738902125,30.341979713704585,1003.6364917532042,True,
5,30.0,16.0,58.78040876910338,188.09730806113083,422.3355269213965,0.42250433046152563,0.06934777859595455,25.5895450048912,846.4378862750888,True,
6,30.0,16.0,61.91405307296639,165.10414152791034,422.3355269213965,0.39592826618066296,0.060870650249984434,22.461458399762428,742.9686368755966,True,
2,30.0,18.0,50.70929677676587,456.3836709908929,422.3355269213965,0.66168890898929,0.14956416428836244,55.18963967793567,1825.5346839635715,False,battery 456.4 Wh > 422.3 Wh
3,30.0,18.0,52.95639380112788,317.73836280676727,422.3355269213965,0.5288085875849764,0.10412789877509653,38.42351703138085,1270.953451227069,True,
4,30.0,18.0,55.757582875178,250.90912293830104,422.3355269213965,0.46236842688281965,0.08222689738902125,30.341979713704585,1003.6364917532042,True,
5,30.0,18.0,58.78040876910338,211.6094715687722,422.3355269213965,0.42250433046152563,0.06934777859595455,25.5895450048912,846.4378862750888,True,
6,30.0,18.0,61.91405307296639,185.74215921889916,422.3355269213965,0.39592826618066296,0.060870650249984434,22.461458399762428,742.9686368755966,True,
2,30.0,20.0,50.70929677676587,507.09296776765876,422.3355269213965,0.66168890898929,0.14956416428836244,55.18963967793567,1825.5346839635715,False,battery 507.1 Wh > 422.3 Wh
3,30.0,20.0,52.95639380112788,353.0426253408525,422.3355269213965,0.5288085875849764,0.10412789877509653,38.42351703138085,1270.953451227069,True,
4,30.0,20.0,55.757582875178,278.78791437589007,422.3355269213965,0.46236842688281965,0.08222689738902125,30.341979713704585,1003.6364917532042,True,
5,30.0,20.0,58.78040876910338,235.12163507641355,422.3355269213965,0.42250433046152563,0.06934777859595455,25.5895450048912,846.4378862750888,True,
6,30.0,20.0,61.91405307296639,206.38017690988795,422.3355269213965,0.39592826618066296,0.060870650249984434,22.461458399762428,742.9686368755966,True,
2,30.0,22.0,50.70929677676587,557.8022645444246,422.3355269213965,0.66168890898929,0.14956416428836244,55.18963967793567,1825.5346839635715,False,battery 557.8 Wh > 422.3 Wh
3,30.0,22.0,52.95639380112788,388.34688787493775,422.3355269213965,0.5288085875849764,0.10412789877509653,38.42351703138085,1270.953451227069,True,
4,30.0,22.0,55.757582875178,306.66670581347904,422.3355269213965,0.46236842688281965,0.08222689738902125,30.341979713704585,1003.6364917532042,True,
5,30.0,22.0,58.78040876910338,258.6337985840549,422.3355269213965,0.42250433046152563,0.06934777859595455,25.5895450048912,846.4378862750888,True,
6,30.0,22.0,61.91405307296639,227.01819460087677,422.3355269213965,0.39592826618066296,0.060870650249984434,22.461458399762428,742.9686368755966,True,
2,30.0,24.0,50.70929677676587,608.5115613211906,422.3355269213965,0.66168890898929,0.14956416428836244,55.18963967793567,1825.5346839635715,False,battery 608.5 Wh > 422.3 Wh
3,30.0,24.0,52.95639380112788,423.65115040902305,422.3355269213965,0.5288085875849764,0.10412789877509653,38.42351703138085,1270.953451227069,False,battery 423.7 Wh > 422.3 Wh
4,30.0,24.0,55.757582875178,334.545497251068,422.3355269213965,0.46236842688281965,0.08222689738902125,30.341979713704585,1003.6364917532042,True,
5,30.0,24.0,58.78040876910338,282.1459620916962,422.3355269213965,0.42250433046152563,0.06934777859595455,25.5895450048912,846.4378862750888,True,
6,30.0,24.0,61.91405307296639,247.65621229186556,422.3355269213965,0.39592826618066296,0.060870650249984434,22.461458399762428,742.9686368755966,True,
2,30.0,26.0,50.70929677676587,659.2208580979565,422.3355269213965,0.66168890898929,0.14956416428836244,55.18963967793567,1825.5346839635715,False,battery 659.2 Wh > 422.3 Wh
3,30.0,26.0,52.95639380112788,458.9554129431083,422.3355269213965,0.5288085875849764,0.10412789877509653,38.42351703138085,1270.953451227069,False,battery 459.0 Wh > 422.3 Wh
4,30.0,26.0,55.757582875178,362.4242886886571,422.3355269213965,0.46236842688281965,0.08222689738902125,30.341979713704585,1003.6364917532042,True,
5,30.0,26.0,58.78040876910338,305.6581255993376,422.3355269213965,0.42250433046152563,0.06934777859595455,25.5895450048912,846.4378862750888,True,
6,30.0,26.0,61.91405307296639,268.29422998285435,422.3355269213965,0.39592826618066296,0.060870650249984434,22.461458399762428,742.9686368755966,True,
2,30.0,28.0,50.70929677676587,709.9301548747222,422.3355269213965,0.66168890898929,0.14956416428836244,55.18963967793567,1825.5346839635715,False,battery 709.9 Wh > 422.3 Wh
3,30.0,28.0,52.95639380112788,494.2596754771936,422.3355269213965,0.5288085875849764,0.10412789877509653,38.42351703138085,1270.953451227069,False,battery 494.3 Wh > 422.3 Wh
4,30.0,28.0,55.757582875178,390.3030801262461,422.3355269213965,0.46236842688281965,0.08222689738902125,30.341979713704585,1003.6364917532042,True,
5,30.0,28.0,58.78040876910338,329.170289106979,422.3355269213965,0.42250433046152563,0.06934777859595455,25.5895450048912,846.4378862750888,True,
6,30.0,28.0,61.91405307296639,288.93224767384316,422.3355269213965,0.39592826618066296,0.060870650249984434,22.461458399762428,742.9686368755966,True,
2,30.0,30.0,50.70929677676587,760.6394516514881,422.3355269213965,0.66168890898929,0.14956416428836244,55.18963967793567,1825.5346839635715,False,battery 760.6 Wh > 422.3 Wh
3,30.0,30.0,52.95639380112788,529.5639380112788,422.3355269213965,0.5288085875849764,0.10412789877509653,38.42351703138085,1270.953451227069,False,battery 529.6 Wh > 422.3 Wh
4,30.0,30.0,55.757582875178,418.18187156383505,422.3355269213965,0.46236842688281965,0.08222689738902125,30.341979713704585,1003.6364917532042,True,
5,30.0,30.0,58.78040876910338,352.68245261462033,422.3355269213965,0.42250433046152563,0.06934777859595455,25.5895450048912,846.4378862750888,True,
6,30.0,30.0,61.91405307296639,309.5702653648319,422.3355269213965,0.39592826618066296,0.060870650249984434,22.461458399762428,742.9686368755966,True,
2,30.0,32.0,50.70929677676587,811.348748428254,422.3355269213965,0.66168890898929,0.14956416428836244,55.18963967793567,1825.5346839635715,False,battery 811.3 Wh > 422.3 Wh
3,30.0,32.0,52.95639380112788,564.8682005453641,422.3355269213965,0.5288085875849764,0.10412789877509653,38.42351703138085,1270.953451227069,False,battery 564.9 Wh > 422.3 Wh
4,30.0,32.0,55.757582875178,446.0606630014241,422.3355269213965,0.46236842688281965,0.08222689738902125,30.341979713704585,1003.6364917532042,False,battery 446.1 Wh > 422.3 Wh
5,30.0,32.0,58.78040876910338,376.19461612226166,422.3355269213965,0.42250433046152563,0.06934777859595455,25.5895450048912,846.4378862750888,True,
6,30.0,32.0,61.91405307296639,330.2082830558207,422.3355269213965,0.39592826618066296,0.060870650249984434,22.461458399762428,742.9686368755966,True,
2,30.0,34.0,50.70929677676587,862.0580452050199,422.3355269213965,0.66168890898929,0.14956416428836244,55.18963967793567,1825.5346839635715,False,battery 862.1 Wh > 422.3 Wh
3,30.0,34.0,52.95639380112788,600.1724630794494,422.3355269213965,0.5288085875849764,0.10412789877509653,38.42351703138085,1270.953451227069,False,battery 600.2 Wh > 422.3 Wh
4,30.0,34.0,55.757582875178,473.93945443901305,422.3355269213965,0.46236842688281965,0.08222689738902125,30.341979713704585,1003.6364917532042,False,battery 473.9 Wh > 422.3 Wh
5,30.0,34.0,58.78040876910338,399.706779629903,422.3355269213965,0.42250433046152563,0.06934777859595455,25.5895450048912,846.4378862750888,True,
6,30.0,34.0,61.91405307296639,350.84630074680956,422.3355269213965,0.39592826618066296,0.060870650249984434,22.461458399762428,742.9686368755966,True,
2,30.0,36.0,50.70929677676587,912.7673419817858,422.3355269213965,0.66168890898929,0.14956416428836244,55.18963967793567,1825.5346839635715,False,battery 912.8 Wh > 422.3 Wh
3,30.0,36.0,52.95639380112788,635.4767256135345,422.3355269213965,0.5288085875849764,0.10412789877509653,38.42351703138085,1270.953451227069,False,battery 635.5 Wh > 422.3 Wh
4,30.0,36.0,55.757582875178,501.8182458766021,422.3355269213965,0.46236842688281965,0.08222689738902125,30.341979713704585,1003.6364917532042,False,battery 501.8 Wh > 422.3 Wh
5,30.0,36.0,58.78040876910338,423.2189431375444,422.3355269213965,0.42250433046152563,0.06934777859595455,25.5895450048912,846.4378862750888,False,battery 423.2 Wh > 422.3 Wh
6,30.0,36.0,61.91405307296639,371.4843184377983,422.3355269213965,0.39592826618066296,0.060870650249984434,22.461458399762428,742.9686368755966,True,
2,30.0,38.0,50.70929677676587,963.4766387585515,422.3355269213965,0.66168890898929,0.14956416428836244,55.18963967793567,1825.5346839635715,False,battery 963.5 Wh > 422.3 Wh
3,30.0,38.0,52.95639380112788,670.7809881476198,422.3355269213965,0.5288085875849764,0.10412789877509653,38.42351703138085,1270.953451227069,False,battery 670.8 Wh > 422.3 Wh
4,30.0,38.0,55.757582875178,529.697037314191,422.3355269213965,0.46236842688281965,0.08222689738902125,30.341979713704585,1003.6364917532042,False,battery 529.7 Wh > 422.3 Wh
5,30.0,38.0,58.78040876910338,446.7311066451858,422.3355269213965,0.42250433046152563,0.06934777859595455,25.5895450048912,846.4378862750888,False,battery 446.7 Wh > 422.3 Wh
6,30.0,38.0,61.91405307296639,392.12233612878714,422.3355269213965,0.39592826618066296,0.060870650249984434,22.461458399762428,742.9686368755966,True,
2,30.0,40.0,50.70929677676587,1014.1859355353175,422.3355269213965,0.66168890898929,0.14956416428836244,55.18963967793567,1825.5346839635715,False,battery 1014.2 Wh > 422.3 Wh
3,30.0,40.0,52.95639380112788,706.085250681705,422.3355269213965,0.5288085875849764,0.10412789877509653,38.42351703138085,1270.953451227069,False,battery 706.1 Wh > 422.3 Wh
4,30.0,40.0,55.757582875178,557.5758287517801,422.3355269213965,0.46236842688281965,0.08222689738902125,30.341979713704585,1003.6364917532042,False,battery 557.6 Wh > 422.3 Wh
5,30.0,40.0,58.78040876910338,470.2432701528271,422.3355269213965,0.42250433046152563,0.06934777859595455,25.5895450048912,846.4378862750888,False,battery 470.2 Wh > 422.3 Wh
6,30.0,40.0,61.91405307296639,412.7603538197759,422.3355269213965,0.39592826618066296,0.060870650249984434,22.461458399762428,742.9686368755966,True,
2,35.0,2.0,52.6410779072401,52.6410779072401,422.3355269213965,0.7281290696914468,0.15526184200689447,57.29210039627001,1895.0788046606438,True,
3,35.0,2.0,54.487997340160696,36.32533156010713,422.3355269213965,0.573102028053081,0.107139483341729,39.53480106043226,1307.7119361638568,True,
4,35.0,2.0,57.089097618490115,28.54454880924506,422.3355269213965,0.4955885072338981,0.08419051059684979,31.06655906680384,1027.6037571328222,True,
5,35.0,2.0,59.99187023498307,23.99674809399323,422.3355269213965,0.4490803947423883,0.07077703305798738,26.116944326399736,863.8829313837563,True,
6,35.0,2.0,63.04547902055778,21.01515967351926,422.3355269213965,0.4180749864147152,0.06198300891043956,22.87192218936906,756.5457482466934,True,
2,35.0,4.0,52.6410779072401,105.2821558144802,422.3355269213965,0.7281290696914468,0.15526184200689447,57.29210039627001,1895.0788046606438,True,
3,35.0,4.0,54.487997340160696,72.65066312021426,422.3355269213965,0.573102028053081,0.107139483341729,39.53480106043226,1307.7119361638568,True,
4,35.0,4.0,57.089097618490115,57.08909761849012,422.3355269213965,0.4955885072338981,0.08419051059684979,31.06655906680384,1027.6037571328222,True,
5,35.0,4.0,59.99187023498307,47.99349618798646,422.3355269213965,0.4490803947423883,0.07077703305798738,26.116944326399736,863.8829313837563,True,
6,35.0,4.0,63.04547902055778,42.03031934703852,422.3355269213965,0.4180749864147152,0.06198300891043956,22.87192218936906,756.5457482466934,True,
2,35.0,6.0,52.6410779072401,157.92323372172032,422.3355269213965,0.7281290696914468,0.15526184200689447,57.29210039627001,1895.0788046606438,True,
3,35.0,6.0,54.487997340160696,108.9759946803214,422.3355269213965,0.573102028053081,0.107139483341729,39.53480106043226,1307.7119361638568,True,
4,35.0,6.0,57.089097618490115,85.63364642773519,422.3355269213965,0.4955885072338981,0.08419051059684979,31.06655906680384,1027.6037571328222,True,
5,35.0,6.0,59.99187023498307,71.99024428197968,422.3355269213965,0.4490803947423883,0.07077703305798738,26.116944326399736,863.8829313837563,True,
6,35.0,6.0,63.04547902055778,63.04547902055778,422.3355269213965,0.4180749864147152,0.06198300891043956,22.87192218936906,756.5457482466934,True,
2,35.0,8.0,52.6410779072401,210.5643116289604,422.3355269213965,0.7281290696914468,0.15526184200689447,57.29210039627001,1895.0788046606438,True,
3,35.0,8.0,54.487997340160696,145.30132624042852,422.3355269213965,0.573102028053081,0.107139483341729,39.53480106043226,1307.7119361638568,True,
4,35.0,8.0,57.089097618490115,114.17819523698024,422.3355269213965,0.4955885072338981,0.08419051059684979,31.06655906680384,1027.6037571328222,True,
5,35.0,8.0,59.99187023498307,95.98699237597292,422.3355269213965,0.4490803947423883,0.07077703305798738,26.116944326399736,863.8829313837563,True,
6,35.0,8.0,63.04547902055778,84.06063869407704,422.3355269213965,0.4180749864147152,0.06198300891043956,22.87192218936906,756.5457482466934,True,
2,35.0,10.0,52.6410779072401,263.2053895362005,422.3355269213965,0.7281290696914468,0.15526184200689447,57.29210039627001,1895.0788046606438,True,
3,35.0,10.0,54.487997340160696,181.62665780053567,422.3355269213965,0.573102028053081,0.107139483341729,39.53480106043226,1307.7119361638568,True,
4,35.0,10.0,57.089097618490115,142.72274404622533,422.3355269213965,0.4955885072338981,0.08419051059684979,31.06655906680384,1027.6037571328222,True,
5,35.0,10.0,59.99187023498307,119.98374046996616,422.3355269213965,0.4490803947423883,0.07077703305798738,26.116944326399736,863.8829313837563,True,
6,35.0,10.0,63.04547902055778,105.0757983675963,422.3355269213965,0.4180749864147152,0.06198300891043956,22.87192218936906,756.5457482466934,True,
2,35.0,12.0,52.6410779072401,315.84646744344064,422.3355269213965,0.7281290696914468,0.15526184200689447,57.29210039627001,1895.0788046606438,True,
3,35.0,12.0,54.487997340160696,217.9519893606428,422.3355269213965,0.573102028053081,0.107139483341729,39.53480106043226,1307.7119361638568,True,
4,35.0,12.0,57.089097618490115,171.26729285547037,422.3355269213965,0.4955885072338981,0.08419051059684979,31.06655906680384,1027.6037571328222,True,
5,35.0,12.0,59.99187023498307,143.98048856395937,422.3355269213965,0.4490803947423883,0.07077703305798738,26.116944326399736,863.8829313837563,True,
6,35.0,12.0,63.04547902055778,126.09095804111556,422.3355269213965,0.4180749864147152,0.06198300891043956,22.87192218936906,756.5457482466934,True,
2,35.0,14.0,52.6410779072401,368.48754535068076,422.3355269213965,0.7281290696914468,0.15526184200689447,57.29210039627001,1895.0788046606438,True,
3,35.0,14.0,54.487997340160696,254.27732092074993,422.3355269213965,0.573102028053081,0.107139483341729,39.53480106043226,1307.7119361638568,True,
4,35.0,14.0,57.089097618490115,199.81184166471544,422.3355269213965,0.4955885072338981,0.08419051059684979,31.06655906680384,1027.6037571328222,True,
5,35.0,14.0,59.99187023498307,167.9772366579526,422.3355269213965,0.4490803947423883,0.07077703305798738,26.116944326399736,863.8829313837563,True,
6,35.0,14.0,63.04547902055778,147.10611771463485,422.3355269213965,0.4180749864147152,0.06198300891043956,22.87192218936906,756.5457482466934,True,
2,35.0,16.0,52.6410779072401,421.1286232579208,422.3355269213965,0.7281290696914468,0.15526184200689447,57.29210039627001,1895.0788046606438,True,
3,35.0,16.0,54.487997340160696,290.60265248085705,422.3355269213965,0.573102028053081,0.107139483341729,39.53480106043226,1307.7119361638568,True,
4,35.0,16.0,57.089097618490115,228.3563904739605,422.3355269213965,0.4955885072338981,0.08419051059684979,31.06655906680384,1027.6037571328222,True,
5,35.0,16.0,59.99187023498307,191.97398475194584,422.3355269213965,0.4490803947423883,0.07077703305798738,26.116944326399736,863.8829313837563,True,
6,35.0,16.0,63.04547902055778,168.12127738815408,422.3355269213965,0.4180749864147152,0.06198300891043956,22.87192218936906,756.5457482466934,True,
2,35.0,18.0,52.6410779072401,473.7697011651609,422.3355269213965,0.7281290696914468,0.15526184200689447,57.29210039627001,1895.0788046606438,False,battery 473.8 Wh > 422.3 Wh
3,35.0,18.0,54.487997340160696,326.9279840409642,422.3355269213965,0.573102028053081,0.107139483341729,39.53480106043226,1307.7119361638568,True,
4,35.0,18.0,57.089097618490115,256.90093928320556,422.3355269213965,0.4955885072338981,0.08419051059684979,31.06655906680384,1027.6037571328222,True,
5,35.0,18.0,59.99187023498307,215.97073284593907,422.3355269213965,0.4490803947423883,0.07077703305798738,26.116944326399736,863.8829313837563,True,
6,35.0,18.0,63.04547902055778,189.13643706167335,422.3355269213965,0.4180749864147152,0.06198300891043956,22.87192218936906,756.5457482466934,True,
2,35.0,20.0,52.6410779072401,526.410779072401,422.3355269213965,0.7281290696914468,0.15526184200689447,57.29210039627001,1895.0788046606438,False,battery 526.4 Wh > 422.3 Wh
3,35.0,20.0,54.487997340160696,363.25331560107134,422.3355269213965,0.573102028053081,0.107139483341729,39.53480106043226,1307.7119361638568,True,
4,35.0,20.0,57.089097618490115,285.44548809245066,422.3355269213965,0.4955885072338981,0.08419051059684979,31.06655906680384,1027.6037571328222,True,
5,35.0,20.0,59.99187023498307,239.96748093993233,422.3355269213965,0.4490803947423883,0.07077703305798738,26.116944326399736,863.8829313837563,True,
6,35.0,20.0,63.04547902055778,210.1515967351926,422.3355269213965,0.4180749864147152,0.06198300891043956,22.87192218936906,756.5457482466934,True,
2,35.0,22.0,52.6410779072401,579.0518569796411,422.3355269213965,0.7281290696914468,0.15526184200689447,57.29210039627001,1895.0788046606438,False,battery 579.1 Wh > 422.3 Wh
3,35.0,22.0,54.487997340160696,399.5786471611784,422.3355269213965,0.573102028053081,0.107139483341729,39.53480106043226,1307.7119361638568,True,
4,35.0,22.0,57.089097618490115,313.9900369016957,422.3355269213965,0.4955885072338981,0.08419051059684979,31.06655906680384,1027.6037571328222,True,
5,35.0,22.0,59.99187023498307,263.9642290339255,422.3355269213965,0.4490803947423883,0.07077703305798738,26.116944326399736,863.8829313837563,True,
6,35.0,22.0,63.04547902055778,231.16675640871188,422.3355269213965,0.4180749864147152,0.06198300891043956,22.87192218936906,756.5457482466934,True,
2,35.0,24.0,52.6410779072401,631.6929348868813,422.3355269213965,0.7281290696914468,0.15526184200689447,57.29210039627001,1895.0788046606438,False,battery 631.7 Wh > 422.3 Wh
3,35.0,24.0,54.487997340160696,435.9039787212856,422.3355269213965,0.573102028053081,0.107139483341729,39.53480106043226,1307.7119361638568,False,battery 435.9 Wh > 422.3 Wh
4,35.0,24.0,57.089097618490115,342.53458571094075,422.3355269213965,0.4955885072338981,0.08419051059684979,31.06655906680384,1027.6037571328222,True,
5,35.0,24.0,59.99187023498307,287.96097712791874,422.3355269213965,0.4490803947423883,0.07077703305798738,26.116944326399736,863.8829313837563,True,
6,35.0,24.0,63.04547902055778,252.1819160822311,422.3355269213965,0.4180749864147152,0.06198300891043956,22.87192218936906,756.5457482466934,True,
2,35.0,26.0,52.6410779072401,684.3340127941213,422.3355269213965,0.7281290696914468,0.15526184200689447,57.29210039627001,1895.0788046606438,False,battery 684.3 Wh > 422.3 Wh
3,35.0,26.0,54.487997340160696,472.2293102813927,422.3355269213965,0.573102028053081,0.107139483341729,39.53480106043226,1307.7119361638568,False,battery 472.2 Wh > 422.3 Wh
4,35.0,26.0,57.089097618490115,371.0791345201858,422.3355269213965,0.4955885072338981,0.08419051059684979,31.06655906680384,1027.6037571328222,True,
5,35.0,26.0,59.99187023498307,311.95772522191197,422.3355269213965,0.4490803947423883,0.07077703305798738,26.116944326399736,863.8829313837563,True,
6,35.0,26.0,63.04547902055778,273.1970757557504,422.3355269213965,0.4180749864147152,0.06198300891043956,22.87192218936906,756.5457482466934,True,
2,35.0,28.0,52.6410779072401,736.9750907013615,422.3355269213965,0.7281290696914468,0.15526184200689447,57.29210039627001,1895.0788046606438,False,battery 737.0 Wh > 422.3 Wh
3,35.0,28.0,54.487997340160696,508.55464184149986,422.3355269213965,0.573102028053081,0.107139483341729,39.53480106043226,1307.7119361638568,False,battery 508.6 Wh > 422.3 Wh
4,35.0,28.0,57.089097618490115,399.6236833294309,422.3355269213965,0.4955885072338981,0.08419051059684979,31.06655906680384,1027.6037571328222,True,
5,35.0,28.0,59.99187023498307,335.9544733159052,422.3355269213965,0.4490803947423883,0.07077703305798738,26.116944326399736,863.8829313837563,True,
6,35.0,28.0,63.04547902055778,294.2122354292697,422.3355269213965,0.4180749864147152,0.06198300891043956,22.87192218936906,756.5457482466934,True,
2,35.0,30.0,52.6410779072401,789.6161686086015,422.3355269213965,0.7281290696914468,0.15526184200689447,57.29210039627001,1895.0788046606438,False,battery 789.6 Wh > 422.3 Wh
3,35.0,30.0,54.487997340160696,544.879973401607,422.3355269213965,0.573102028053081,0.107139483341729,39.53480106043226,1307.7119361638568,False,battery 544.9 Wh > 422.3 Wh
4,35.0,30.0,57.089097618490115,428.16823213867593,422.3355269213965,0.4955885072338981,0.08419051059684979,31.06655906680384,1027.6037571328222,False,battery 428.2 Wh > 422.3 Wh
5,35.0,30.0,59.99187023498307,359.95122140989844,422.3355269213965,0.4490803947423883,0.07077703305798738,26.116944326399736,863.8829313837563,True,
6,35.0,30.0,63.04547902055778,315.2273951027889,422.3355269213965,0.4180749864147152,0.06198300891043956,22.87192218936906,756.5457482466934,True,
2,35.0,32.0,52.6410779072401,842.2572465158416,422.3355269213965,0.7281290696914468,0.15526184200689447,57.29210039627001,1895.0788046606438,False,battery 842.3 Wh > 422.3 Wh
3,35.0,32.0,54.487997340160696,581.2053049617141,422.3355269213965,0.573102028053081,0.107139483341729,39.53480106043226,1307.7119361638568,False,battery 581.2 Wh > 422.3 Wh
4,35.0,32.0,57.089097618490115,456.712780947921,422.3355269213965,0.4955885072338981,0.08419051059684979,31.06655906680384,1027.6037571328222,False,battery 456.7 Wh > 422.3 Wh
5,35.0,32.0,59.99187023498307,383.94796950389167,422.3355269213965,0.4490803947423883,0.07077703305798738,26.116944326399736,863.8829313837563,True,
6,35.0,32.0,63.04547902055778,336.24255477630817,422.3355269213965,0.4180749864147152,0.06198300891043956,22.87192218936906,756.5457482466934,True,
2,35.0,34.0,52.6410779072401,894.8983244230817,422.3355269213965,0.7281290696914468,0.15526184200689447,57.29210039627001,1895.0788046606438,False,battery 894.9 Wh > 422.3 Wh
3,35.0,34.0,54.487997340160696,617.5306365218212,422.3355269213965,0.573102028053081,0.107139483341729,39.53480106043226,1307.7119361638568,False,battery 617.5 Wh > 422.3 Wh
4,35.0,34.0,57.089097618490115,485.2573297571661,422.3355269213965,0.4955885072338981,0.08419051059684979,31.06655906680384,1027.6037571328222,False,battery 485.3 Wh > 422.3 Wh
5,35.0,34.0,59.99187023498307,407.9447175978849,422.3355269213965,0.4490803947423883,0.07077703305798738,26.116944326399736,863.8829313837563,True,
6,35.0,34.0,63.04547902055778,357.25771444982746,422.3355269213965,0.4180749864147152,0.06198300891043956,22.87192218936906,756.5457482466934,True,
2,35.0,36.0,52.6410779072401,947.5394023303218,422.3355269213965,0.7281290696914468,0.15526184200689447,57.29210039627001,1895.0788046606438,False,battery 947.5 Wh > 422.3 Wh
3,35.0,36.0,54.487997340160696,653.8559680819284,422.3355269213965,0.573102028053081,0.107139483341729,39.53480106043226,1307.7119361638568,False,battery 653.9 Wh > 422.3 Wh
4,35.0,36.0,57.089097618490115,513.8018785664111,422.3355269213965,0.4955885072338981,0.08419051059684979,31.06655906680384,1027.6037571328222,False,battery 513.8 Wh > 422.3 Wh
5,35.0,36.0,59.99187023498307,431.94146569187814,422.3355269213965,0.4490803947423883,0.07077703305798738,26.116944326399736,863.8829313837563,False,battery 431.9 Wh > 422.3 Wh
6,35.0,36.0,63.04547902055778,378.2728741233467,422.3355269213965,0.4180749864147152,0.06198300891043956,22.87192218936906,756.5457482466934,True,
2,35.0,38.0,52.6410779072401,1000.180480237562,422.3355269213965,0.7281290696914468,0.15526184200689447,57.29210039627001,1895.0788046606438,False,battery 1000.2 Wh > 422.3 Wh
3,35.0,38.0,54.487997340160696,690.1812996420356,422.3355269213965,0.573102028053081,0.107139483341729,39.53480106043226,1307.7119361638568,False,battery 690.2 Wh > 422.3 Wh
4,35.0,38.0,57.089097618490115,542.3464273756562,422.3355269213965,0.4955885072338981,0.08419051059684979,31.06655906680384,1027.6037571328222,False,battery 542.3 Wh > 422.3 Wh
5,35.0,38.0,59.99187023498307,455.93821378587137,422.3355269213965,0.4490803947423883,0.07077703305798738,26.116944326399736,863.8829313837563,False,battery 455.9 Wh > 422.3 Wh
6,35.0,38.0,63.04547902055778,399.28803379686593,422.3355269213965,0.4180749864147152,0.06198300891043956,22.87192218936906,756.5457482466934,True,
2,35.0,40.0,52.6410779072401,1052.821558144802,422.3355269213965,0.7281290696914468,0.15526184200689447,57.29210039627001,1895.0788046606438,False,battery 1052.8 Wh > 422.3 Wh
3,35.0,40.0,54.487997340160696,726.5066312021427,422.3355269213965,0.573102028053081,0.107139483341729,39.53480106043226,1307.7119361638568,False,battery 726.5 Wh > 422.3 Wh
4,35.0,40.0,57.089097618490115,570.8909761849013,422.3355269213965,0.4955885072338981,0.08419051059684979,31.06655906680384,1027.6037571328222,False,battery 570.9 Wh > 422.3 Wh
5,35.0,40.0,59.99187023498307,479.93496187986466,422.3355269213965,0.4490803947423883,0.07077703305798738,26.116944326399736,863.8829313837563,False,battery 479.9 Wh > 422.3 Wh
6,35.0,40.0,63.04547902055778,420.3031934703852,422.3355269213965,0.4180749864147152,0.06198300891043956,22.87192218936906,756.5457482466934,True,
2,40.0,2.0,54.757556387610386,54.7575563876104,422.3355269213965,0.7945692303936035,0.16150427397246497,59.59557711833846,1971.2720299539742,True,
3,40.0,2.0,56.14273244579086,37.42848829719391,422.3355269213965,0.6173954685211854,0.11039318090704522,40.73542553558771,1347.4255786989806,True,
4,40.0,2.0,58.51296103675022,29.25648051837511,422.3355269213965,0.5288085875849764,0.08629031236643792,31.84139242083661,1053.233298661504,True,
5,40.0,2.0,61.27721064082115,24.510884256328463,422.3355269213965,0.4756564590232511,0.07229344819954636,26.676506208505728,882.3918332278247,True,
6,40.0,2.0,64.23847075144784,21.41282358381595,422.3355269213965,0.4402217066487675,0.06315589582056563,23.304721090501697,770.8616490173741,True,
2,40.0,4.0,54.757556387610386,109.5151127752208,422.3355269213965,0.7945692303936035,0.16150427397246497,59.59557711833846,1971.2720299539742,True,
3,40.0,4.0,56.14273244579086,74.85697659438782,422.3355269213965,0.6173954685211854,0.11039318090704522,40.73542553558771,1347.4255786989806,True,
4,40.0,4.0,58.51296103675022,58.51296103675022,422.3355269213965,0.5288085875849764,0.08629031236643792,31.84139242083661,1053.233298661504,True,
5,40.0,4.0,61.27721064082115,49.02176851265693,422.3355269213965,0.4756564590232511,0.07229344819954636,26.676506208505728,882.3918332278247,True,
6,40.0,4.0,64.23847075144784,42.8256471676319,422.3355269213965,0.4402217066487675,0.06315589582056563,23.304721090501697,770.8616490173741,True,
2,40.0,6.0,54.757556387610386,164.2726691628312,422.3355269213965,0.7945692303936035,0.16150427397246497,59.59557711833846,1971.2720299539742,True,
3,40.0,6.0,56.14273244579086,112.28546489158173,422.3355269213965,0.6173954685211854,0.11039318090704522,40.73542553558771,1347.4255786989806,True,
4,40.0,6.0,58.51296103675022,87.76944155512534,422.3355269213965,0.5288085875849764,0.08629031236643792,31.84139242083661,1053.233298661504,True,
5,40.0,6.0,61.27721064082115,73.5326527689854,422.3355269213965,0.4756564590232511,0.07229344819954636,26.676506208505728,882.3918332278247,True,
6,40.0,6.0,64.23847075144784,64.23847075144785,422.3355269213965,0.4402217066487675,0.06315589582056563,23.304721090501697,770.8616490173741,True,
2,40.0,8.0,54.757556387610386,219.0302255504416,422.3355269213965,0.7945692303936035,0.16150427397246497,59.59557711833846,1971.2720299539742,True,
3,40.0,8.0,56.14273244579086,149.71395318877563,422.3355269213965,0.6173954685211854,0.11039318090704522,40.73542553558771,1347.4255786989806,True,
4,40.0,8.0,58.51296103675022,117.02592207350044,422.3355269213965,0.5288085875849764,0.08629031236643792,31.84139242083661,1053.233298661504,True,
5,40.0,8.0,61.27721064082115,98.04353702531385,422.3355269213965,0.4756564590232511,0.07229344819954636,26.676506208505728,882.3918332278247,True,
6,40.0,8.0,64.23847075144784,85.6512943352638,422.3355269213965,0.4402217066487675,0.06315589582056563,23.304721090501697,770.8616490173741,True,
2,40.0,10.0,54.757556387610386,273.787781938052,422.3355269213965,0.7945692303936035,0.16150427397246497,59.59557711833846,1971.2720299539742,True,
3,40.0,10.0,56.14273244579086,187.14244148596953,422.3355269213965,0.6173954685211854,0.11039318090704522,40.73542553558771,1347.4255786989806,True,
4,40.0,10.0,58.51296103675022,146.28240259187555,422.3355269213965,0.5288085875849764,0.08629031236643792,31.84139242083661,1053.233298661504,True,
5,40.0,10.0,61.27721064082115,122.5544212816423,422.3355269213965,0.4756564590232511,0.07229344819954636,26.676506208505728,882.3918332278247,True,
6,40.0,10.0,64.23847075144784,107.06411791907973,422.3355269213965,0.4402217066487675,0.06315589582056563,23.304721090501697,770.8616490173741,True,
2,40.0,12.0,54.757556387610386,328.5453383256624,422.3355269213965,0.7945692303936035,0.16150427397246497,59.59557711833846,1971.2720299539742,True,
3,40.0,12.0,56.14273244579086,224.57092978316345,422.3355269213965,0.6173954685211854,0.11039318090704522,40.73542553558771,1347.4255786989806,True,
4,40.0,12.0,58.51296103675022,175.53888311025068,422.3355269213965,0.5288085875849764,0.08629031236643792,31.84139242083661,1053.233298661504,True,
5,40.0,12.0,61.27721064082115,147.0653055379708,422.3355269213965,0.4756564590232511,0.07229344819954636,26.676506208505728,882.3918332278247,True,
6,40.0,12.0,64.23847075144784,128.4769415028957,422.3355269213965,0.4402217066487675,0.06315589582056563,23.304721090501697,770.8616490173741,True,
2,40.0,14.0,54.757556387610386,383.30289471327274,422.3355269213965,0.7945692303936035,0.16150427397246497,59.59557711833846,1971.2720299539742,True,
3,40.0,14.0,56.14273244579086,261.9994180803574,422.3355269213965,0.6173954685211854,0.11039318090704522,40.73542553558771,1347.4255786989806,True,
4,40.0,14.0,58.51296103675022,204.79536362862578,422.3355269213965,0.5288085875849764,0.08629031236643792,31.84139242083661,1053.233298661504,True,
5,40.0,14.0,61.27721064082115,171.57618979429924,422.3355269213965,0.4756564590232511,0.07229344819954636,26.676506208505728,882.3918332278247,True,
6,40.0,14.0,64.23847075144784,149.88976508671163,422.3355269213965,0.4402217066487675,0.06315589582056563,23.304721090501697,770.8616490173741,True,
2,40.0,16.0,54.757556387610386,438.0604511008832,422.3355269213965,0.7945692303936035,0.16150427397246497,59.59557711833846,1971.2720299539742,False,battery 438.1 Wh > 422.3 Wh
3,40.0,16.0,56.14273244579086,299.42790637755127,422.3355269213965,0.6173954685211854,0.11039318090704522,40.73542553558771,1347.4255786989806,True,
4,40.0,16.0,58.51296103675022,234.05184414700088,422.3355269213965,0.5288085875849764,0.08629031236643792,31.84139242083661,1053.233298661504,True,
5,40.0,16.0,61.27721064082115,196.0870740506277,422.3355269213965,0.4756564590232511,0.07229344819954636,26.676506208505728,882.3918332278247,True,
6,40.0,16.0,64.23847075144784,171.3025886705276,422.3355269213965,0.4402217066487675,0.06315589582056563,23.304721090501697,770.8616490173741,True,
2,40.0,18.0,54.757556387610386,492.8180074884936,422.3355269213965,0.7945692303936035,0.16150427397246497,59.59557711833846,1971.2720299539742,False,battery 492.8 Wh > 422.3 Wh
3,40.0,18.0,56.14273244579086,336.85639467474516,422.3355269213965,0.6173954685211854,0.11039318090704522,40.73542553558771,1347.4255786989806,True,
4,40.0,18.0,58.51296103675022,263.308324665376,422.3355269213965,0.5288085875849764,0.08629031236643792,31.84139242083661,1053.233298661504,True,
5,40.0,18.0,61.27721064082115,220.59795830695617,422.3355269213965,0.4756564590232511,0.07229344819954636,26.676506208505728,882.3918332278247,True,
6,40.0,18.0,64.23847075144784,192.71541225434353,422.3355269213965,0.4402217066487675,0.06315589582056563,23.304721090501697,770.8616490173741,True,
2,40.0,20.0,54.757556387610386,547.575563876104,422.3355269213965,0.7945692303936035,0.16150427397246497,59.59557711833846,1971.2720299539742,False,battery 547.6 Wh > 422.3 Wh
3,40.0,20.0,56.14273244579086,374.28488297193906,422.3355269213965,0.6173954685211854,0.11039318090704522,40.73542553558771,1347.4255786989806,True,
4,40.0,20.0,58.51296103675022,292.5648051837511,422.3355269213965,0.5288085875849764,0.08629031236643792,31.84139242083661,1053.233298661504,True,
5,40.0,20.0,61.27721064082115,245.1088425632846,422.3355269213965,0.4756564590232511,0.07229344819954636,26.676506208505728,882.3918332278247,True,
6,40.0,20.0,64.23847075144784,214.12823583815947,422.3355269213965,0.4402217066487675,0.06315589582056563,23.304721090501697,770.8616490173741,True,
2,40.0,22.0,54.757556387610386,602.3331202637144,422.3355269213965,0.7945692303936035,0.16150427397246497,59.59557711833846,1971.2720299539742,False,battery 602.3 Wh > 422.3 Wh
3,40.0,22.0,56.14273244579086,411.713371269133,422.3355269213965,0.6173954685211854,0.11039318090704522,40.73542553558771,1347.4255786989806,True,
4,40.0,22.0,58.51296103675022,321.8212857021262,422.3355269213965,0.5288085875849764,0.08629031236643792,31.84139242083661,1053.233298661504,True,
5,40.0,22.0,61.27721064082115,269.6197268196131,422.3355269213965,0.4756564590232511,0.07229344819954636,26.676506208505728,882.3918332278247,True,
6,40.0,22.0,64.23847075144784,235.54105942197543,422.3355269213965,0.4402217066487675,0.06315589582056563,23.304721090501697,770.8616490173741,True,
2,40.0,24.0,54.757556387610386,657.0906766513248,422.3355269213965,0.7945692303936035,0.16150427397246497,59.59557711833846,1971.2720299539742,False,battery 657.1 Wh > 422.3 Wh
3,40.0,24.0,56.14273244579086,449.1418595663269,422.3355269213965,0.6173954685211854,0.11039318090704522,40.73542553558771,1347.4255786989806,False,battery 449.1 Wh > 422.3 Wh
4,40.0,24.0,58.51296103675022,351.07776622050136,422.3355269213965,0.5288085875849764,0.08629031236643792,31.84139242083661,1053.233298661504,True,
5,40.0,24.0,61.27721064082115,294.1306110759416,422.3355269213965,0.4756564590232511,0.07229344819954636,26.676506208505728,882.3918332278247,True,
6,40.0,24.0,64.23847075144784,256.9538830057914,422.3355269213965,0.4402217066487675,0.06315589582056563,23.304721090501697,770.8616490173741,True,
2,40.0,26.0,54.757556387610386,711.8482330389351,422.3355269213965,0.7945692303936035,0.16150427397246497,59.59557711833846,1971.2720299539742,False,battery 711.8 Wh > 422.3 Wh
3,40.0,26.0,56.14273244579086,486.5703478635208,422.3355269213965,0.6173954685211854,0.11039318090704522,40.73542553558771,1347.4255786989806,False,battery 486.6 Wh > 422.3 Wh
4,40.0,26.0,58.51296103675022,380.33424673887646,422.3355269213965,0.5288085875849764,0.08629031236643792,31.84139242083661,1053.233298661504,True,
5,40.0,26.0,61.27721064082115,318.64149533227004,422.3355269213965,0.4756564590232511,0.07229344819954636,26.676506208505728,882.3918332278247,True,
6,40.0,26.0,64.23847075144784,278.3667065896073,422.3355269213965,0.4402217066487675,0.06315589582056563,23.304721090501697,770.8616490173741,True,
2,40.0,28.0,54.757556387610386,766.6057894265455,422.3355269213965,0.7945692303936035,0.16150427397246497,59.59557711833846,1971.2720299539742,False,battery 766.6 Wh > 422.3 Wh
3,40.0,28.0,56.14273244579086,523.9988361607147,422.3355269213965,0.6173954685211854,0.11039318090704522,40.73542553558771,1347.4255786989806,False,battery 524.0 Wh > 422.3 Wh
4,40.0,28.0,58.51296103675022,409.59072725725156,422.3355269213965,0.5288085875849764,0.08629031236643792,31.84139242083661,1053.233298661504,True,
5,40.0,28.0,61.27721064082115,343.1523795885985,422.3355269213965,0.4756564590232511,0.07229344819954636,26.676506208505728,882.3918332278247,True,
6,40.0,28.0,64.23847075144784,299.77953017342327,422.3355269213965,0.4402217066487675,0.06315589582056563,23.304721090501697,770.8616490173741,True,
2,40.0,30.0,54.757556387610386,821.3633458141559,422.3355269213965,0.7945692303936035,0.16150427397246497,59.59557711833846,1971.2720299539742,False,battery 821.4 Wh > 422.3 Wh
3,40.0,30.0,56.14273244579086,561.4273244579085,422.3355269213965,0.6173954685211854,0.11039318090704522,40.73542553558771,1347.4255786989806,False,battery 561.4 Wh > 422.3 Wh
4,40.0,30.0,58.51296103675022,438.8472077756267,422.3355269213965,0.5288085875849764,0.08629031236643792,31.84139242083661,1053.233298661504,False,battery 438.8 Wh > 422.3 Wh
5,40.0,30.0,61.27721064082115,367.663263844927,422.3355269213965,0.4756564590232511,0.07229344819954636,26.676506208505728,882.3918332278247,True,
6,40.0,30.0,64.23847075144784,321.19235375723923,422.3355269213965,0.4402217066487675,0.06315589582056563,23.304721090501697,770.8616490173741,True,
2,40.0,32.0,54.757556387610386,876.1209022017664,422.3355269213965,0.7945692303936035,0.16150427397246497,59.59557711833846,1971.2720299539742,False,battery 876.1 Wh > 422.3 Wh
3,40.0,32.0,56.14273244579086,598.8558127551025,422.3355269213965,0.6173954685211854,0.11039318090704522,40.73542553558771,1347.4255786989806,False,battery 598.9 Wh > 422.3 Wh
4,40.0,32.0,58.51296103675022,468.10368829400176,422.3355269213965,0.5288085875849764,0.08629031236643792,31.84139242083661,1053.233298661504,False,battery 468.1 Wh > 422.3 Wh
5,40.0,32.0,61.27721064082115,392.1741481012554,422.3355269213965,0.4756564590232511,0.07229344819954636,26.676506208505728,882.3918332278247,True,
6,40.0,32.0,64.23847075144784,342.6051773410552,422.3355269213965,0.4402217066487675,0.06315589582056563,23.304721090501697,770.8616490173741,True,
2,40.0,34.0,54.757556387610386,930.8784585893767,422.3355269213965,0.7945692303936035,0.16150427397246497,59.59557711833846,1971.2720299539742,False,battery 930.9 Wh > 422.3 Wh
3,40.0,34.0,56.14273244579086,636.2843010522964,422.3355269213965,0.6173954685211854,0.11039318090704522,40.73542553558771,1347.4255786989806,False,battery 636.3 Wh > 422.3 Wh
4,40.0,34.0,58.51296103675022,497.36016881237686,422.3355269213965,0.5288085875849764,0.08629031236643792,31.84139242083661,1053.233298661504,False,battery 497.4 Wh > 422.3 Wh
5,40.0,34.0,61.27721064082115,416.68503235758385,422.3355269213965,0.4756564590232511,0.07229344819954636,26.676506208505728,882.3918332278247,True,
6,40.0,34.0,64.23847075144784,364.0180009248711,422.3355269213965,0.4402217066487675,0.06315589582056563,23.304721090501697,770.8616490173741,True,
2,40.0,36.0,54.757556387610386,985.6360149769872,422.3355269213965,0.7945692303936035,0.16150427397246497,59.59557711833846,1971.2720299539742,False,battery 985.6 Wh > 422.3 Wh
3,40.0,36.0,56.14273244579086,673.7127893494903,422.3355269213965,0.6173954685211854,0.11039318090704522,40.73542553558771,1347.4255786989806,False,battery 673.7 Wh > 422.3 Wh
4,40.0,36.0,58.51296103675022,526.616649330752,422.3355269213965,0.5288085875849764,0.08629031236643792,31.84139242083661,1053.233298661504,False,battery 526.6 Wh > 422.3 Wh
5,40.0,36.0,61.27721064082115,441.19591661391235,422.3355269213965,0.4756564590232511,0.07229344819954636,26.676506208505728,882.3918332278247,False,battery 441.2 Wh > 422.3 Wh
6,40.0,36.0,64.23847075144784,385.43082450868707,422.3355269213965,0.4402217066487675,0.06315589582056563,23.304721090501697,770.8616490173741,True,
2,40.0,38.0,54.757556387610386,1040.3935713645976,422.3355269213965,0.7945692303936035,0.16150427397246497,59.59557711833846,1971.2720299539742,False,battery 1040.4 Wh > 422.3 Wh
3,40.0,38.0,56.14273244579086,711.1412776466842,422.3355269213965,0.6173954685211854,0.11039318090704522,40.73542553558771,1347.4255786989806,False,battery 711.1 Wh > 422.3 Wh
4,40.0,38.0,58.51296103675022,555.873129849127,422.3355269213965,0.5288085875849764,0.08629031236643792,31.84139242083661,1053.233298661504,False,battery 555.9 Wh > 422.3 Wh
5,40.0,38.0,61.27721064082115,465.70680087024084,422.3355269213965,0.4756564590232511,0.07229344819954636,26.676506208505728,882.3918332278247,False,battery 465.7 Wh > 422.3 Wh
6,40.0,38.0,64.23847075144784,406.84364809250303,422.3355269213965,0.4402217066487675,0.06315589582056563,23.304721090501697,770.8616490173741,True,
2,40.0,40.0,54.757556387610386,1095.151127752208,422.3355269213965,0.7945692303936035,0.16150427397246497,59.59557711833846,1971.2720299539742,False,battery 1095.2 Wh > 422.3 Wh
3,40.0,40.0,56.14273244579086,748.5697659438781,422.3355269213965,0.6173954685211854,0.11039318090704522,40.73542553558771,1347.4255786989806,False,battery 748.6 Wh > 422.3 Wh
4,40.0,40.0,58.51296103675022,585.1296103675022,422.3355269213965,0.5288085875849764,0.08629031236643792,31.84139242083661,1053.233298661504,False,battery 585.1 Wh > 422.3 Wh
5,40.0,40.0,61.27721064082115,490.2176851265692,422.3355269213965,0.4756564590232511,0.07229344819954636,26.676506208505728,882.3918332278247,False,battery 490.2 Wh > 422.3 Wh
6,40.0,40.0,64.23847075144784,428.25647167631894,422.3355269213965,0.4402217066487675,0.06315589582056563,23.304721090501697,770.8616490173741,False,battery 428.3 Wh > 422.3 Wh
2,45.0,2.0,57.058732217876695,57.05873221787671,422.3355269213965,0.8610093910957602,0.1682914601850739,62.100069844141,2054.1143598435615,True,
3,45.0,2.0,57.920599118018394,38.6137327453456,422.3355269213965,0.66168890898929,0.11388899147104523,42.02539045684721,1390.0943788324416,True,
4,45.0,2.0,60.02917312995838,30.014586564979194,422.3355269213965,0.5620286679360549,0.08852630269778569,32.66647977580292,1080.5251163392509,True,
5,45.0,2.0,62.63642998661766,25.054571994647066,422.3355269213965,0.5022325233041137,0.07389702402063147,27.26823065120917,901.9645918072944,True,
6,45.0,2.0,65.4930282656366,21.831009421878864,422.3355269213965,0.46236842688281965,0.06438931098036264,23.75985510316035,785.9163391876391,True,
2,45.0,4.0,57.058732217876695,114.11746443575342,422.3355269213965,0.8610093910957602,0.1682914601850739,62.100069844141,2054.1143598435615,True,
3,45.0,4.0,57.920599118018394,77.2274654906912,422.3355269213965,0.66168890898929,0.11388899147104523,42.02539045684721,1390.0943788324416,True,
4,45.0,4.0,60.02917312995838,60.02917312995839,422.3355269213965,0.5620286679360549,0.08852630269778569,32.66647977580292,1080.5251163392509,True,
5,45.0,4.0,62.63642998661766,50.10914398929413,422.3355269213965,0.5022325233041137,0.07389702402063147,27.26823065120917,901.9645918072944,True,
6,45.0,4.0,65.4930282656366,43.66201884375773,422.3355269213965,0.46236842688281965,0.06438931098036264,23.75985510316035,785.9163391876391,True,
2,45.0,6.0,57.058732217876695,171.17619665363011,422.3355269213965,0.8610093910957602,0.1682914601850739,62.100069844141,2054.1143598435615,True,
3,45.0,6.0,57.920599118018394,115.8411982360368,422.3355269213965,0.66168890898929,0.11388899147104523,42.02539045684721,1390.0943788324416,True,
4,45.0,6.0,60.02917312995838,90.04375969493758,422.3355269213965,0.5620286679360549,0.08852630269778569,32.66647977580292,1080.5251163392509,True,
5,45.0,6.0,62.63642998661766,75.16371598394119,422.3355269213965,0.5022325233041137,0.07389702402063147,27.26823065120917,901.9645918072944,True,
6,45.0,6.0,65.4930282656366,65.4930282656366,422.3355269213965,0.46236842688281965,0.06438931098036264,23.75985510316035,785.9163391876391,True,
2,45.0,8.0,57.058732217876695,228.23492887150684,422.3355269213965,0.8610093910957602,0.1682914601850739,62.100069844141,2054.1143598435615,True,
3,45.0,8.0,57.920599118018394,154.4549309813824,422.3355269213965,0.66168890898929,0.11388899147104523,42.02539045684721,1390.0943788324416,True,
4,45.0,8.0,60.02917312995838,120.05834625991677,422.3355269213965,0.5620286679360549,0.08852630269778569,32.66647977580292,1080.5251163392509,True,
5,45.0,8.0,62.63642998661766,100.21828797858826,422.3355269213965,0.5022325233041137,0.07389702402063147,27.26823065120917,901.9645918072944,True,
6,45.0,8.0,65.4930282656366,87.32403768751546,422.3355269213965,0.46236842688281965,0.06438931098036264,23.75985510316035,785.9163391876391,True,
2,45.0,10.0,57.058732217876695,285.29366108938353,422.3355269213965,0.8610093910957602,0.1682914601850739,62.100069844141,2054.1143598435615,True,
3,45.0,10.0,57.920599118018394,193.068663726728,422.3355269213965,0.66168890898929,0.11388899147104523,42.02539045684721,1390.0943788324416,True,
4,45.0,10.0,60.02917312995838,150.07293282489596,422.3355269213965,0.5620286679360549,0.08852630269778569,32.66647977580292,1080.5251163392509,True,
5,45.0,10.0,62.63642998661766,125.27285997323534,422.3355269213965,0.5022325233041137,0.07389702402063147,27.26823065120917,901.9645918072944,True,
6,45.0,10.0,65.4930282656366,109.15504710939432,422.3355269213965,0.46236842688281965,0.06438931098036264,23.75985510316035,785.9163391876391,True,
2,45.0,12.0,57.058732217876695,342.35239330726023,422.3355269213965,0.8610093910957602,0.1682914601850739,62.100069844141,2054.1143598435615,True,
3,45.0,12.0,57.920599118018394,231.6823964720736,422.3355269213965,0.66168890898929,0.11388899147104523,42.02539045684721,1390.0943788324416,True,
4,45.0,12.0,60.02917312995838,180.08751938987515,422.3355269213965,0.5620286679360549,0.08852630269778569,32.66647977580292,1080.5251163392509,True,
5,45.0,12.0,62.63642998661766,150.32743196788238,422.3355269213965,0.5022325233041137,0.07389702402063147,27.26823065120917,901.9645918072944,True,
6,45.0,12.0,65.4930282656366,130.9860565312732,422.3355269213965,0.46236842688281965,0.06438931098036264,23.75985510316035,785.9163391876391,True,
2,45.0,14.0,57.058732217876695,399.4111255251369,422.3355269213965,0.8610093910957602,0.1682914601850739,62.100069844141,2054.1143598435615,True,
3,45.0,14.0,57.920599118018394,270.2961292174192,422.3355269213965,0.66168890898929,0.11388899147104523,42.02539045684721,1390.0943788324416,True,
4,45.0,14.0,60.02917312995838,210.10210595485432,422.3355269213965,0.5620286679360549,0.08852630269778569,32.66647977580292,1080.5251163392509,True,
5,45.0,14.0,62.63642998661766,175.38200396252947,422.3355269213965,0.5022325233041137,0.07389702402063147,27.26823065120917,901.9645918072944,True,
6,45.0,14.0,65.4930282656366,152.81706595315205,422.3355269213965,0.46236842688281965,0.06438931098036264,23.75985510316035,785.9163391876391,True,
2,45.0,16.0,57.058732217876695,456.4698577430137,422.3355269213965,0.8610093910957602,0.1682914601850739,62.100069844141,2054.1143598435615,False,battery 456.5 Wh > 422.3 Wh
3,45.0,16.0,57.920599118018394,308.9098619627648,422.3355269213965,0.66168890898929,0.11388899147104523,42.02539045684721,1390.0943788324416,True,
4,45.0,16.0,60.02917312995838,240.11669251983355,422.3355269213965,0.5620286679360549,0.08852630269778569,32.66647977580292,1080.5251163392509,True,
5,45.0,16.0,62.63642998661766,200.43657595717653,422.3355269213965,0.5022325233041137,0.07389702402063147,27.26823065120917,901.9645918072944,True,
6,45.0,16.0,65.4930282656366,174.6480753750309,422.3355269213965,0.46236842688281965,0.06438931098036264,23.75985510316035,785.9163391876391,True,
2,45.0,18.0,57.058732217876695,513.5285899608904,422.3355269213965,0.8610093910957602,0.1682914601850739,62.100069844141,2054.1143598435615,False,battery 513.5 Wh > 422.3 Wh
3,45.0,18.0,57.920599118018394,347.5235947081104,422.3355269213965,0.66168890898929,0.11388899147104523,42.02539045684721,1390.0943788324416,True,
4,45.0,18.0,60.02917312995838,270.1312790848127,422.3355269213965,0.5620286679360549,0.08852630269778569,32.66647977580292,1080.5251163392509,True,
5,45.0,18.0,62.63642998661766,225.4911479518236,422.3355269213965,0.5022325233041137,0.07389702402063147,27.26823065120917,901.9645918072944,True,
6,45.0,18.0,65.4930282656366,196.47908479690977,422.3355269213965,0.46236842688281965,0.06438931098036264,23.75985510316035,785.9163391876391,True,
2,45.0,20.0,57.058732217876695,570.5873221787671,422.3355269213965,0.8610093910957602,0.1682914601850739,62.100069844141,2054.1143598435615,False,battery 570.6 Wh > 422.3 Wh
3,45.0,20.0,57.920599118018394,386.137327453456,422.3355269213965,0.66168890898929,0.11388899147104523,42.02539045684721,1390.0943788324416,True,
4,45.0,20.0,60.02917312995838,300.1458656497919,422.3355269213965,0.5620286679360549,0.08852630269778569,32.66647977580292,1080.5251163392509,True,
5,45.0,20.0,62.63642998661766,250.54571994647068,422.3355269213965,0.5022325233041137,0.07389702402063147,27.26823065120917,901.9645918072944,True,
6,45.0,20.0,65.4930282656366,218.31009421878863,422.3355269213965,0.46236842688281965,0.06438931098036264,23.75985510316035,785.9163391876391,True,
2,45.0,22.0,57.058732217876695,627.6460543966439,422.3355269213965,0.8610093910957602,0.1682914601850739,62.100069844141,2054.1143598435615,False,battery 627.6 Wh > 422.3 Wh
3,45.0,22.0,57.920599118018394,424.7510601988016,422.3355269213965,0.66168890898929,0.11388899147104523,42.02539045684721,1390.0943788324416,False,battery 424.8 Wh > 422.3 Wh
4,45.0,22.0,60.02917312995838,330.1604522147711,422.3355269213965,0.5620286679360549,0.08852630269778569,32.66647977580292,1080.5251163392509,True,
5,45.0,22.0,62.63642998661766,275.6002919411177,422.3355269213965,0.5022325233041137,0.07389702402063147,27.26823065120917,901.9645918072944,True,
6,45.0,22.0,65.4930282656366,240.14110364066752,422.3355269213965,0.46236842688281965,0.06438931098036264,23.75985510316035,785.9163391876391,True,
2,45.0,24.0,57.058732217876695,684.7047866145205,422.3355269213965,0.8610093910957602,0.1682914601850739,62.100069844141,2054.1143598435615,False,battery 684.7 Wh > 422.3 Wh
3,45.0,24.0,57.920599118018394,463.3647929441472,422.3355269213965,0.66168890898929,0.11388899147104523,42.02539045684721,1390.0943788324416,False,battery 463.4 Wh > 422.3 Wh
4,45.0,24.0,60.02917312995838,360.1750387797503,422.3355269213965,0.5620286679360549,0.08852630269778569,32.66647977580292,1080.5251163392509,True,
5,45.0,24.0,62.63642998661766,300.65486393576475,422.3355269213965,0.5022325233041137,0.07389702402063147,27.26823065120917,901.9645918072944,True,
6,45.0,24.0,65.4930282656366,261.9721130625464,422.3355269213965,0.46236842688281965,0.06438931098036264,23.75985510316035,785.9163391876391,True,
2,45.0,26.0,57.058732217876695,741.7635188323973,422.3355269213965,0.8610093910957602,0.1682914601850739,62.100069844141,2054.1143598435615,False,battery 741.8 Wh > 422.3 Wh
3,45.0,26.0,57.920599118018394,501.9785256894928,422.3355269213965,0.66168890898929,0.11388899147104523,42.02539045684721,1390.0943788324416,False,battery 502.0 Wh > 422.3 Wh
4,45.0,26.0,60.02917312995838,390.18962534472945,422.3355269213965,0.5620286679360549,0.08852630269778569,32.66647977580292,1080.5251163392509,True,
5,45.0,26.0,62.63642998661766,325.70943593041187,422.3355269213965,0.5022325233041137,0.07389702402063147,27.26823065120917,901.9645918072944,True,
6,45.0,26.0,65.4930282656366,283.8031224844252,422.3355269213965,0.46236842688281965,0.06438931098036264,23.75985510316035,785.9163391876391,True,
2,45.0,28.0,57.058732217876695,798.8222510502738,422.3355269213965,0.8610093910957602,0.1682914601850739,62.100069844141,2054.1143598435615,False,battery 798.8 Wh > 422.3 Wh
3,45.0,28.0,57.920599118018394,540.5922584348384,422.3355269213965,0.66168890898929,0.11388899147104523,42.02539045684721,1390.0943788324416,False,battery 540.6 Wh > 422.3 Wh
4,45.0,28.0,60.02917312995838,420.20421190970865,422.3355269213965,0.5620286679360549,0.08852630269778569,32.66647977580292,1080.5251163392509,True,
5,45.0,28.0,62.63642998661766,350.76400792505893,422.3355269213965,0.5022325233041137,0.07389702402063147,27.26823065120917,901.9645918072944,True,
6,45.0,28.0,65.4930282656366,305.6341319063041,422.3355269213965,0.46236842688281965,0.06438931098036264,23.75985510316035,785.9163391876391,True,
2,45.0,30.0,57.058732217876695,855.8809832681507,422.3355269213965,0.8610093910957602,0.1682914601850739,62.100069844141,2054.1143598435615,False,battery 855.9 Wh > 422.3 Wh
3,45.0,30.0,57.920599118018394,579.205991180184,422.3355269213965,0.66168890898929,0.11388899147104523,42.02539045684721,1390.0943788324416,False,battery 579.2 Wh > 422.3 Wh
4,45.0,30.0,60.02917312995838,450.2187984746879,422.3355269213965,0.5620286679360549,0.08852630269778569,32.66647977580292,1080.5251163392509,False,battery 450.2 Wh > 422.3 Wh
5,45.0,30.0,62.63642998661766,375.818579919706,422.3355269213965,0.5022325233041137,0.07389702402063147,27.26823065120917,901.9645918072944,True,
6,45.0,30.0,65.4930282656366,327.46514132818294,422.3355269213965,0.46236842688281965,0.06438931098036264,23.75985510316035,785.9163391876391,True,
2,45.0,32.0,57.058732217876695,912.9397154860274,422.3355269213965,0.8610093910957602,0.1682914601850739,62.100069844141,2054.1143598435615,False,battery 912.9 Wh > 422.3 Wh
3,45.0,32.0,57.920599118018394,617.8197239255296,422.3355269213965,0.66168890898929,0.11388899147104523,42.02539045684721,1390.0943788324416,False,battery 617.8 Wh > 422.3 Wh
4,45.0,32.0,60.02917312995838,480.2333850396671,422.3355269213965,0.5620286679360549,0.08852630269778569,32.66647977580292,1080.5251163392509,False,battery 480.2 Wh > 422.3 Wh
5,45.0,32.0,62.63642998661766,400.87315191435306,422.3355269213965,0.5022325233041137,0.07389702402063147,27.26823065120917,901.9645918072944,True,
6,45.0,32.0,65.4930282656366,349.2961507500618,422.3355269213965,0.46236842688281965,0.06438931098036264,23.75985510316035,785.9163391876391,True,
2,45.0,34.0,57.058732217876695,969.9984477039039,422.3355269213965,0.8610093910957602,0.1682914601850739,62.100069844141,2054.1143598435615,False,battery 970.0 Wh > 422.3 Wh
3,45.0,34.0,57.920599118018394,656.4334566708752,422.3355269213965,0.66168890898929,0.11388899147104523,42.02539045684721,1390.0943788324416,False,battery 656.4 Wh > 422.3 Wh
4,45.0,34.0,60.02917312995838,510.2479716046463,422.3355269213965,0.5620286679360549,0.08852630269778569,32.66647977580292,1080.5251163392509,False,battery 510.2 Wh > 422.3 Wh
5,45.0,34.0,62.63642998661766,425.9277239090001,422.3355269213965,0.5022325233041137,0.07389702402063147,27.26823065120917,901.9645918072944,False,battery 425.9 Wh > 422.3 Wh
6,45.0,34.0,65.4930282656366,371.12716017194066,422.3355269213965,0.46236842688281965,0.06438931098036264,23.75985510316035,785.9163391876391,True,
2,45.0,36.0,57.058732217876695,1027.0571799217807,422.3355269213965,0.8610093910957602,0.1682914601850739,62.100069844141,2054.1143598435615,False,battery 1027.1 Wh > 422.3 Wh
3,45.0,36.0,57.920599118018394,695.0471894162208,422.3355269213965,0.66168890898929,0.11388899147104523,42.02539045684721,1390.0943788324416,False,battery 695.0 Wh > 422.3 Wh
4,45.0,36.0,60.02917312995838,540.2625581696254,422.3355269213965,0.5620286679360549,0.08852630269778569,32.66647977580292,1080.5251163392509,False,battery 540.3 Wh > 422.3 Wh
5,45.0,36.0,62.63642998661766,450.9822959036472,422.3355269213965,0.5022325233041137,0.07389702402063147,27.26823065120917,901.9645918072944,False,battery 451.0 Wh > 422.3 Wh
6,45.0,36.0,65.4930282656366,392.95816959381955,422.3355269213965,0.46236842688281965,0.06438931098036264,23.75985510316035,785.9163391876391,True,
2,45.0,38.0,57.058732217876695,1084.1159121396574,422.3355269213965,0.8610093910957602,0.1682914601850739,62.100069844141,2054.1143598435615,False,battery 1084.1 Wh > 422.3 Wh
3,45.0,38.0,57.920599118018394,733.6609221615664,422.3355269213965,0.66168890898929,0.11388899147104523,42.02539045684721,1390.0943788324416,False,battery 733.7 Wh > 422.3 Wh
4,45.0,38.0,60.02917312995838,570.2771447346046,422.3355269213965,0.5620286679360549,0.08852630269778569,32.66647977580292,1080.5251163392509,False,battery 570.3 Wh > 422.3 Wh
5,45.0,38.0,62.63642998661766,476.0368678982943,422.3355269213965,0.5022325233041137,0.07389702402063147,27.26823065120917,901.9645918072944,False,battery 476.0 Wh > 422.3 Wh
6,45.0,38.0,65.4930282656366,414.78917901569844,422.3355269213965,0.46236842688281965,0.06438931098036264,23.75985510316035,785.9163391876391,True,
2,45.0,40.0,57.058732217876695,1141.1746443575341,422.3355269213965,0.8610093910957602,0.1682914601850739,62.100069844141,2054.1143598435615,False,battery 1141.2 Wh > 422.3 Wh
3,45.0,40.0,57.920599118018394,772.274654906912,422.3355269213965,0.66168890898929,0.11388899147104523,42.02539045684721,1390.0943788324416,False,battery 772.3 Wh > 422.3 Wh
4,45.0,40.0,60.02917312995838,600.2917312995838,422.3355269213965,0.5620286679360549,0.08852630269778569,32.66647977580292,1080.5251163392509,False,battery 600.3 Wh > 422.3 Wh
5,45.0,40.0,62.63642998661766,501.09143989294137,422.3355269213965,0.5022325233041137,0.07389702402063147,27.26823065120917,901.9645918072944,False,battery 501.1 Wh > 422.3 Wh
6,45.0,40.0,65.4930282656366,436.62018843757727,422.3355269213965,0.46236842688281965,0.06438931098036264,23.75985510316035,785.9163391876391,False,battery 436.6 Wh > 422.3 Wh
2,50.0,2.0,59.54460539803906,59.54460539803906,422.3355269213965,0.9274495517979169,0.1756234006447213,64.80557857367765,2143.6057943294063,True,
3,50.0,2.0,59.8215973568433,39.8810649045622,422.3355269213965,0.7059823494573945,0.11762691503372898,43.40469582421076,1435.7183365642393,True,
4,50.0,2.0,61.637733898114554,30.818866949057277,422.3355269213965,0.5952487482871333,0.09089848159089306,33.541821131702754,1109.479210166062,True,
5,50.0,2.0,64.06952827237257,25.62781130894903,422.3355269213965,0.5288085875849764,0.07558776052124276,27.892117654510074,922.6012071221651,True,
6,50.0,2.0,66.80915156312403,22.26971718770801,422.3355269213965,0.48451514711687194,0.0656832543898306,24.237324227345017,801.7098187574884,True,
2,50.0,4.0,59.54460539803906,119.08921079607812,422.3355269213965,0.9274495517979169,0.1756234006447213,64.80557857367765,2143.6057943294063,True,
3,50.0,4.0,59.8215973568433,79.7621298091244,422.3355269213965,0.7059823494573945,0.11762691503372898,43.40469582421076,1435.7183365642393,True,
4,50.0,4.0,61.637733898114554,61.637733898114554,422.3355269213965,0.5952487482871333,0.09089848159089306,33.541821131702754,1109.479210166062,True,
5,50.0,4.0,64.06952827237257,51.25562261789806,422.3355269213965,0.5288085875849764,0.07558776052124276,27.892117654510074,922.6012071221651,True,
6,50.0,4.0,66.80915156312403,44.53943437541602,422.3355269213965,0.48451514711687194,0.0656832543898306,24.237324227345017,801.7098187574884,True,
2,50.0,6.0,59.54460539803906,178.6338161941172,422.3355269213965,0.9274495517979169,0.1756234006447213,64.80557857367765,2143.6057943294063,True,
3,50.0,6.0,59.8215973568433,119.64319471368663,422.3355269213965,0.7059823494573945,0.11762691503372898,43.40469582421076,1435.7183365642393,True,
4,50.0,6.0,61.637733898114554,92.45660084717184,422.3355269213965,0.5952487482871333,0.09089848159089306,33.541821131702754,1109.479210166062,True,
5,50.0,6.0,64.06952827237257,76.88343392684709,422.3355269213965,0.5288085875849764,0.07558776052124276,27.892117654510074,922.6012071221651,True,
6,50.0,6.0,66.80915156312403,66.80915156312403,422.3355269213965,0.48451514711687194,0.0656832543898306,24.237324227345017,801.7098187574884,True,
2,50.0,8.0,59.54460539803906,238.17842159215624,422.3355269213965,0.9274495517979169,0.1756234006447213,64.80557857367765,2143.6057943294063,True,
3,50.0,8.0,59.8215973568433,159.5242596182488,422.3355269213965,0.7059823494573945,0.11762691503372898,43.40469582421076,1435.7183365642393,True,
4,50.0,8.0,61.637733898114554,123.27546779622911,422.3355269213965,0.5952487482871333,0.09089848159089306,33.541821131702754,1109.479210166062,True,
5,50.0,8.0,64.06952827237257,102.51124523579612,422.3355269213965,0.5288085875849764,0.07558776052124276,27.892117654510074,922.6012071221651,True,
6,50.0,8.0,66.80915156312403,89.07886875083204,422.3355269213965,0.48451514711687194,0.0656832543898306,24.237324227345017,801.7098187574884,True,
2,50.0,10.0,59.54460539803906,297.7230269901953,422.3355269213965,0.9274495517979169,0.1756234006447213,64.80557857367765,2143.6057943294063,True,
3,50.0,10.0,59.8215973568433,199.40532452281101,422.3355269213965,0.7059823494573945,0.11762691503372898,43.40469582421076,1435.7183365642393,True,
4,50.0,10.0,61.637733898114554,154.0943347452864,422.3355269213965,0.5952487482871333,0.09089848159089306,33.541821131702754,1109.479210166062,True,
5,50.0,10.0,64.06952827237257,128.13905654474516,422.3355269213965,0.5288085875849764,0.07558776052124276,27.892117654510074,922.6012071221651,True,
6,50.0,10.0,66.80915156312403,111.34858593854005,422.3355269213965,0.48451514711687194,0.0656832543898306,24.237324227345017,801.7098187574884,True,
2,50.0,12.0,59.54460539803906,357.2676323882344,422.3355269213965,0.9274495517979169,0.1756234006447213,64.80557857367765,2143.6057943294063,True,
3,50.0,12.0,59.8215973568433,239.28638942737325,422.3355269213965,0.7059823494573945,0.11762691503372898,43.40469582421076,1435.7183365642393,True,
4,50.0,12.0,61.637733898114554,184.91320169434368,422.3355269213965,0.5952487482871333,0.09089848159089306,33.541821131702754,1109.479210166062,True,
5,50.0,12.0,64.06952827237257,153.76686785369418,422.3355269213965,0.5288085875849764,0.07558776052124276,27.892117654510074,922.6012071221651,True,
6,50.0,12.0,66.80915156312403,133.61830312624807,422.3355269213965,0.48451514711687194,0.0656832543898306,24.237324227345017,801.7098187574884,True,
2,50.0,14.0,59.54460539803906,416.8122377862735,422.3355269213965,0.9274495517979169,0.1756234006447213,64.80557857367765,2143.6057943294063,True,
3,50.0,14.0,59.8215973568433,279.16745433193546,422.3355269213965,0.7059823494573945,0.11762691503372898,43.40469582421076,1435.7183365642393,True,
4,50.0,14.0,61.637733898114554,215.73206864340096,422.3355269213965,0.5952487482871333,0.09089848159089306,33.541821131702754,1109.479210166062,True,
5,50.0,14.0,64.06952827237257,179.3946791626432,422.3355269213965,0.5288085875849764,0.07558776052124276,27.892117654510074,922.6012071221651,True,
6,50.0,14.0,66.80915156312403,155.88802031395608,422.3355269213965,0.48451514711687194,0.0656832543898306,24.237324227345017,801.7098187574884,True,
2,50.0,16.0,59.54460539803906,476.3568431843125,422.3355269213965,0.9274495517979169,0.1756234006447213,64.80557857367765,2143.6057943294063,False,battery 476.4 Wh > 422.3 Wh
3,50.0,16.0,59.8215973568433,319.0485192364976,422.3355269213965,0.7059823494573945,0.11762691503372898,43.40469582421076,1435.7183365642393,True,
4,50.0,16.0,61.637733898114554,246.55093559245822,422.3355269213965,0.5952487482871333,0.09089848159089306,33.541821131702754,1109.479210166062,True,
5,50.0,16.0,64.06952827237257,205.02249047159225,422.3355269213965,0.5288085875849764,0.07558776052124276,27.892117654510074,922.6012071221651,True,
6,50.0,16.0,66.80915156312403,178.1577375016641,422.3355269213965,0.48451514711687194,0.0656832543898306,24.237324227345017,801.7098187574884,True,
2,50.0,18.0,59.54460539803906,535.9014485823516,422.3355269213965,0.9274495517979169,0.1756234006447213,64.80557857367765,2143.6057943294063,False,battery 535.9 Wh > 422.3 Wh
3,50.0,18.0,59.8215973568433,358.9295841410598,422.3355269213965,0.7059823494573945,0.11762691503372898,43.40469582421076,1435.7183365642393,True,
4,50.0,18.0,61.637733898114554,277.3698025415155,422.3355269213965,0.5952487482871333,0.09089848159089306,33.541821131702754,1109.479210166062,True,
5,50.0,18.0,64.06952827237257,230.65030178054127,422.3355269213965,0.5288085875849764,0.07558776052124276,27.892117654510074,922.6012071221651,True,
6,50.0,18.0,66.80915156312403,200.4274546893721,422.3355269213965,0.48451514711687194,0.0656832543898306,24.237324227345017,801.7098187574884,True,
2,50.0,20.0,59.54460539803906,595.4460539803906,422.3355269213965,0.9274495517979169,0.1756234006447213,64.80557857367765,2143.6057943294063,False,battery 595.4 Wh > 422.3 Wh
3,50.0,20.0,59.8215973568433,398.81064904562203,422.3355269213965,0.7059823494573945,0.11762691503372898,43.40469582421076,1435.7183365642393,True,
4,50.0,20.0,61.637733898114554,308.1886694905728,422.3355269213965,0.5952487482871333,0.09089848159089306,33.541821131702754,1109.479210166062,True,
5,50.0,20.0,64.06952827237257,256.2781130894903,422.3355269213965,0.5288085875849764,0.07558776052124276,27.892117654510074,922.6012071221651,True,
6,50.0,20.0,66.80915156312403,222.6971718770801,422.3355269213965,0.48451514711687194,0.0656832543898306,24.237324227345017,801.7098187574884,True,
2,50.0,22.0,59.54460539803906,654.9906593784297,422.3355269213965,0.9274495517979169,0.1756234006447213,64.80557857367765,2143.6057943294063,False,battery 655.0 Wh > 422.3 Wh
3,50.0,22.0,59.8215973568433,438.69171395018424,422.3355269213965,0.7059823494573945,0.11762691503372898,43.40469582421076,1435.7183365642393,False,battery 438.7 Wh > 422.3 Wh
4,50.0,22.0,61.637733898114554,339.0075364396301,422.3355269213965,0.5952487482871333,0.09089848159089306,33.541821131702754,1109.479210166062,True,
5,50.0,22.0,64.06952827237257,281.9059243984393,422.3355269213965,0.5288085875849764,0.07558776052124276,27.892117654510074,922.6012071221651,True,
6,50.0,22.0,66.80915156312403,244.9668890647881,422.3355269213965,0.48451514711687194,0.0656832543898306,24.237324227345017,801.7098187574884,True,
2,50.0,24.0,59.54460539803906,714.5352647764688,422.3355269213965,0.9274495517979169,0.1756234006447213,64.80557857367765,2143.6057943294063,False,battery 714.5 Wh > 422.3 Wh
3,50.0,24.0,59.8215973568433,478.5727788547465,422.3355269213965,0.7059823494573945,0.11762691503372898,43.40469582421076,1435.7183365642393,False,battery 478.6 Wh > 422.3 Wh
4,50.0,24.0,61.637733898114554,369.82640338868737,422.3355269213965,0.5952487482871333,0.09089848159089306,33.541821131702754,1109.479210166062,True,
5,50.0,24.0,64.06952827237257,307.53373570738836,422.3355269213965,0.5288085875849764,0.07558776052124276,27.892117654510074,922.6012071221651,True,
6,50.0,24.0,66.80915156312403,267.23660625249613,422.3355269213965,0.48451514711687194,0.0656832543898306,24.237324227345017,801.7098187574884,True,
2,50.0,26.0,59.54460539803906,774.0798701745078,422.3355269213965,0.9274495517979169,0.1756234006447213,64.80557857367765,2143.6057943294063,False,battery 774.1 Wh > 422.3 Wh
3,50.0,26.0,59.8215973568433,518.4538437593087,422.3355269213965,0.7059823494573945,0.11762691503372898,43.40469582421076,1435.7183365642393,False,battery 518.5 Wh > 422.3 Wh
4,50.0,26.0,61.637733898114554,400.64527033774465,422.3355269213965,0.5952487482871333,0.09089848159089306,33.541821131702754,1109.479210166062,True,
5,50.0,26.0,64.06952827237257,333.1615470163374,422.3355269213965,0.5288085875849764,0.07558776052124276,27.892117654510074,922.6012071221651,True,
6,50.0,26.0,66.80915156312403,289.50632344020414,422.3355269213965,0.48451514711687194,0.0656832543898306,24.237324227345017,801.7098187574884,True,
2,50.0,28.0,59.54460539803906,833.624475572547,422.3355269213965,0.9274495517979169,0.1756234006447213,64.80557857367765,2143.6057943294063,False,battery 833.6 Wh > 422.3 Wh
3,50.0,28.0,59.8215973568433,558.3349086638709,422.3355269213965,0.7059823494573945,0.11762691503372898,43.40469582421076,1435.7183365642393,False,battery 558.3 Wh > 422.3 Wh
4,50.0,28.0,61.637733898114554,431.46413728680193,422.3355269213965,0.5952487482871333,0.09089848159089306,33.541821131702754,1109.479210166062,False,battery 431.5 Wh > 422.3 Wh
5,50.0,28.0,64.06952827237257,358.7893583252864,422.3355269213965,0.5288085875849764,0.07558776052124276,27.892117654510074,922.6012071221651,True,
6,50.0,28.0,66.80915156312403,311.77604062791215,422.3355269213965,0.48451514711687194,0.0656832543898306,24.237324227345017,801.7098187574884,True,
2,50.0,30.0,59.54460539803906,893.1690809705859,422.3355269213965,0.9274495517979169,0.1756234006447213,64.80557857367765,2143.6057943294063,False,battery 893.2 Wh > 422.3 Wh
3,50.0,30.0,59.8215973568433,598.215973568433,422.3355269213965,0.7059823494573945,0.11762691503372898,43.40469582421076,1435.7183365642393,False,battery 598.2 Wh > 422.3 Wh
4,50.0,30.0,61.637733898114554,462.2830042358592,422.3355269213965,0.5952487482871333,0.09089848159089306,33.541821131702754,1109.479210166062,False,battery 462.3 Wh > 422.3 Wh
5,50.0,30.0,64.06952827237257,384.41716963423545,422.3355269213965,0.5288085875849764,0.07558776052124276,27.892117654510074,922.6012071221651,True,
6,50.0,30.0,66.80915156312403,334.04575781562016,422.3355269213965,0.48451514711687194,0.0656832543898306,24.237324227345017,801.7098187574884,True,
2,50.0,32.0,59.54460539803906,952.713686368625,422.3355269213965,0.9274495517979169,0.1756234006447213,64.80557857367765,2143.6057943294063,False,battery 952.7 Wh > 422.3 Wh
3,50.0,32.0,59.8215973568433,638.0970384729952,422.3355269213965,0.7059823494573945,0.11762691503372898,43.40469582421076,1435.7183365642393,False,battery 638.1 Wh > 422.3 Wh
4,50.0,32.0,61.637733898114554,493.10187118491643,422.3355269213965,0.5952487482871333,0.09089848159089306,33.541821131702754,1109.479210166062,False,battery 493.1 Wh > 422.3 Wh
5,50.0,32.0,64.06952827237257,410.0449809431845,422.3355269213965,0.5288085875849764,0.07558776052124276,27.892117654510074,922.6012071221651,True,
6,50.0,32.0,66.80915156312403,356.3154750033282,422.3355269213965,0.48451514711687194,0.0656832543898306,24.237324227345017,801.7098187574884,True,
2,50.0,34.0,59.54460539803906,1012.258291766664,422.3355269213965,0.9274495517979169,0.1756234006447213,64.80557857367765,2143.6057943294063,False,battery 1012.3 Wh > 422.3 Wh
3,50.0,34.0,59.8215973568433,677.9781033775574,422.3355269213965,0.7059823494573945,0.11762691503372898,43.40469582421076,1435.7183365642393,False,battery 678.0 Wh > 422.3 Wh
4,50.0,34.0,61.637733898114554,523.9207381339737,422.3355269213965,0.5952487482871333,0.09089848159089306,33.541821131702754,1109.479210166062,False,battery 523.9 Wh > 422.3 Wh
5,50.0,34.0,64.06952827237257,435.6727922521335,422.3355269213965,0.5288085875849764,0.07558776052124276,27.892117654510074,922.6012071221651,False,battery 435.7 Wh > 422.3 Wh
6,50.0,34.0,66.80915156312403,378.5851921910362,422.3355269213965,0.48451514711687194,0.0656832543898306,24.237324227345017,801.7098187574884,True,
2,50.0,36.0,59.54460539803906,1071.8028971647032,422.3355269213965,0.9274495517979169,0.1756234006447213,64.80557857367765,2143.6057943294063,False,battery 1071.8 Wh > 422.3 Wh
3,50.0,36.0,59.8215973568433,717.8591682821196,422.3355269213965,0.7059823494573945,0.11762691503372898,43.40469582421076,1435.7183365642393,False,battery 717.9 Wh > 422.3 Wh
4,50.0,36.0,61.637733898114554,554.739605083031,422.3355269213965,0.5952487482871333,0.09089848159089306,33.541821131702754,1109.479210166062,False,battery 554.7 Wh > 422.3 Wh
5,50.0,36.0,64.06952827237257,461.30060356108254,422.3355269213965,0.5288085875849764,0.07558776052124276,27.892117654510074,922.6012071221651,False,battery 461.3 Wh > 422.3 Wh
6,50.0,36.0,66.80915156312403,400.8549093787442,422.3355269213965,0.48451514711687194,0.0656832543898306,24.237324227345017,801.7098187574884,True,
2,50.0,38.0,59.54460539803906,1131.3475025627422,422.3355269213965,0.9274495517979169,0.1756234006447213,64.80557857367765,2143.6057943294063,False,battery 1131.3 Wh > 422.3 Wh
3,50.0,38.0,59.8215973568433,757.7402331866818,422.3355269213965,0.7059823494573945,0.11762691503372898,43.40469582421076,1435.7183365642393,False,battery 757.7 Wh > 422.3 Wh
4,50.0,38.0,61.637733898114554,585.5584720320884,422.3355269213965,0.5952487482871333,0.09089848159089306,33.541821131702754,1109.479210166062,False,battery 585.6 Wh > 422.3 Wh
5,50.0,38.0,64.06952827237257,486.9284148700316,422.3355269213965,0.5288085875849764,0.07558776052124276,27.892117654510074,922.6012071221651,False,battery 486.9 Wh > 422.3 Wh
6,50.0,38.0,66.80915156312403,423.1246265664522,422.3355269213965,0.48451514711687194,0.0656832543898306,24.237324227345017,801.7098187574884,False,battery 423.1 Wh > 422.3 Wh
2,50.0,40.0,59.54460539803906,1190.8921079607812,422.3355269213965,0.9274495517979169,0.1756234006447213,64.80557857367765,2143.6057943294063,False,battery 1190.9 Wh > 422.3 Wh
3,50.0,40.0,59.8215973568433,797.6212980912441,422.3355269213965,0.7059823494573945,0.11762691503372898,43.40469582421076,1435.7183365642393,False,battery 797.6 Wh > 422.3 Wh
4,50.0,40.0,61.637733898114554,616.3773389811456,422.3355269213965,0.5952487482871333,0.09089848159089306,33.541821131702754,1109.479210166062,False,battery 616.4 Wh > 422.3 Wh
5,50.0,40.0,64.06952827237257,512.5562261789806,422.3355269213965,0.5288085875849764,0.07558776052124276,27.892117654510074,922.6012071221651,False,battery 512.6 Wh > 422.3 Wh
6,50.0,40.0,66.80915156312403,445.3943437541602,422.3355269213965,0.48451514711687194,0.0656832543898306,24.237324227345017,801.7098187574884,False,battery 445.4 Wh > 422.3 Wh
2,55.0,2.0,62.215175928097466,62.21517592809748,422.3355269213965,0.9938897125000737,0.18350009535140716,67.7121033069484,2239.746333411509,True,
3,55.0,2.0,61.84572716226555,41.2304847748437,422.3355269213965,0.7502757899254989,0.12160695159509648,44.87334163767835,1484.2974518943734,True,
4,55.0,2.0,63.33864334121873,31.66932167060937,422.3355269213965,0.6284688286382116,0.09340684904576002,34.4674164885361,1140.0955801419373,True,
5,55.0,2.0,65.57650549808592,26.230602199234372,422.3355269213965,0.5553846518658392,0.0773656577013802,28.548167218408437,944.3016791724374,True,
6,55.0,2.0,68.18684064391013,22.728946881303383,422.3355269213965,0.5066618673509242,0.06703772604896949,24.737128463055694,818.2420877269218,True,
2,55.0,4.0,62.215175928097466,124.43035185619496,422.3355269213965,0.9938897125000737,0.18350009535140716,67.7121033069484,2239.746333411509,True,
3,55.0,4.0,61.84572716226555,82.4609695496874,422.3355269213965,0.7502757899254989,0.12160695159509648,44.87334163767835,1484.2974518943734,True,
4,55.0,4.0,63.33864334121873,63.33864334121874,422.3355269213965,0.6284688286382116,0.09340684904576002,34.4674164885361,1140.0955801419373,True,
5,55.0,4.0,65.57650549808592,52.461204398468745,422.3355269213965,0.5553846518658392,0.0773656577013802,28.548167218408437,944.3016791724374,True,
6,55.0,4.0,68.18684064391013,45.457893762606766,422.3355269213965,0.5066618673509242,0.06703772604896949,24.737128463055694,818.2420877269218,True,
2,55.0,6.0,62.215175928097466,186.64552778429243,422.3355269213965,0.9938897125000737,0.18350009535140716,67.7121033069484,2239.746333411509,True,
3,55.0,6.0,61.84572716226555,123.69145432453111,422.3355269213965,0.7502757899254989,0.12160695159509648,44.87334163767835,1484.2974518943734,True,
4,55.0,6.0,63.33864334121873,95.0079650118281,422.3355269213965,0.6284688286382116,0.09340684904576002,34.4674164885361,1140.0955801419373,True,
5,55.0,6.0,65.57650549808592,78.6918065977031,422.3355269213965,0.5553846518658392,0.0773656577013802,28.548167218408437,944.3016791724374,True,
6,55.0,6.0,68.18684064391013,68.18684064391014,422.3355269213965,0.5066618673509242,0.06703772604896949,24.737128463055694,818.2420877269218,True,
2,55.0,8.0,62.215175928097466,248.86070371238992,422.3355269213965,0.9938897125000737,0.18350009535140716,67.7121033069484,2239.746333411509,True,
3,55.0,8.0,61.84572716226555,164.9219390993748,422.3355269213965,0.7502757899254989,0.12160695159509648,44.87334163767835,1484.2974518943734,True,
4,55.0,8.0,63.33864334121873,126.67728668243748,422.3355269213965,0.6284688286382116,0.09340684904576002,34.4674164885361,1140.0955801419373,True,
5,55.0,8.0,65.57650549808592,104.92240879693749,422.3355269213965,0.5553846518658392,0.0773656577013802,28.548167218408437,944.3016791724374,True,
6,55.0,8.0,68.18684064391013,90.91578752521353,422.3355269213965,0.5066618673509242,0.06703772604896949,24.737128463055694,818.2420877269218,True,
2,55.0,10.0,62.215175928097466,311.07587964048736,422.3355269213965,0.9938897125000737,0.18350009535140716,67.7121033069484,2239.746333411509,True,
3,55.0,10.0,61.84572716226555,206.1524238742185,422.3355269213965,0.7502757899254989,0.12160695159509648,44.87334163767835,1484.2974518943734,True,
4,55.0,10.0,63.33864334121873,158.34660835304683,422.3355269213965,0.6284688286382116,0.09340684904576002,34.4674164885361,1140.0955801419373,True,
5,55.0,10.0,65.57650549808592,131.15301099617187,422.3355269213965,0.5553846518658392,0.0773656577013802,28.548167218408437,944.3016791724374,True,
6,55.0,10.0,68.18684064391013,113.64473440651692,422.3355269213965,0.5066618673509242,0.06703772604896949,24.737128463055694,818.2420877269218,True,
2,55.0,12.0,62.215175928097466,373.29105556858485,422.3355269213965,0.9938897125000737,0.18350009535140716,67.7121033069484,2239.746333411509,True,
3,55.0,12.0,61.84572716226555,247.38290864906222,422.3355269213965,0.7502757899254989,0.12160695159509648,44.87334163767835,1484.2974518943734,True,
4,55.0,12.0,63.33864334121873,190.0159300236562,422.3355269213965,0.6284688286382116,0.09340684904576002,34.4674164885361,1140.0955801419373,True,
5,55.0,12.0,65.57650549808592,157.3836131954062,422.3355269213965,0.5553846518658392,0.0773656577013802,28.548167218408437,944.3016791724374,True,
6,55.0,12.0,68.18684064391013,136.3736812878203,422.3355269213965,0.5066618673509242,0.06703772604896949,24.737128463055694,818.2420877269218,True,
2,55.0,14.0,62.215175928097466,435.50623149668235,422.3355269213965,0.9938897125000737,0.18350009535140716,67.7121033069484,2239.746333411509,False,battery 435.5 Wh > 422.3 Wh
3,55.0,14.0,61.84572716226555,288.6133934239059,422.3355269213965,0.7502757899254989,0.12160695159509648,44.87334163767835,1484.2974518943734,True,
4,55.0,14.0,63.33864334121873,221.68525169426556,422.3355269213965,0.6284688286382116,0.09340684904576002,34.4674164885361,1140.0955801419373,True,
5,55.0,14.0,65.57650549808592,183.6142153946406,422.3355269213965,0.5553846518658392,0.0773656577013802,28.548167218408437,944.3016791724374,True,
6,55.0,14.0,68.18684064391013,159.10262816912368,422.3355269213965,0.5066618673509242,0.06703772604896949,24.737128463055694,818.2420877269218,True,
2,55.0,16.0,62.215175928097466,497.72140742477984,422.3355269213965,0.9938897125000737,0.18350009535140716,67.7121033069484,2239.746333411509,False,battery 497.7 Wh > 422.3 Wh
3,55.0,16.0,61.84572716226555,329.8438781987496,422.3355269213965,0.7502757899254989,0.12160695159509648,44.87334163767835,1484.2974518943734,True,
4,55.0,16.0,63.33864334121873,253.35457336487497,422.3355269213965,0.6284688286382116,0.09340684904576002,34.4674164885361,1140.0955801419373,True,
5,55.0,16.0,65.57650549808592,209.84481759387498,422.3355269213965,0.5553846518658392,0.0773656577013802,28.548167218408437,944.3016791724374,True,
6,55.0,16.0,68.18684064391013,181.83157505042706,422.3355269213965,0.5066618673509242,0.06703772604896949,24.737128463055694,818.2420877269218,True,
2,55.0,18.0,62.215175928097466,559.9365833528773,422.3355269213965,0.9938897125000737,0.18350009535140716,67.7121033069484,2239.746333411509,False,battery 559.9 Wh > 422.3 Wh
3,55.0,18.0,61.84572716226555,371.07436297359334,422.3355269213965,0.7502757899254989,0.12160695159509648,44.87334163767835,1484.2974518943734,True,
4,55.0,18.0,63.33864334121873,285.0238950354843,422.3355269213965,0.6284688286382116,0.09340684904576002,34.4674164885361,1140.0955801419373,True,
5,55.0,18.0,65.57650549808592,236.07541979310935,422.3355269213965,0.5553846518658392,0.0773656577013802,28.548167218408437,944.3016791724374,True,
6,55.0,18.0,68.18684064391013,204.56052193173045,422.3355269213965,0.5066618673509242,0.06703772604896949,24.737128463055694,818.2420877269218,True,
2,55.0,20.0,62.215175928097466,622.1517592809747,422.3355269213965,0.9938897125000737,0.18350009535140716,67.7121033069484,2239.746333411509,False,battery 622.2 Wh > 422.3 Wh
3,55.0,20.0,61.84572716226555,412.304847748437,422.3355269213965,0.7502757899254989,0.12160695159509648,44.87334163767835,1484.2974518943734,True,
4,55.0,20.0,63.33864334121873,316.69321670609366,422.3355269213965,0.6284688286382116,0.09340684904576002,34.4674164885361,1140.0955801419373,True,
5,55.0,20.0,65.57650549808592,262.30602199234374,422.3355269213965,0.5553846518658392,0.0773656577013802,28.548167218408437,944.3016791724374,True,
6,55.0,20.0,68.18684064391013,227.28946881303384,422.3355269213965,0.5066618673509242,0.06703772604896949,24.737128463055694,818.2420877269218,True,
2,55.0,22.0,62.215175928097466,684.3669352090722,422.3355269213965,0.9938897125000737,0.18350009535140716,67.7121033069484,2239.746333411509,False,battery 684.4 Wh > 422.3 Wh
3,55.0,22.0,61.84572716226555,453.5353325232808,422.3355269213965,0.7502757899254989,0.12160695159509648,44.87334163767835,1484.2974518943734,False,battery 453.5 Wh > 422.3 Wh
4,55.0,22.0,63.33864334121873,348.362538376703,422.3355269213965,0.6284688286382116,0.09340684904576002,34.4674164885361,1140.0955801419373,True,
5,55.0,22.0,65.57650549808592,288.53662419157814,422.3355269213965,0.5553846518658392,0.0773656577013802,28.548167218408437,944.3016791724374,True,
6,55.0,22.0,68.18684064391013,250.01841569433722,422.3355269213965,0.5066618673509242,0.06703772604896949,24.737128463055694,818.2420877269218,True,
2,55.0,24.0,62.215175928097466,746.5821111371697,422.3355269213965,0.9938897125000737,0.18350009535140716,67.7121033069484,2239.746333411509,False,battery 746.6 Wh > 422.3 Wh
3,55.0,24.0,61.84572716226555,494.76581729812443,422.3355269213965,0.7502757899254989,0.12160695159509648,44.87334163767835,1484.2974518943734,False,battery 494.8 Wh > 422.3 Wh
4,55.0,24.0,63.33864334121873,380.0318600473124,422.3355269213965,0.6284688286382116,0.09340684904576002,34.4674164885361,1140.0955801419373,True,
5,55.0,24.0,65.57650549808592,314.7672263908124,422.3355269213965,0.5553846518658392,0.0773656577013802,28.548167218408437,944.3016791724374,True,
6,55.0,24.0,68.18684064391013,272.7473625756406,422.3355269213965,0.5066618673509242,0.06703772604896949,24.737128463055694,818.2420877269218,True,
2,55.0,26.0,62.215175928097466,808.7972870652671,422.3355269213965,0.9938897125000737,0.18350009535140716,67.7121033069484,2239.746333411509,False,battery 808.8 Wh > 422.3 Wh
3,55.0,26.0,61.84572716226555,535.9963020729681,422.3355269213965,0.7502757899254989,0.12160695159509648,44.87334163767835,1484.2974518943734,False,battery 536.0 Wh > 422.3 Wh
4,55.0,26.0,63.33864334121873,411.70118171792177,422.3355269213965,0.6284688286382116,0.09340684904576002,34.4674164885361,1140.0955801419373,True,
5,55.0,26.0,65.57650549808592,340.9978285900468,422.3355269213965,0.5553846518658392,0.0773656577013802,28.548167218408437,944.3016791724374,True,
6,55.0,26.0,68.18684064391013,295.476309456944,422.3355269213965,0.5066618673509242,0.06703772604896949,24.737128463055694,818.2420877269218,True,
2,55.0,28.0,62.215175928097466,871.0124629933647,422.3355269213965,0.9938897125000737,0.18350009535140716,67.7121033069484,2239.746333411509,False,battery 871.0 Wh > 422.3 Wh
3,55.0,28.0,61.84572716226555,577.2267868478118,422.3355269213965,0.7502757899254989,0.12160695159509648,44.87334163767835,1484.2974518943734,False,battery 577.2 Wh > 422.3 Wh
4,55.0,28.0,63.33864334121873,443.3705033885311,422.3355269213965,0.6284688286382116,0.09340684904576002,34.4674164885361,1140.0955801419373,False,battery 443.4 Wh > 422.3 Wh
5,55.0,28.0,65.57650549808592,367.2284307892812,422.3355269213965,0.5553846518658392,0.0773656577013802,28.548167218408437,944.3016791724374,True,
6,55.0,28.0,68.18684064391013,318.20525633824735,422.3355269213965,0.5066618673509242,0.06703772604896949,24.737128463055694,818.2420877269218,True,
2,55.0,30.0,62.215175928097466,933.2276389214622,422.3355269213965,0.9938897125000737,0.18350009535140716,67.7121033069484,2239.746333411509,False,battery 933.2 Wh > 422.3 Wh
3,55.0,30.0,61.84572716226555,618.4572716226556,422.3355269213965,0.7502757899254989,0.12160695159509648,44.87334163767835,1484.2974518943734,False,battery 618.5 Wh > 422.3 Wh
4,55.0,30.0,63.33864334121873,475.0398250591405,422.3355269213965,0.6284688286382116,0.09340684904576002,34.4674164885361,1140.0955801419373,False,battery 475.0 Wh > 422.3 Wh
5,55.0,30.0,65.57650549808592,393.45903298851556,422.3355269213965,0.5553846518658392,0.0773656577013802,28.548167218408437,944.3016791724374,True,
6,55.0,30.0,68.18684064391013,340.93420321955074,422.3355269213965,0.5066618673509242,0.06703772604896949,24.737128463055694,818.2420877269218,True,
2,55.0,32.0,62.215175928097466,995.4428148495597,422.3355269213965,0.9938897125000737,0.18350009535140716,67.7121033069484,2239.746333411509,False,battery 995.4 Wh > 422.3 Wh
3,55.0,32.0,61.84572716226555,659.6877563974992,422.3355269213965,0.7502757899254989,0.12160695159509648,44.87334163767835,1484.2974518943734,False,battery 659.7 Wh > 422.3 Wh
4,55.0,32.0,63.33864334121873,506.70914672974993,422.3355269213965,0.6284688286382116,0.09340684904576002,34.4674164885361,1140.0955801419373,False,battery 506.7 Wh > 422.3 Wh
5,55.0,32.0,65.57650549808592,419.68963518774996,422.3355269213965,0.5553846518658392,0.0773656577013802,28.548167218408437,944.3016791724374,True,
6,55.0,32.0,68.18684064391013,363.6631501008541,422.3355269213965,0.5066618673509242,0.06703772604896949,24.737128463055694,818.2420877269218,True,
2,55.0,34.0,62.215175928097466,1057.657990777657,422.3355269213965,0.9938897125000737,0.18350009535140716,67.7121033069484,2239.746333411509,False,battery 1057.7 Wh > 422.3 Wh
3,55.0,34.0,61.84572716226555,700.918241172343,422.3355269213965,0.7502757899254989,0.12160695159509648,44.87334163767835,1484.2974518943734,False,battery 700.9 Wh > 422.3 Wh
4,55.0,34.0,63.33864334121873,538.3784684003592,422.3355269213965,0.6284688286382116,0.09340684904576002,34.4674164885361,1140.0955801419373,False,battery 538.4 Wh > 422.3 Wh
5,55.0,34.0,65.57650549808592,445.92023738698435,422.3355269213965,0.5553846518658392,0.0773656577013802,28.548167218408437,944.3016791724374,False,battery 445.9 Wh > 422.3 Wh
6,55.0,34.0,68.18684064391013,386.3920969821575,422.3355269213965,0.5066618673509242,0.06703772604896949,24.737128463055694,818.2420877269218,True,
2,55.0,36.0,62.215175928097466,1119.8731667057546,422.3355269213965,0.9938897125000737,0.18350009535140716,67.7121033069484,2239.746333411509,False,battery 1119.9 Wh > 422.3 Wh
3,55.0,36.0,61.84572716226555,742.1487259471867,422.3355269213965,0.7502757899254989,0.12160695159509648,44.87334163767835,1484.2974518943734,False,battery 742.1 Wh > 422.3 Wh
4,55.0,36.0,63.33864334121873,570.0477900709686,422.3355269213965,0.6284688286382116,0.09340684904576002,34.4674164885361,1140.0955801419373,False,battery 570.0 Wh > 422.3 Wh
5,55.0,36.0,65.57650549808592,472.1508395862187,422.3355269213965,0.5553846518658392,0.0773656577013802,28.548167218408437,944.3016791724374,False,battery 472.2 Wh > 422.3 Wh
6,55.0,36.0,68.18684064391013,409.1210438634609,422.3355269213965,0.5066618673509242,0.06703772604896949,24.737128463055694,818.2420877269218,True,
2,55.0,38.0,62.215175928097466,1182.088342633852,422.3355269213965,0.9938897125000737,0.18350009535140716,67.7121033069484,2239.746333411509,False,battery 1182.1 Wh > 422.3 Wh
3,55.0,38.0,61.84572716226555,783.3792107220304,422.3355269213965,0.7502757899254989,0.12160695159509648,44.87334163767835,1484.2974518943734,False,battery 783.4 Wh > 422.3 Wh
4,55.0,38.0,63.33864334121873,601.717111741578,422.3355269213965,0.6284688286382116,0.09340684904576002,34.4674164885361,1140.0955801419373,False,battery 601.7 Wh > 422.3 Wh
5,55.0,38.0,65.57650549808592,498.3814417854531,422.3355269213965,0.5553846518658392,0.0773656577013802,28.548167218408437,944.3016791724374,False,battery 498.4 Wh > 422.3 Wh
6,55.0,38.0,68.18684064391013,431.8499907447643,422.3355269213965,0.5066618673509242,0.06703772604896949,24.737128463055694,818.2420877269218,False,battery 431.8 Wh > 422.3 Wh
2,55.0,40.0,62.215175928097466,1244.3035185619494,422.3355269213965,0.9938897125000737,0.18350009535140716,67.7121033069484,2239.746333411509,False,battery 1244.3 Wh > 422.3 Wh
3,55.0,40.0,61.84572716226555,824.609695496874,422.3355269213965,0.7502757899254989,0.12160695159509648,44.87334163767835,1484.2974518943734,False,battery 824.6 Wh > 422.3 Wh
4,55.0,40.0,63.33864334121873,633.3864334121873,422.3355269213965,0.6284688286382116,0.09340684904576002,34.4674164885361,1140.0955801419373,False,battery 633.4 Wh > 422.3 Wh
5,55.0,40.0,65.57650549808592,524.6120439846875,422.3355269213965,0.5553846518658392,0.0773656577013802,28.548167218408437,944.3016791724374,False,battery 524.6 Wh > 422.3 Wh
6,55.0,40.0,68.18684064391013,454.57893762606767,422.3355269213965,0.5066618673509242,0.06703772604896949,24.737128463055694,818.2420877269218,False,battery 454.6 Wh > 422.3 Wh
2,60.0,2.0,65.07044380805189,65.0704438080519,422.3355269213965,1.0603298732022304,0.19192154430513145,70.81964404395325,2342.5359770898685,True,
3,60.0,2.0,63.99298853428517,42.66199235619011,422.3355269213965,0.7945692303936035,0.12582910115514775,46.43132789724999,1535.831724822844,True,
4,60.0,2.0,65.13190145927094,32.56595072963547,422.3355269213965,0.66168890898929,0.09605140506238663,35.443265846302985,1172.3742262668768,True,
5,60.0,2.0,67.1573616637577,26.86294466550308,422.3355269213965,0.5819607161467019,0.07923071556104379,29.236379342904257,967.0660079581108,True,
6,60.0,2.0,69.62609550799493,23.20869850266498,422.3355269213965,0.5288085875849764,0.06845272595777932,25.259267810292382,835.5131460959393,True,
2,60.0,4.0,65.07044380805189,130.1408876161038,422.3355269213965,1.0603298732022304,0.19192154430513145,70.81964404395325,2342.5359770898685,True,
3,60.0,4.0,63.99298853428517,85.32398471238022,422.3355269213965,0.7945692303936035,0.12582910115514775,46.43132789724999,1535.831724822844,True,
4,60.0,4.0,65.13190145927094,65.13190145927094,422.3355269213965,0.66168890898929,0.09605140506238663,35.443265846302985,1172.3742262668768,True,
5,60.0,4.0,67.1573616637577,53.72588933100616,422.3355269213965,0.5819607161467019,0.07923071556104379,29.236379342904257,967.0660079581108,True,
6,60.0,4.0,69.62609550799493,46.41739700532996,422.3355269213965,0.5288085875849764,0.06845272595777932,25.259267810292382,835.5131460959393,True,
2,60.0,6.0,65.07044380805189,195.2113314241557,422.3355269213965,1.0603298732022304,0.19192154430513145,70.81964404395325,2342.5359770898685,True,
3,60.0,6.0,63.99298853428517,127.98597706857034,422.3355269213965,0.7945692303936035,0.12582910115514775,46.43132789724999,1535.831724822844,True,
4,60.0,6.0,65.13190145927094,97.6978521889064,422.3355269213965,0.66168890898929,0.09605140506238663,35.443265846302985,1172.3742262668768,True,
5,60.0,6.0,67.1573616637577,80.58883399650924,422.3355269213965,0.5819607161467019,0.07923071556104379,29.236379342904257,967.0660079581108,True,
6,60.0,6.0,69.62609550799493,69.62609550799495,422.3355269213965,0.5288085875849764,0.06845272595777932,25.259267810292382,835.5131460959393,True,
2,60.0,8.0,65.07044380805189,260.2817752322076,422.3355269213965,1.0603298732022304,0.19192154430513145,70.81964404395325,2342.5359770898685,True,
3,60.0,8.0,63.99298853428517,170.64796942476045,422.3355269213965,0.7945692303936035,0.12582910115514775,46.43132789724999,1535.831724822844,True,
4,60.0,8.0,65.13190145927094,130.26380291854187,422.3355269213965,0.66168890898929,0.09605140506238663,35.443265846302985,1172.3742262668768,True,
5,60.0,8.0,67.1573616637577,107.45177866201232,422.3355269213965,0.5819607161467019,0.07923071556104379,29.236379342904257,967.0660079581108,True,
6,60.0,8.0,69.62609550799493,92.83479401065992,422.3355269213965,0.5288085875849764,0.06845272595777932,25.259267810292382,835.5131460959393,True,
2,60.0,10.0,65.07044380805189,325.3522190402595,422.3355269213965,1.0603298732022304,0.19192154430513145,70.81964404395325,2342.5359770898685,True,
3,60.0,10.0,63.99298853428517,213.30996178095054,422.3355269213965,0.7945692303936035,0.12582910115514775,46.43132789724999,1535.831724822844,True,
4,60.0,10.0,65.13190145927094,162.82975364817733,422.3355269213965,0.66168890898929,0.09605140506238663,35.443265846302985,1172.3742262668768,True,
5,60.0,10.0,67.1573616637577,134.3147233275154,422.3355269213965,0.5819607161467019,0.07923071556104379,29.236379342904257,967.0660079581108,True,
6,60.0,10.0,69.62609550799493,116.04349251332489,422.3355269213965,0.5288085875849764,0.06845272595777932,25.259267810292382,835.5131460959393,True,
2,60.0,12.0,65.07044380805189,390.4226628483114,422.3355269213965,1.0603298732022304,0.19192154430513145,70.81964404395325,2342.5359770898685,True,
3,60.0,12.0,63.99298853428517,255.97195413714067,422.3355269213965,0.7945692303936035,0.12582910115514775,46.43132789724999,1535.831724822844,True,
4,60.0,12.0,65.13190145927094,195.3957043778128,422.3355269213965,0.66168890898929,0.09605140506238663,35.443265846302985,1172.3742262668768,True,
5,60.0,12.0,67.1573616637577,161.17766799301847,422.3355269213965,0.5819607161467019,0.07923071556104379,29.236379342904257,967.0660079581108,True,
6,60.0,12.0,69.62609550799493,139.2521910159899,422.3355269213965,0.5288085875849764,0.06845272595777932,25.259267810292382,835.5131460959393,True,
2,60.0,14.0,65.07044380805189,455.49310665636335,422.3355269213965,1.0603298732022304,0.19192154430513145,70.81964404395325,2342.5359770898685,False,battery 455.5 Wh > 422.3 Wh
3,60.0,14.0,63.99298853428517,298.63394649333077,422.3355269213965,0.7945692303936035,0.12582910115514775,46.43132789724999,1535.831724822844,True,
4,60.0,14.0,65.13190145927094,227.96165510744825,422.3355269213965,0.66168890898929,0.09605140506238663,35.443265846302985,1172.3742262668768,True,
5,60.0,14.0,67.1573616637577,188.04061265852155,422.3355269213965,0.5819607161467019,0.07923071556104379,29.236379342904257,967.0660079581108,True,
6,60.0,14.0,69.62609550799493,162.46088951865485,422.3355269213965,0.5288085875849764,0.06845272595777932,25.259267810292382,835.5131460959393,True,
2,60.0,16.0,65.07044380805189,520.5635504644152,422.3355269213965,1.0603298732022304,0.19192154430513145,70.81964404395325,2342.5359770898685,False,battery 520.6 Wh > 422.3 Wh
3,60.0,16.0,63.99298853428517,341.2959388495209,422.3355269213965,0.7945692303936035,0.12582910115514775,46.43132789724999,1535.831724822844,True,
4,60.0,16.0,65.13190145927094,260.52760583708374,422.3355269213965,0.66168890898929,0.09605140506238663,35.443265846302985,1172.3742262668768,True,
5,60.0,16.0,67.1573616637577,214.90355732402463,422.3355269213965,0.5819607161467019,0.07923071556104379,29.236379342904257,967.0660079581108,True,
6,60.0,16.0,69.62609550799493,185.66958802131984,422.3355269213965,0.5288085875849764,0.06845272595777932,25.259267810292382,835.5131460959393,True,
2,60.0,18.0,65.07044380805189,585.6339942724671,422.3355269213965,1.0603298732022304,0.19192154430513145,70.81964404395325,2342.5359770898685,False,battery 585.6 Wh > 422.3 Wh
3,60.0,18.0,63.99298853428517,383.957931205711,422.3355269213965,0.7945692303936035,0.12582910115514775,46.43132789724999,1535.831724822844,True,
4,60.0,18.0,65.13190145927094,293.0935565667192,422.3355269213965,0.66168890898929,0.09605140506238663,35.443265846302985,1172.3742262668768,True,
5,60.0,18.0,67.1573616637577,241.7665019895277,422.3355269213965,0.5819607161467019,0.07923071556104379,29.236379342904257,967.0660079581108,True,
6,60.0,18.0,69.62609550799493,208.87828652398483,422.3355269213965,0.5288085875849764,0.06845272595777932,25.259267810292382,835.5131460959393,True,
2,60.0,20.0,65.07044380805189,650.704438080519,422.3355269213965,1.0603298732022304,0.19192154430513145,70.81964404395325,2342.5359770898685,False,battery 650.7 Wh > 422.3 Wh
3,60.0,20.0,63.99298853428517,426.6199235619011,422.3355269213965,0.7945692303936035,0.12582910115514775,46.43132789724999,1535.831724822844,False,battery 426.6 Wh > 422.3 Wh
4,60.0,20.0,65.13190145927094,325.65950729635466,422.3355269213965,0.66168890898929,0.09605140506238663,35.443265846302985,1172.3742262668768,True,
5,60.0,20.0,67.1573616637577,268.6294466550308,422.3355269213965,0.5819607161467019,0.07923071556104379,29.236379342904257,967.0660079581108,True,
6,60.0,20.0,69.62609550799493,232.08698502664978,422.3355269213965,0.5288085875849764,0.06845272595777932,25.259267810292382,835.5131460959393,True,
2,60.0,22.0,65.07044380805189,715.774881888571,422.3355269213965,1.0603298732022304,0.19192154430513145,70.81964404395325,2342.5359770898685,False,battery 715.8 Wh > 422.3 Wh
3,60.0,22.0,63.99298853428517,469.2819159180912,422.3355269213965,0.7945692303936035,0.12582910115514775,46.43132789724999,1535.831724822844,False,battery 469.3 Wh > 422.3 Wh
4,60.0,22.0,65.13190145927094,358.2254580259902,422.3355269213965,0.66168890898929,0.09605140506238663,35.443265846302985,1172.3742262668768,True,
5,60.0,22.0,67.1573616637577,295.49239132053384,422.3355269213965,0.5819607161467019,0.07923071556104379,29.236379342904257,967.0660079581108,True,
6,60.0,22.0,69.62609550799493,255.2956835293148,422.3355269213965,0.5288085875849764,0.06845272595777932,25.259267810292382,835.5131460959393,True,
2,60.0,24.0,65.07044380805189,780.8453256966228,422.3355269213965,1.0603298732022304,0.19192154430513145,70.81964404395325,2342.5359770898685,False,battery 780.8 Wh > 422.3 Wh
3,60.0,24.0,63.99298853428517,511.94390827428134,422.3355269213965,0.7945692303936035,0.12582910115514775,46.43132789724999,1535.831724822844,False,battery 511.9 Wh > 422.3 Wh
4,60.0,24.0,65.13190145927094,390.7914087556256,422.3355269213965,0.66168890898929,0.09605140506238663,35.443265846302985,1172.3742262668768,True,
5,60.0,24.0,67.1573616637577,322.35533598603695,422.3355269213965,0.5819607161467019,0.07923071556104379,29.236379342904257,967.0660079581108,True,
6,60.0,24.0,69.62609550799493,278.5043820319798,422.3355269213965,0.5288085875849764,0.06845272595777932,25.259267810292382,835.5131460959393,True,
2,60.0,26.0,65.07044380805189,845.9157695046747,422.3355269213965,1.0603298732022304,0.19192154430513145,70.81964404395325,2342.5359770898685,False,battery 845.9 Wh > 422.3 Wh
3,60.0,26.0,63.99298853428517,554.6059006304715,422.3355269213965,0.7945692303936035,0.12582910115514775,46.43132789724999,1535.831724822844,False,battery 554.6 Wh > 422.3 Wh
4,60.0,26.0,65.13190145927094,423.3573594852611,422.3355269213965,0.66168890898929,0.09605140506238663,35.443265846302985,1172.3742262668768,False,battery 423.4 Wh > 422.3 Wh
5,60.0,26.0,67.1573616637577,349.21828065154006,422.3355269213965,0.5819607161467019,0.07923071556104379,29.236379342904257,967.0660079581108,True,
6,60.0,26.0,69.62609550799493,301.71308053464475,422.3355269213965,0.5288085875849764,0.06845272595777932,25.259267810292382,835.5131460959393,True,
2,60.0,28.0,65.07044380805189,910.9862133127267,422.3355269213965,1.0603298732022304,0.19192154430513145,70.81964404395325,2342.5359770898685,False,battery 911.0 Wh > 422.3 Wh
3,60.0,28.0,63.99298853428517,597.2678929866615,422.3355269213965,0.7945692303936035,0.12582910115514775,46.43132789724999,1535.831724822844,False,battery 597.3 Wh > 422.3 Wh
4,60.0,28.0,65.13190145927094,455.9233102148965,422.3355269213965,0.66168890898929,0.09605140506238663,35.443265846302985,1172.3742262668768,False,battery 455.9 Wh > 422.3 Wh
5,60.0,28.0,67.1573616637577,376.0812253170431,422.3355269213965,0.5819607161467019,0.07923071556104379,29.236379342904257,967.0660079581108,True,
6,60.0,28.0,69.62609550799493,324.9217790373097,422.3355269213965,0.5288085875849764,0.06845272595777932,25.259267810292382,835.5131460959393,True,
2,60.0,30.0,65.07044380805189,976.0566571207785,422.3355269213965,1.0603298732022304,0.19192154430513145,70.81964404395325,2342.5359770898685,False,battery 976.1 Wh > 422.3 Wh
3,60.0,30.0,63.99298853428517,639.9298853428517,422.3355269213965,0.7945692303936035,0.12582910115514775,46.43132789724999,1535.831724822844,False,battery 639.9 Wh > 422.3 Wh
4,60.0,30.0,65.13190145927094,488.489260944532,422.3355269213965,0.66168890898929,0.09605140506238663,35.443265846302985,1172.3742262668768,False,battery 488.5 Wh > 422.3 Wh
5,60.0,30.0,67.1573616637577,402.94416998254616,422.3355269213965,0.5819607161467019,0.07923071556104379,29.236379342904257,967.0660079581108,True,
6,60.0,30.0,69.62609550799493,348.1304775399747,422.3355269213965,0.5288085875849764,0.06845272595777932,25.259267810292382,835.5131460959393,True,
2,60.0,32.0,65.07044380805189,1041.1271009288305,422.3355269213965,1.0603298732022304,0.19192154430513145,70.81964404395325,2342.5359770898685,False,battery 1041.1 Wh > 422.3 Wh
3,60.0,32.0,63.99298853428517,682.5918776990418,422.3355269213965,0.7945692303936035,0.12582910115514775,46.43132789724999,1535.831724822844,False,battery 682.6 Wh > 422.3 Wh
4,60.0,32.0,65.13190145927094,521.0552116741675,422.3355269213965,0.66168890898929,0.09605140506238663,35.443265846302985,1172.3742262668768,False,battery 521.1 Wh > 422.3 Wh
5,60.0,32.0,67.1573616637577,429.80711464804926,422.3355269213965,0.5819607161467019,0.07923071556104379,29.236379342904257,967.0660079581108,False,battery 429.8 Wh > 422.3 Wh
6,60.0,32.0,69.62609550799493,371.3391760426397,422.3355269213965,0.5288085875849764,0.06845272595777932,25.259267810292382,835.5131460959393,True,
2,60.0,34.0,65.07044380805189,1106.1975447368825,422.3355269213965,1.0603298732022304,0.19192154430513145,70.81964404395325,2342.5359770898685,False,battery 1106.2 Wh > 422.3 Wh
3,60.0,34.0,63.99298853428517,725.2538700552319,422.3355269213965,0.7945692303936035,0.12582910115514775,46.43132789724999,1535.831724822844,False,battery 725.3 Wh > 422.3 Wh
4,60.0,34.0,65.13190145927094,553.6211624038029,422.3355269213965,0.66168890898929,0.09605140506238663,35.443265846302985,1172.3742262668768,False,battery 553.6 Wh > 422.3 Wh
5,60.0,34.0,67.1573616637577,456.6700593135524,422.3355269213965,0.5819607161467019,0.07923071556104379,29.236379342904257,967.0660079581108,False,battery 456.7 Wh > 422.3 Wh
6,60.0,34.0,69.62609550799493,394.5478745453047,422.3355269213965,0.5288085875849764,0.06845272595777932,25.259267810292382,835.5131460959393,True,
2,60.0,36.0,65.07044380805189,1171.2679885449343,422.3355269213965,1.0603298732022304,0.19192154430513145,70.81964404395325,2342.5359770898685,False,battery 1171.3 Wh > 422.3 Wh
3,60.0,36.0,63.99298853428517,767.915862411422,422.3355269213965,0.7945692303936035,0.12582910115514775,46.43132789724999,1535.831724822844,False,battery 767.9 Wh > 422.3 Wh
4,60.0,36.0,65.13190145927094,586.1871131334384,422.3355269213965,0.66168890898929,0.09605140506238663,35.443265846302985,1172.3742262668768,False,battery 586.2 Wh > 422.3 Wh
5,60.0,36.0,67.1573616637577,483.5330039790554,422.3355269213965,0.5819607161467019,0.07923071556104379,29.236379342904257,967.0660079581108,False,battery 483.5 Wh > 422.3 Wh
6,60.0,36.0,69.62609550799493,417.75657304796965,422.3355269213965,0.5288085875849764,0.06845272595777932,25.259267810292382,835.5131460959393,True,
2,60.0,38.0,65.07044380805189,1236.3384323529863,422.3355269213965,1.0603298732022304,0.19192154430513145,70.81964404395325,2342.5359770898685,False,battery 1236.3 Wh > 422.3 Wh
3,60.0,38.0,63.99298853428517,810.5778547676122,422.3355269213965,0.7945692303936035,0.12582910115514775,46.43132789724999,1535.831724822844,False,battery 810.6 Wh > 422.3 Wh
4,60.0,38.0,65.13190145927094,618.7530638630739,422.3355269213965,0.66168890898929,0.09605140506238663,35.443265846302985,1172.3742262668768,False,battery 618.8 Wh > 422.3 Wh
5,60.0,38.0,67.1573616637577,510.3959486445585,422.3355269213965,0.5819607161467019,0.07923071556104379,29.236379342904257,967.0660079581108,False,battery 510.4 Wh > 422.3 Wh
6,60.0,38.0,69.62609550799493,440.9652715506346,422.3355269213965,0.5288085875849764,0.06845272595777932,25.259267810292382,835.5131460959393,False,battery 441.0 Wh > 422.3 Wh
2,60.0,40.0,65.07044380805189,1301.408876161038,422.3355269213965,1.0603298732022304,0.19192154430513145,70.81964404395325,2342.5359770898685,False,battery 1301.4 Wh > 422.3 Wh
3,60.0,40.0,63.99298853428517,853.2398471238022,422.3355269213965,0.7945692303936035,0.12582910115514775,46.43132789724999,1535.831724822844,False,battery 853.2 Wh > 422.3 Wh
4,60.0,40.0,65.13190145927094,651.3190145927093,422.3355269213965,0.66168890898929,0.09605140506238663,35.443265846302985,1172.3742262668768,False,battery 651.3 Wh > 422.3 Wh
5,60.0,40.0,67.1573616637577,537.2588933100616,422.3355269213965,0.5819607161467019,0.07923071556104379,29.236379342904257,967.0660079581108,False,battery 537.3 Wh > 422.3 Wh
6,60.0,40.0,69.62609550799493,464.17397005329957,422.3355269213965,0.5288085875849764,0.06845272595777932,25.259267810292382,835.5131460959393,False,battery 464.2 Wh > 422.3 Wh
2,65.0,2.0,68.1104090379024,68.1104090379024,422.3355269213965,1.1267700339043873,0.20088774750589425,74.12820078469223,2451.9747253644864,True,
3,65.0,2.0,66.26338147290215,44.175587648601436,422.3355269213965,0.8388626708617081,0.13029336371388278,48.07865460292568,1590.3211553496517,True,
4,65.0,2.0,67.01750825227117,33.50875412613559,422.3355269213965,0.6949089893403685,0.09883214964077285,36.469369205003396,1206.3151485408812,True,
5,65.0,2.0,68.81209676938786,27.524838707755148,422.3355269213965,0.6085367804275645,0.08118293410023353,29.95675402799753,990.8941934791853,True,
6,65.0,2.0,71.1269161553784,23.708972051792802,422.3355269213965,0.5509553078190287,0.06992825411626008,25.80374226905508,853.5229938645409,True,
2,65.0,4.0,68.1104090379024,136.2208180758048,422.3355269213965,1.1267700339043873,0.20088774750589425,74.12820078469223,2451.9747253644864,True,
3,65.0,4.0,66.26338147290215,88.35117529720287,422.3355269213965,0.8388626708617081,0.13029336371388278,48.07865460292568,1590.3211553496517,True,
4,65.0,4.0,67.01750825227117,67.01750825227118,422.3355269213965,0.6949089893403685,0.09883214964077285,36.469369205003396,1206.3151485408812,True,
5,65.0,4.0,68.81209676938786,55.049677415510295,422.3355269213965,0.6085367804275645,0.08118293410023353,29.95675402799753,990.8941934791853,True,
6,65.0,4.0,71.1269161553784,47.417944103585604,422.3355269213965,0.5509553078190287,0.06992825411626008,25.80374226905508,853.5229938645409,True,
2,65.0,6.0,68.1104090379024,204.3312271137072,422.3355269213965,1.1267700339043873,0.20088774750589425,74.12820078469223,2451.9747253644864,True,
3,65.0,6.0,66.26338147290215,132.5267629458043,422.3355269213965,0.8388626708617081,0.13029336371388278,48.07865460292568,1590.3211553496517,True,
4,65.0,6.0,67.01750825227117,100.52626237840676,422.3355269213965,0.6949089893403685,0.09883214964077285,36.469369205003396,1206.3151485408812,True,
5,65.0,6.0,68.81209676938786,82.57451612326544,422.3355269213965,0.6085367804275645,0.08118293410023353,29.95675402799753,990.8941934791853,True,
6,65.0,6.0,71.1269161553784,71.12691615537841,422.3355269213965,0.5509553078190287,0.06992825411626008,25.80374226905508,853.5229938645409,True,
2,65.0,8.0,68.1104090379024,272.4416361516096,422.3355269213965,1.1267700339043873,0.20088774750589425,74.12820078469223,2451.9747253644864,True,
3,65.0,8.0,66.26338147290215,176.70235059440574,422.3355269213965,0.8388626708617081,0.13029336371388278,48.07865460292568,1590.3211553496517,True,
4,65.0,8.0,67.01750825227117,134.03501650454237,422.3355269213965,0.6949089893403685,0.09883214964077285,36.469369205003396,1206.3151485408812,True,
5,65.0,8.0,68.81209676938786,110.09935483102059,422.3355269213965,0.6085367804275645,0.08118293410023353,29.95675402799753,990.8941934791853,True,
6,65.0,8.0,71.1269161553784,94.83588820717121,422.3355269213965,0.5509553078190287,0.06992825411626008,25.80374226905508,853.5229938645409,True,
2,65.0,10.0,68.1104090379024,340.552045189512,422.3355269213965,1.1267700339043873,0.20088774750589425,74.12820078469223,2451.9747253644864,True,
3,65.0,10.0,66.26338147290215,220.87793824300718,422.3355269213965,0.8388626708617081,0.13029336371388278,48.07865460292568,1590.3211553496517,True,
4,65.0,10.0,67.01750825227117,167.54377063067793,422.3355269213965,0.6949089893403685,0.09883214964077285,36.469369205003396,1206.3151485408812,True,
5,65.0,10.0,68.81209676938786,137.62419353877576,422.3355269213965,0.6085367804275645,0.08118293410023353,29.95675402799753,990.8941934791853,True,
6,65.0,10.0,71.1269161553784,118.54486025896402,422.3355269213965,0.5509553078190287,0.06992825411626008,25.80374226905508,853.5229938645409,True,
2,65.0,12.0,68.1104090379024,408.6624542274144,422.3355269213965,1.1267700339043873,0.20088774750589425,74.12820078469223,2451.9747253644864,True,
3,65.0,12.0,66.26338147290215,265.0535258916086,422.3355269213965,0.8388626708617081,0.13029336371388278,48.07865460292568,1590.3211553496517,True,
4,65.0,12.0,67.01750825227117,201.0525247568135,422.3355269213965,0.6949089893403685,0.09883214964077285,36.469369205003396,1206.3151485408812,True,
5,65.0,12.0,68.81209676938786,165.14903224653088,422.3355269213965,0.6085367804275645,0.08118293410023353,29.95675402799753,990.8941934791853,True,
6,65.0,12.0,71.1269161553784,142.25383231075682,422.3355269213965,0.5509553078190287,0.06992825411626008,25.80374226905508,853.5229938645409,True,
2,65.0,14.0,68.1104090379024,476.77286326531686,422.3355269213965,1.1267700339043873,0.20088774750589425,74.12820078469223,2451.9747253644864,False,battery 476.8 Wh > 422.3 Wh
3,65.0,14.0,66.26338147290215,309.22911354021005,422.3355269213965,0.8388626708617081,0.13029336371388278,48.07865460292568,1590.3211553496517,True,
4,65.0,14.0,67.01750825227117,234.5612788829491,422.3355269213965,0.6949089893403685,0.09883214964077285,36.469369205003396,1206.3151485408812,True,
5,65.0,14.0,68.81209676938786,192.67387095428606,422.3355269213965,0.6085367804275645,0.08118293410023353,29.95675402799753,990.8941934791853,True,
6,65.0,14.0,71.1269161553784,165.96280436254963,422.3355269213965,0.5509553078190287,0.06992825411626008,25.80374226905508,853.5229938645409,True,
2,65.0,16.0,68.1104090379024,544.8832723032192,422.3355269213965,1.1267700339043873,0.20088774750589425,74.12820078469223,2451.9747253644864,False,battery 544.9 Wh > 422.3 Wh
3,65.0,16.0,66.26338147290215,353.4047011888115,422.3355269213965,0.8388626708617081,0.13029336371388278,48.07865460292568,1590.3211553496517,True,
4,65.0,16.0,67.01750825227117,268.07003300908474,422.3355269213965,0.6949089893403685,0.09883214964077285,36.469369205003396,1206.3151485408812,True,
5,65.0,16.0,68.81209676938786,220.19870966204118,422.3355269213965,0.6085367804275645,0.08118293410023353,29.95675402799753,990.8941934791853,True,
6,65.0,16.0,71.1269161553784,189.67177641434242,422.3355269213965,0.5509553078190287,0.06992825411626008,25.80374226905508,853.5229938645409,True,
2,65.0,18.0,68.1104090379024,612.9936813411216,422.3355269213965,1.1267700339043873,0.20088774750589425,74.12820078469223,2451.9747253644864,False,battery 613.0 Wh > 422.3 Wh
3,65.0,18.0,66.26338147290215,397.5802888374129,422.3355269213965,0.8388626708617081,0.13029336371388278,48.07865460292568,1590.3211553496517,True,
4,65.0,18.0,67.01750825227117,301.5787871352203,422.3355269213965,0.6949089893403685,0.09883214964077285,36.469369205003396,1206.3151485408812,True,
5,65.0,18.0,68.81209676938786,247.72354836979633,422.3355269213965,0.6085367804275645,0.08118293410023353,29.95675402799753,990.8941934791853,True,
6,65.0,18.0,71.1269161553784,213.38074846613523,422.3355269213965,0.5509553078190287,0.06992825411626008,25.80374226905508,853.5229938645409,True,
2,65.0,20.0,68.1104090379024,681.104090379024,422.3355269213965,1.1267700339043873,0.20088774750589425,74.12820078469223,2451.9747253644864,False,battery 681.1 Wh > 422.3 Wh
3,65.0,20.0,66.26338147290215,441.75587648601436,422.3355269213965,0.8388626708617081,0.13029336371388278,48.07865460292568,1590.3211553496517,False,battery 441.8 Wh > 422.3 Wh
4,65.0,20.0,67.01750825227117,335.08754126135585,422.3355269213965,0.6949089893403685,0.09883214964077285,36.469369205003396,1206.3151485408812,True,
5,65.0,20.0,68.81209676938786,275.2483870775515,422.3355269213965,0.6085367804275645,0.08118293410023353,29.95675402799753,990.8941934791853,True,
6,65.0,20.0,71.1269161553784,237.08972051792804,422.3355269213965,0.5509553078190287,0.06992825411626008,25.80374226905508,853.5229938645409,True,
2,65.0,22.0,68.1104090379024,749.2144994169264,422.3355269213965,1.1267700339043873,0.20088774750589425,74.12820078469223,2451.9747253644864,False,battery 749.2 Wh > 422.3 Wh
3,65.0,22.0,66.26338147290215,485.93146413461574,422.3355269213965,0.8388626708617081,0.13029336371388278,48.07865460292568,1590.3211553496517,False,battery 485.9 Wh > 422.3 Wh
4,65.0,22.0,67.01750825227117,368.59629538749147,422.3355269213965,0.6949089893403685,0.09883214964077285,36.469369205003396,1206.3151485408812,True,
5,65.0,22.0,68.81209676938786,302.77322578530664,422.3355269213965,0.6085367804275645,0.08118293410023353,29.95675402799753,990.8941934791853,True,
6,65.0,22.0,71.1269161553784,260.7986925697208,422.3355269213965,0.5509553078190287,0.06992825411626008,25.80374226905508,853.5229938645409,True,
2,65.0,24.0,68.1104090379024,817.3249084548288,422.3355269213965,1.1267700339043873,0.20088774750589425,74.12820078469223,2451.9747253644864,False,battery 817.3 Wh > 422.3 Wh
3,65.0,24.0,66.26338147290215,530.1070517832172,422.3355269213965,0.8388626708617081,0.13029336371388278,48.07865460292568,1590.3211553496517,False,battery 530.1 Wh > 422.3 Wh
4,65.0,24.0,67.01750825227117,402.105049513627,422.3355269213965,0.6949089893403685,0.09883214964077285,36.469369205003396,1206.3151485408812,True,
5,65.0,24.0,68.81209676938786,330.29806449306176,422.3355269213965,0.6085367804275645,0.08118293410023353,29.95675402799753,990.8941934791853,True,
6,65.0,24.0,71.1269161553784,284.50766462151364,422.3355269213965,0.5509553078190287,0.06992825411626008,25.80374226905508,853.5229938645409,True,
2,65.0,26.0,68.1104090379024,885.4353174927312,422.3355269213965,1.1267700339043873,0.20088774750589425,74.12820078469223,2451.9747253644864,False,battery 885.4 Wh > 422.3 Wh
3,65.0,26.0,66.26338147290215,574.2826394318187,422.3355269213965,0.8388626708617081,0.13029336371388278,48.07865460292568,1590.3211553496517,False,battery 574.3 Wh > 422.3 Wh
4,65.0,26.0,67.01750825227117,435.6138036397627,422.3355269213965,0.6949089893403685,0.09883214964077285,36.469369205003396,1206.3151485408812,False,battery 435.6 Wh > 422.3 Wh
5,65.0,26.0,68.81209676938786,357.82290320081694,422.3355269213965,0.6085367804275645,0.08118293410023353,29.95675402799753,990.8941934791853,True,
6,65.0,26.0,71.1269161553784,308.2166366733064,422.3355269213965,0.5509553078190287,0.06992825411626008,25.80374226905508,853.5229938645409,True,
2,65.0,28.0,68.1104090379024,953.5457265306337,422.3355269213965,1.1267700339043873,0.20088774750589425,74.12820078469223,2451.9747253644864,False,battery 953.5 Wh > 422.3 Wh
3,65.0,28.0,66.26338147290215,618.4582270804201,422.3355269213965,0.8388626708617081,0.13029336371388278,48.07865460292568,1590.3211553496517,False,battery 618.5 Wh > 422.3 Wh
4,65.0,28.0,67.01750825227117,469.1225577658982,422.3355269213965,0.6949089893403685,0.09883214964077285,36.469369205003396,1206.3151485408812,False,battery 469.1 Wh > 422.3 Wh
5,65.0,28.0,68.81209676938786,385.3477419085721,422.3355269213965,0.6085367804275645,0.08118293410023353,29.95675402799753,990.8941934791853,True,
6,65.0,28.0,71.1269161553784,331.92560872509927,422.3355269213965,0.5509553078190287,0.06992825411626008,25.80374226905508,853.5229938645409,True,
2,65.0,30.0,68.1104090379024,1021.656135568536,422.3355269213965,1.1267700339043873,0.20088774750589425,74.12820078469223,2451.9747253644864,False,battery 1021.7 Wh > 422.3 Wh
3,65.0,30.0,66.26338147290215,662.6338147290215,422.3355269213965,0.8388626708617081,0.13029336371388278,48.07865460292568,1590.3211553496517,False,battery 662.6 Wh > 422.3 Wh
4,65.0,30.0,67.01750825227117,502.63131189203386,422.3355269213965,0.6949089893403685,0.09883214964077285,36.469369205003396,1206.3151485408812,False,battery 502.6 Wh > 422.3 Wh
5,65.0,30.0,68.81209676938786,412.8725806163272,422.3355269213965,0.6085367804275645,0.08118293410023353,29.95675402799753,990.8941934791853,True,
6,65.0,30.0,71.1269161553784,355.63458077689205,422.3355269213965,0.5509553078190287,0.06992825411626008,25.80374226905508,853.5229938645409,True,
2,65.0,32.0,68.1104090379024,1089.7665446064384,422.3355269213965,1.1267700339043873,0.20088774750589425,74.12820078469223,2451.9747253644864,False,battery 1089.8 Wh > 422.3 Wh
3,65.0,32.0,66.26338147290215,706.809402377623,422.3355269213965,0.8388626708617081,0.13029336371388278,48.07865460292568,1590.3211553496517,False,battery 706.8 Wh > 422.3 Wh
4,65.0,32.0,67.01750825227117,536.1400660181695,422.3355269213965,0.6949089893403685,0.09883214964077285,36.469369205003396,1206.3151485408812,False,battery 536.1 Wh > 422.3 Wh
5,65.0,32.0,68.81209676938786,440.39741932408236,422.3355269213965,0.6085367804275645,0.08118293410023353,29.95675402799753,990.8941934791853,False,battery 440.4 Wh > 422.3 Wh
6,65.0,32.0,71.1269161553784,379.34355282868484,422.3355269213965,0.5509553078190287,0.06992825411626008,25.80374226905508,853.5229938645409,True,
2,65.0,34.0,68.1104090379024,1157.8769536443408,422.3355269213965,1.1267700339043873,0.20088774750589425,74.12820078469223,2451.9747253644864,False,battery 1157.9 Wh > 422.3 Wh
3,65.0,34.0,66.26338147290215,750.9849900262244,422.3355269213965,0.8388626708617081,0.13029336371388278,48.07865460292568,1590.3211553496517,False,battery 751.0 Wh > 422.3 Wh
4,65.0,34.0,67.01750825227117,569.648820144305,422.3355269213965,0.6949089893403685,0.09883214964077285,36.469369205003396,1206.3151485408812,False,battery 569.6 Wh > 422.3 Wh
5,65.0,34.0,68.81209676938786,467.92225803183754,422.3355269213965,0.6085367804275645,0.08118293410023353,29.95675402799753,990.8941934791853,False,battery 467.9 Wh > 422.3 Wh
6,65.0,34.0,71.1269161553784,403.0525248804776,422.3355269213965,0.5509553078190287,0.06992825411626008,25.80374226905508,853.5229938645409,True,
2,65.0,36.0,68.1104090379024,1225.9873626822432,422.3355269213965,1.1267700339043873,0.20088774750589425,74.12820078469223,2451.9747253644864,False,battery 1226.0 Wh > 422.3 Wh
3,65.0,36.0,66.26338147290215,795.1605776748258,422.3355269213965,0.8388626708617081,0.13029336371388278,48.07865460292568,1590.3211553496517,False,battery 795.2 Wh > 422.3 Wh
4,65.0,36.0,67.01750825227117,603.1575742704406,422.3355269213965,0.6949089893403685,0.09883214964077285,36.469369205003396,1206.3151485408812,False,battery 603.2 Wh > 422.3 Wh
5,65.0,36.0,68.81209676938786,495.44709673959267,422.3355269213965,0.6085367804275645,0.08118293410023353,29.95675402799753,990.8941934791853,False,battery 495.4 Wh > 422.3 Wh
6,65.0,36.0,71.1269161553784,426.76149693227046,422.3355269213965,0.5509553078190287,0.06992825411626008,25.80374226905508,853.5229938645409,False,battery 426.8 Wh > 422.3 Wh
2,65.0,38.0,68.1104090379024,1294.0977717201456,422.3355269213965,1.1267700339043873,0.20088774750589425,74.12820078469223,2451.9747253644864,False,battery 1294.1 Wh > 422.3 Wh
3,65.0,38.0,66.26338147290215,839.3361653234273,422.3355269213965,0.8388626708617081,0.13029336371388278,48.07865460292568,1590.3211553496517,False,battery 839.3 Wh > 422.3 Wh
4,65.0,38.0,67.01750825227117,636.6663283965761,422.3355269213965,0.6949089893403685,0.09883214964077285,36.469369205003396,1206.3151485408812,False,battery 636.7 Wh > 422.3 Wh
5,65.0,38.0,68.81209676938786,522.9719354473477,422.3355269213965,0.6085367804275645,0.08118293410023353,29.95675402799753,990.8941934791853,False,battery 523.0 Wh > 422.3 Wh
6,65.0,38.0,71.1269161553784,450.47046898406325,422.3355269213965,0.5509553078190287,0.06992825411626008,25.80374226905508,853.5229938645409,False,battery 450.5 Wh > 422.3 Wh
2,65.0,40.0,68.1104090379024,1362.208180758048,422.3355269213965,1.1267700339043873,0.20088774750589425,74.12820078469223,2451.9747253644864,False,battery 1362.2 Wh > 422.3 Wh
3,65.0,40.0,66.26338147290215,883.5117529720287,422.3355269213965,0.8388626708617081,0.13029336371388278,48.07865460292568,1590.3211553496517,False,battery 883.5 Wh > 422.3 Wh
4,65.0,40.0,67.01750825227117,670.1750825227117,422.3355269213965,0.6949089893403685,0.09883214964077285,36.469369205003396,1206.3151485408812,False,battery 670.2 Wh > 422.3 Wh
5,65.0,40.0,68.81209676938786,550.496774155103,422.3355269213965,0.6085367804275645,0.08118293410023353,29.95675402799753,990.8941934791853,False,battery 550.5 Wh > 422.3 Wh
6,65.0,40.0,71.1269161553784,474.1794410358561,422.3355269213965,0.5509553078190287,0.06992825411626008,25.80374226905508,853.5229938645409,False,battery 474.2 Wh > 422.3 Wh
2,70.0,2.0,71.33507161764891,71.33507161764891,422.3355269213965,1.193210194606544,0.21039870495369545,77.63777352916527,2568.062578235361,True,
3,70.0,2.0,68.65690597811647,45.77127065207765,422.3355269213965,0.8831561113298125,0.13499973927130154,49.8153217547054,1647.7657434747955,True,
4,70.0,2.0,68.9954637202194,34.49773186010971,422.3355269213965,0.7281290696914468,0.10174908278091865,37.54572656463732,1241.9183469639495,True,
5,70.0,2.0,70.54071081497645,28.216284325990582,422.3355269213965,0.6351128447084273,0.08322231331894941,30.709291273688255,1015.786235735661,True,
6,70.0,2.0,72.68930258606058,24.22976752868686,422.3355269213965,0.573102028053081,0.0714643105244118,26.370551839343797,872.271631032727,True,
2,70.0,4.0,71.33507161764891,142.67014323529781,422.3355269213965,1.193210194606544,0.21039870495369545,77.63777352916527,2568.062578235361,True,
3,70.0,4.0,68.65690597811647,91.5425413041553,422.3355269213965,0.8831561113298125,0.13499973927130154,49.8153217547054,1647.7657434747955,True,
4,70.0,4.0,68.9954637202194,68.99546372021942,422.3355269213965,0.7281290696914468,0.10174908278091865,37.54572656463732,1241.9183469639495,True,
5,70.0,4.0,70.54071081497645,56.432568651981164,422.3355269213965,0.6351128447084273,0.08322231331894941,30.709291273688255,1015.786235735661,True,
6,70.0,4.0,72.68930258606058,48.45953505737372,422.3355269213965,0.573102028053081,0.0714643105244118,26.370551839343797,872.271631032727,True,
2,70.0,6.0,71.33507161764891,214.00521485294672,422.3355269213965,1.193210194606544,0.21039870495369545,77.63777352916527,2568.062578235361,True,
3,70.0,6.0,68.65690597811647,137.31381195623297,422.3355269213965,0.8831561113298125,0.13499973927130154,49.8153217547054,1647.7657434747955,True,
4,70.0,6.0,68.9954637202194,103.49319558032913,422.3355269213965,0.7281290696914468,0.10174908278091865,37.54572656463732,1241.9183469639495,True,
5,70.0,6.0,70.54071081497645,84.64885297797176,422.3355269213965,0.6351128447084273,0.08322231331894941,30.709291273688255,1015.786235735661,True,
6,70.0,6.0,72.68930258606058,72.68930258606059,422.3355269213965,0.573102028053081,0.0714643105244118,26.370551839343797,872.271631032727,True,
2,70.0,8.0,71.33507161764891,285.34028647059563,422.3355269213965,1.193210194606544,0.21039870495369545,77.63777352916527,2568.062578235361,True,
3,70.0,8.0,68.65690597811647,183.0850826083106,422.3355269213965,0.8831561113298125,0.13499973927130154,49.8153217547054,1647.7657434747955,True,
4,70.0,8.0,68.9954637202194,137.99092744043884,422.3355269213965,0.7281290696914468,0.10174908278091865,37.54572656463732,1241.9183469639495,True,
5,70.0,8.0,70.54071081497645,112.86513730396233,422.3355269213965,0.6351128447084273,0.08322231331894941,30.709291273688255,1015.786235735661,True,
6,70.0,8.0,72.68930258606058,96.91907011474744,422.3355269213965,0.573102028053081,0.0714643105244118,26.370551839343797,872.271631032727,True,
2,70.0,10.0,71.33507161764891,356.6753580882446,422.3355269213965,1.193210194606544,0.21039870495369545,77.63777352916527,2568.062578235361,True,
3,70.0,10.0,68.65690597811647,228.85635326038826,422.3355269213965,0.8831561113298125,0.13499973927130154,49.8153217547054,1647.7657434747955,True,
4,70.0,10.0,68.9954637202194,172.48865930054853,422.3355269213965,0.7281290696914468,0.10174908278091865,37.54572656463732,1241.9183469639495,True,
5,70.0,10.0,70.54071081497645,141.0814216299529,422.3355269213965,0.6351128447084273,0.08322231331894941,30.709291273688255,1015.786235735661,True,
6,70.0,10.0,72.68930258606058,121.14883764343429,422.3355269213965,0.573102028053081,0.0714643105244118,26.370551839343797,872.271631032727,True,
2,70.0,12.0,71.33507161764891,428.01042970589344,422.3355269213965,1.193210194606544,0.21039870495369545,77.63777352916527,2568.062578235361,False,battery 428.0 Wh > 422.3 Wh
3,70.0,12.0,68.65690597811647,274.62762391246594,422.3355269213965,0.8831561113298125,0.13499973927130154,49.8153217547054,1647.7657434747955,True,
4,70.0,12.0,68.9954637202194,206.98639116065826,422.3355269213965,0.7281290696914468,0.10174908278091865,37.54572656463732,1241.9183469639495,True,
5,70.0,12.0,70.54071081497645,169.2977059559435,422.3355269213965,0.6351128447084273,0.08322231331894941,30.709291273688255,1015.786235735661,True,
6,70.0,12.0,72.68930258606058,145.37860517212118,422.3355269213965,0.573102028053081,0.0714643105244118,26.370551839343797,872.271631032727,True,
2,70.0,14.0,71.33507161764891,499.34550132354235,422.3355269213965,1.193210194606544,0.21039870495369545,77.63777352916527,2568.062578235361,False,battery 499.3 Wh > 422.3 Wh
3,70.0,14.0,68.65690597811647,320.3988945645436,422.3355269213965,0.8831561113298125,0.13499973927130154,49.8153217547054,1647.7657434747955,True,
4,70.0,14.0,68.9954637202194,241.48412302076795,422.3355269213965,0.7281290696914468,0.10174908278091865,37.54572656463732,1241.9183469639495,True,
5,70.0,14.0,70.54071081497645,197.51399028193407,422.3355269213965,0.6351128447084273,0.08322231331894941,30.709291273688255,1015.786235735661,True,
6,70.0,14.0,72.68930258606058,169.60837270080802,422.3355269213965,0.573102028053081,0.0714643105244118,26.370551839343797,872.271631032727,True,
2,70.0,16.0,71.33507161764891,570.6805729411913,422.3355269213965,1.193210194606544,0.21039870495369545,77.63777352916527,2568.062578235361,False,battery 570.7 Wh > 422.3 Wh
3,70.0,16.0,68.65690597811647,366.1701652166212,422.3355269213965,0.8831561113298125,0.13499973927130154,49.8153217547054,1647.7657434747955,True,
4,70.0,16.0,68.9954637202194,275.9818548808777,422.3355269213965,0.7281290696914468,0.10174908278091865,37.54572656463732,1241.9183469639495,True,
5,70.0,16.0,70.54071081497645,225.73027460792466,422.3355269213965,0.6351128447084273,0.08322231331894941,30.709291273688255,1015.786235735661,True,
6,70.0,16.0,72.68930258606058,193.83814022949488,422.3355269213965,0.573102028053081,0.0714643105244118,26.370551839343797,872.271631032727,True,
2,70.0,18.0,71.33507161764891,642.0156445588402,422.3355269213965,1.193210194606544,0.21039870495369545,77.63777352916527,2568.062578235361,False,battery 642.0 Wh > 422.3 Wh
3,70.0,18.0,68.65690597811647,411.9414358686989,422.3355269213965,0.8831561113298125,0.13499973927130154,49.8153217547054,1647.7657434747955,True,
4,70.0,18.0,68.9954637202194,310.4795867409874,422.3355269213965,0.7281290696914468,0.10174908278091865,37.54572656463732,1241.9183469639495,True,
5,70.0,18.0,70.54071081497645,253.94655893391527,422.3355269213965,0.6351128447084273,0.08322231331894941,30.709291273688255,1015.786235735661,True,
6,70.0,18.0,72.68930258606058,218.06790775818175,422.3355269213965,0.573102028053081,0.0714643105244118,26.370551839343797,872.271631032727,True,
2,70.0,20.0,71.33507161764891,713.3507161764892,422.3355269213965,1.193210194606544,0.21039870495369545,77.63777352916527,2568.062578235361,False,battery 713.4 Wh > 422.3 Wh
3,70.0,20.0,68.65690597811647,457.7127065207765,422.3355269213965,0.8831561113298125,0.13499973927130154,49.8153217547054,1647.7657434747955,False,battery 457.7 Wh > 422.3 Wh
4,70.0,20.0,68.9954637202194,344.97731860109707,422.3355269213965,0.7281290696914468,0.10174908278091865,37.54572656463732,1241.9183469639495,True,
5,70.0,20.0,70.54071081497645,282.1628432599058,422.3355269213965,0.6351128447084273,0.08322231331894941,30.709291273688255,1015.786235735661,True,
6,70.0,20.0,72.68930258606058,242.29767528686858,422.3355269213965,0.573102028053081,0.0714643105244118,26.370551839343797,872.271631032727,True,
2,70.0,22.0,71.33507161764891,784.6857877941382,422.3355269213965,1.193210194606544,0.21039870495369545,77.63777352916527,2568.062578235361,False,battery 784.7 Wh > 422.3 Wh
3,70.0,22.0,68.65690597811647,503.48397717285417,422.3355269213965,0.8831561113298125,0.13499973927130154,49.8153217547054,1647.7657434747955,False,battery 503.5 Wh > 422.3 Wh
4,70.0,22.0,68.9954637202194,379.4750504612068,422.3355269213965,0.7281290696914468,0.10174908278091865,37.54572656463732,1241.9183469639495,True,
5,70.0,22.0,70.54071081497645,310.3791275858964,422.3355269213965,0.6351128447084273,0.08322231331894941,30.709291273688255,1015.786235735661,True,
6,70.0,22.0,72.68930258606058,266.52744281555545,422.3355269213965,0.573102028053081,0.0714643105244118,26.370551839343797,872.271631032727,True,
2,70.0,24.0,71.33507161764891,856.0208594117869,422.3355269213965,1.193210194606544,0.21039870495369545,77.63777352916527,2568.062578235361,False,battery 856.0 Wh > 422.3 Wh
3,70.0,24.0,68.65690597811647,549.2552478249319,422.3355269213965,0.8831561113298125,0.13499973927130154,49.8153217547054,1647.7657434747955,False,battery 549.3 Wh > 422.3 Wh
4,70.0,24.0,68.9954637202194,413.9727823213165,422.3355269213965,0.7281290696914468,0.10174908278091865,37.54572656463732,1241.9183469639495,True,
5,70.0,24.0,70.54071081497645,338.595411911887,422.3355269213965,0.6351128447084273,0.08322231331894941,30.709291273688255,1015.786235735661,True,
6,70.0,24.0,72.68930258606058,290.75721034424237,422.3355269213965,0.573102028053081,0.0714643105244118,26.370551839343797,872.271631032727,True,
2,70.0,26.0,71.33507161764891,927.3559310294359,422.3355269213965,1.193210194606544,0.21039870495369545,77.63777352916527,2568.062578235361,False,battery 927.4 Wh > 422.3 Wh
3,70.0,26.0,68.65690597811647,595.0265184770095,422.3355269213965,0.8831561113298125,0.13499973927130154,49.8153217547054,1647.7657434747955,False,battery 595.0 Wh > 422.3 Wh
4,70.0,26.0,68.9954637202194,448.4705141814262,422.3355269213965,0.7281290696914468,0.10174908278091865,37.54572656463732,1241.9183469639495,False,battery 448.5 Wh > 422.3 Wh
5,70.0,26.0,70.54071081497645,366.8116962378776,422.3355269213965,0.6351128447084273,0.08322231331894941,30.709291273688255,1015.786235735661,True,
6,70.0,26.0,72.68930258606058,314.9869778729292,422.3355269213965,0.573102028053081,0.0714643105244118,26.370551839343797,872.271631032727,True,
2,70.0,28.0,71.33507161764891,998.6910026470847,422.3355269213965,1.193210194606544,0.21039870495369545,77.63777352916527,2568.062578235361,False,battery 998.7 Wh > 422.3 Wh
3,70.0,28.0,68.65690597811647,640.7977891290872,422.3355269213965,0.8831561113298125,0.13499973927130154,49.8153217547054,1647.7657434747955,False,battery 640.8 Wh > 422.3 Wh
4,70.0,28.0,68.9954637202194,482.9682460415359,422.3355269213965,0.7281290696914468,0.10174908278091865,37.54572656463732,1241.9183469639495,False,battery 483.0 Wh > 422.3 Wh
5,70.0,28.0,70.54071081497645,395.02798056386814,422.3355269213965,0.6351128447084273,0.08322231331894941,30.709291273688255,1015.786235735661,True,
6,70.0,28.0,72.68930258606058,339.21674540161604,422.3355269213965,0.573102028053081,0.0714643105244118,26.370551839343797,872.271631032727,True,
2,70.0,30.0,71.33507161764891,1070.0260742647338,422.3355269213965,1.193210194606544,0.21039870495369545,77.63777352916527,2568.062578235361,False,battery 1070.0 Wh > 422.3 Wh
3,70.0,30.0,68.65690597811647,686.5690597811648,422.3355269213965,0.8831561113298125,0.13499973927130154,49.8153217547054,1647.7657434747955,False,battery 686.6 Wh > 422.3 Wh
4,70.0,30.0,68.9954637202194,517.4659779016456,422.3355269213965,0.7281290696914468,0.10174908278091865,37.54572656463732,1241.9183469639495,False,battery 517.5 Wh > 422.3 Wh
5,70.0,30.0,70.54071081497645,423.2442648898587,422.3355269213965,0.6351128447084273,0.08322231331894941,30.709291273688255,1015.786235735661,False,battery 423.2 Wh > 422.3 Wh
6,70.0,30.0,72.68930258606058,363.44651293030296,422.3355269213965,0.573102028053081,0.0714643105244118,26.370551839343797,872.271631032727,True,
2,70.0,32.0,71.33507161764891,1141.3611458823825,422.3355269213965,1.193210194606544,0.21039870495369545,77.63777352916527,2568.062578235361,False,battery 1141.4 Wh > 422.3 Wh
3,70.0,32.0,68.65690597811647,732.3403304332425,422.3355269213965,0.8831561113298125,0.13499973927130154,49.8153217547054,1647.7657434747955,False,battery 732.3 Wh > 422.3 Wh
4,70.0,32.0,68.9954637202194,551.9637097617554,422.3355269213965,0.7281290696914468,0.10174908278091865,37.54572656463732,1241.9183469639495,False,battery 552.0 Wh > 422.3 Wh
5,70.0,32.0,70.54071081497645,451.4605492158493,422.3355269213965,0.6351128447084273,0.08322231331894941,30.709291273688255,1015.786235735661,False,battery 451.5 Wh > 422.3 Wh
6,70.0,32.0,72.68930258606058,387.67628045898977,422.3355269213965,0.573102028053081,0.0714643105244118,26.370551839343797,872.271631032727,True,
2,70.0,34.0,71.33507161764891,1212.6962175000317,422.3355269213965,1.193210194606544,0.21039870495369545,77.63777352916527,2568.062578235361,False,battery 1212.7 Wh > 422.3 Wh
3,70.0,34.0,68.65690597811647,778.1116010853201,422.3355269213965,0.8831561113298125,0.13499973927130154,49.8153217547054,1647.7657434747955,False,battery 778.1 Wh > 422.3 Wh
4,70.0,34.0,68.9954637202194,586.461441621865,422.3355269213965,0.7281290696914468,0.10174908278091865,37.54572656463732,1241.9183469639495,False,battery 586.5 Wh > 422.3 Wh
5,70.0,34.0,70.54071081497645,479.6768335418399,422.3355269213965,0.6351128447084273,0.08322231331894941,30.709291273688255,1015.786235735661,False,battery 479.7 Wh > 422.3 Wh
6,70.0,34.0,72.68930258606058,411.90604798767663,422.3355269213965,0.573102028053081,0.0714643105244118,26.370551839343797,872.271631032727,True,
2,70.0,36.0,71.33507161764891,1284.0312891176804,422.3355269213965,1.193210194606544,0.21039870495369545,77.63777352916527,2568.062578235361,False,battery 1284.0 Wh > 422.3 Wh
3,70.0,36.0,68.65690597811647,823.8828717373977,422.3355269213965,0.8831561113298125,0.13499973927130154,49.8153217547054,1647.7657434747955,False,battery 823.9 Wh > 422.3 Wh
4,70.0,36.0,68.9954637202194,620.9591734819747,422.3355269213965,0.7281290696914468,0.10174908278091865,37.54572656463732,1241.9183469639495,False,battery 621.0 Wh > 422.3 Wh
5,70.0,36.0,70.54071081497645,507.89311786783054,422.3355269213965,0.6351128447084273,0.08322231331894941,30.709291273688255,1015.786235735661,False,battery 507.9 Wh > 422.3 Wh
6,70.0,36.0,72.68930258606058,436.1358155163635,422.3355269213965,0.573102028053081,0.0714643105244118,26.370551839343797,872.271631032727,False,battery 436.1 Wh > 422.3 Wh
2,70.0,38.0,71.33507161764891,1355.3663607353292,422.3355269213965,1.193210194606544,0.21039870495369545,77.63777352916527,2568.062578235361,False,battery 1355.4 Wh > 422.3 Wh
3,70.0,38.0,68.65690597811647,869.6541423894754,422.3355269213965,0.8831561113298125,0.13499973927130154,49.8153217547054,1647.7657434747955,False,battery 869.7 Wh > 422.3 Wh
4,70.0,38.0,68.9954637202194,655.4569053420845,422.3355269213965,0.7281290696914468,0.10174908278091865,37.54572656463732,1241.9183469639495,False,battery 655.5 Wh > 422.3 Wh
5,70.0,38.0,70.54071081497645,536.109402193821,422.3355269213965,0.6351128447084273,0.08322231331894941,30.709291273688255,1015.786235735661,False,battery 536.1 Wh > 422.3 Wh
6,70.0,38.0,72.68930258606058,460.36558304505036,422.3355269213965,0.573102028053081,0.0714643105244118,26.370551839343797,872.271631032727,False,battery 460.4 Wh > 422.3 Wh
2,70.0,40.0,71.33507161764891,1426.7014323529784,422.3355269213965,1.193210194606544,0.21039870495369545,77.63777352916527,2568.062578235361,False,battery 1426.7 Wh > 422.3 Wh
3,70.0,40.0,68.65690597811647,915.425413041553,422.3355269213965,0.8831561113298125,0.13499973927130154,49.8153217547054,1647.7657434747955,False,battery 915.4 Wh > 422.3 Wh
4,70.0,40.0,68.9954637202194,689.9546372021941,422.3355269213965,0.7281290696914468,0.10174908278091865,37.54572656463732,1241.9183469639495,False,battery 690.0 Wh > 422.3 Wh
5,70.0,40.0,70.54071081497645,564.3256865198116,422.3355269213965,0.6351128447084273,0.08322231331894941,30.709291273688255,1015.786235735661,False,battery 564.3 Wh > 422.3 Wh
6,70.0,40.0,72.68930258606058,484.59535057373716,422.3355269213965,0.573102028053081,0.0714643105244118,26.370551839343797,872.271631032727,False,battery 484.6 Wh > 422.3 Wh
2,75.0,2.0,74.74443154729148,74.74443154729148,422.3355269213965,1.2596503553087008,0.22045441664853513,81.34836227737244,2690.7995357024934,True,
3,75.0,2.0,71.17356204992817,47.449041366618786,422.3355269213965,0.9274495517979169,0.13994822782740407,51.64132935258918,1708.1654891982764,True,
4,75.0,2.0,71.06576786311567,35.53288393155783,422.3355269213965,0.7613491500425251,0.1048022044828241,38.67233792520478,1279.1838215360822,True,
5,75.0,2.0,72.34320380052345,28.937281520209385,422.3355269213965,0.66168890898929,0.08534885321719146,31.493991079976443,1041.7421347275379,True,
6,75.0,2.0,74.31325480004139,24.771084933347133,422.3355269213965,0.5952487482871333,0.07306089518223444,26.959696521158513,891.7590576004968,True,
2,75.0,4.0,74.74443154729148,149.48886309458297,422.3355269213965,1.2596503553087008,0.22045441664853513,81.34836227737244,2690.7995357024934,True,
3,75.0,4.0,71.17356204992817,94.89808273323757,422.3355269213965,0.9274495517979169,0.13994822782740407,51.64132935258918,1708.1654891982764,True,
4,75.0,4.0,71.06576786311567,71.06576786311567,422.3355269213965,0.7613491500425251,0.1048022044828241,38.67233792520478,1279.1838215360822,True,
5,75.0,4.0,72.34320380052345,57.87456304041877,422.3355269213965,0.66168890898929,0.08534885321719146,31.493991079976443,1041.7421347275379,True,
6,75.0,4.0,74.31325480004139,49.542169866694266,422.3355269213965,0.5952487482871333,0.07306089518223444,26.959696521158513,891.7590576004968,True,
2,75.0,6.0,74.74443154729148,224.23329464187444,422.3355269213965,1.2596503553087008,0.22045441664853513,81.34836227737244,2690.7995357024934,True,
3,75.0,6.0,71.17356204992817,142.34712409985636,422.3355269213965,0.9274495517979169,0.13994822782740407,51.64132935258918,1708.1654891982764,True,
4,75.0,6.0,71.06576786311567,106.59865179467351,422.3355269213965,0.7613491500425251,0.1048022044828241,38.67233792520478,1279.1838215360822,True,
5,75.0,6.0,72.34320380052345,86.81184456062815,422.3355269213965,0.66168890898929,0.08534885321719146,31.493991079976443,1041.7421347275379,True,
6,75.0,6.0,74.31325480004139,74.3132548000414,422.3355269213965,0.5952487482871333,0.07306089518223444,26.959696521158513,891.7590576004968,True,
2,75.0,8.0,74.74443154729148,298.97772618916594,422.3355269213965,1.2596503553087008,0.22045441664853513,81.34836227737244,2690.7995357024934,True,
3,75.0,8.0,71.17356204992817,189.79616546647514,422.3355269213965,0.9274495517979169,0.13994822782740407,51.64132935258918,1708.1654891982764,True,
4,75.0,8.0,71.06576786311567,142.13153572623133,422.3355269213965,0.7613491500425251,0.1048022044828241,38.67233792520478,1279.1838215360822,True,
5,75.0,8.0,72.34320380052345,115.74912608083754,422.3355269213965,0.66168890898929,0.08534885321719146,31.493991079976443,1041.7421347275379,True,
6,75.0,8.0,74.31325480004139,99.08433973338853,422.3355269213965,0.5952487482871333,0.07306089518223444,26.959696521158513,891.7590576004968,True,
2,75.0,10.0,74.74443154729148,373.7221577364574,422.3355269213965,1.2596503553087008,0.22045441664853513,81.34836227737244,2690.7995357024934,True,
3,75.0,10.0,71.17356204992817,237.24520683309393,422.3355269213965,0.9274495517979169,0.13994822782740407,51.64132935258918,1708.1654891982764,True,
4,75.0,10.0,71.06576786311567,177.6644196577892,422.3355269213965,0.7613491500425251,0.1048022044828241,38.67233792520478,1279.1838215360822,True,
5,75.0,10.0,72.34320380052345,144.6864076010469,422.3355269213965,0.66168890898929,0.08534885321719146,31.493991079976443,1041.7421347275379,True,
6,75.0,10.0,74.31325480004139,123.85542466673569,422.3355269213965,0.5952487482871333,0.07306089518223444,26.959696521158513,891.7590576004968,True,
2,75.0,12.0,74.74443154729148,448.4665892837489,422.3355269213965,1.2596503553087008,0.22045441664853513,81.34836227737244,2690.7995357024934,False,battery 448.5 Wh > 422.3 Wh
3,75.0,12.0,71.17356204992817,284.6942481997127,422.3355269213965,0.9274495517979169,0.13994822782740407,51.64132935258918,1708.1654891982764,True,
4,75.0,12.0,71.06576786311567,213.19730358934703,422.3355269213965,0.7613491500425251,0.1048022044828241,38.67233792520478,1279.1838215360822,True,
5,75.0,12.0,72.34320380052345,173.6236891212563,422.3355269213965,0.66168890898929,0.08534885321719146,31.493991079976443,1041.7421347275379,True,
6,75.0,12.0,74.31325480004139,148.6265096000828,422.3355269213965,0.5952487482871333,0.07306089518223444,26.959696521158513,891.7590576004968,True,
2,75.0,14.0,74.74443154729148,523.2110208310404,422.3355269213965,1.2596503553087008,0.22045441664853513,81.34836227737244,2690.7995357024934,False,battery 523.2 Wh > 422.3 Wh
3,75.0,14.0,71.17356204992817,332.14328956633153,422.3355269213965,0.9274495517979169,0.13994822782740407,51.64132935258918,1708.1654891982764,True,
4,75.0,14.0,71.06576786311567,248.73018752090488,422.3355269213965,0.7613491500425251,0.1048022044828241,38.67233792520478,1279.1838215360822,True,
5,75.0,14.0,72.34320380052345,202.5609706414657,422.3355269213965,0.66168890898929,0.08534885321719146,31.493991079976443,1041.7421347275379,True,
6,75.0,14.0,74.31325480004139,173.39759453342995,422.3355269213965,0.5952487482871333,0.07306089518223444,26.959696521158513,891.7590576004968,True,
2,75.0,16.0,74.74443154729148,597.9554523783319,422.3355269213965,1.2596503553087008,0.22045441664853513,81.34836227737244,2690.7995357024934,False,battery 598.0 Wh > 422.3 Wh
3,75.0,16.0,71.17356204992817,379.5923309329503,422.3355269213965,0.9274495517979169,0.13994822782740407,51.64132935258918,1708.1654891982764,True,
4,75.0,16.0,71.06576786311567,284.26307145246267,422.3355269213965,0.7613491500425251,0.1048022044828241,38.67233792520478,1279.1838215360822,True,
5,75.0,16.0,72.34320380052345,231.49825216167508,422.3355269213965,0.66168890898929,0.08534885321719146,31.493991079976443,1041.7421347275379,True,
6,75.0,16.0,74.31325480004139,198.16867946677706,422.3355269213965,0.5952487482871333,0.07306089518223444,26.959696521158513,891.7590576004968,True,
2,75.0,18.0,74.74443154729148,672.6998839256233,422.3355269213965,1.2596503553087008,0.22045441664853513,81.34836227737244,2690.7995357024934,False,battery 672.7 Wh > 422.3 Wh
3,75.0,18.0,71.17356204992817,427.0413722995691,422.3355269213965,0.9274495517979169,0.13994822782740407,51.64132935258918,1708.1654891982764,False,battery 427.0 Wh > 422.3 Wh
4,75.0,18.0,71.06576786311567,319.79595538402054,422.3355269213965,0.7613491500425251,0.1048022044828241,38.67233792520478,1279.1838215360822,True,
5,75.0,18.0,72.34320380052345,260.43553368188446,422.3355269213965,0.66168890898929,0.08534885321719146,31.493991079976443,1041.7421347275379,True,
6,75.0,18.0,74.31325480004139,222.9397644001242,422.3355269213965,0.5952487482871333,0.07306089518223444,26.959696521158513,891.7590576004968,True,
2,75.0,20.0,74.74443154729148,747.4443154729148,422.3355269213965,1.2596503553087008,0.22045441664853513,81.34836227737244,2690.7995357024934,False,battery 747.4 Wh > 422.3 Wh
3,75.0,20.0,71.17356204992817,474.49041366618786,422.3355269213965,0.9274495517979169,0.13994822782740407,51.64132935258918,1708.1654891982764,False,battery 474.5 Wh > 422.3 Wh
4,75.0,20.0,71.06576786311567,355.3288393155784,422.3355269213965,0.7613491500425251,0.1048022044828241,38.67233792520478,1279.1838215360822,True,
5,75.0,20.0,72.34320380052345,289.3728152020938,422.3355269213965,0.66168890898929,0.08534885321719146,31.493991079976443,1041.7421347275379,True,
6,75.0,20.0,74.31325480004139,247.71084933347137,422.3355269213965,0.5952487482871333,0.07306089518223444,26.959696521158513,891.7590576004968,True,
2,75.0,22.0,74.74443154729148,822.1887470202063,422.3355269213965,1.2596503553087008,0.22045441664853513,81.34836227737244,2690.7995357024934,False,battery 822.2 Wh > 422.3 Wh
3,75.0,22.0,71.17356204992817,521.9394550328067,422.3355269213965,0.9274495517979169,0.13994822782740407,51.64132935258918,1708.1654891982764,False,battery 521.9 Wh > 422.3 Wh
4,75.0,22.0,71.06576786311567,390.8617232471362,422.3355269213965,0.7613491500425251,0.1048022044828241,38.67233792520478,1279.1838215360822,True,
5,75.0,22.0,72.34320380052345,318.31009672230323,422.3355269213965,0.66168890898929,0.08534885321719146,31.493991079976443,1041.7421347275379,True,
6,75.0,22.0,74.31325480004139,272.4819342668185,422.3355269213965,0.5952487482871333,0.07306089518223444,26.959696521158513,891.7590576004968,True,
2,75.0,24.0,74.74443154729148,896.9331785674977,422.3355269213965,1.2596503553087008,0.22045441664853513,81.34836227737244,2690.7995357024934,False,battery 896.9 Wh > 422.3 Wh
3,75.0,24.0,71.17356204992817,569.3884963994254,422.3355269213965,0.9274495517979169,0.13994822782740407,51.64132935258918,1708.1654891982764,False,battery 569.4 Wh > 422.3 Wh
4,75.0,24.0,71.06576786311567,426.39460717869406,422.3355269213965,0.7613491500425251,0.1048022044828241,38.67233792520478,1279.1838215360822,False,battery 426.4 Wh > 422.3 Wh
5,75.0,24.0,72.34320380052345,347.2473782425126,422.3355269213965,0.66168890898929,0.08534885321719146,31.493991079976443,1041.7421347275379,True,
6,75.0,24.0,74.31325480004139,297.2530192001656,422.3355269213965,0.5952487482871333,0.07306089518223444,26.959696521158513,891.7590576004968,True,
2,75.0,26.0,74.74443154729148,971.6776101147892,422.3355269213965,1.2596503553087008,0.22045441664853513,81.34836227737244,2690.7995357024934,False,battery 971.7 Wh > 422.3 Wh
3,75.0,26.0,71.17356204992817,616.8375377660442,422.3355269213965,0.9274495517979169,0.13994822782740407,51.64132935258918,1708.1654891982764,False,battery 616.8 Wh > 422.3 Wh
4,75.0,26.0,71.06576786311567,461.9274911102519,422.3355269213965,0.7613491500425251,0.1048022044828241,38.67233792520478,1279.1838215360822,False,battery 461.9 Wh > 422.3 Wh
5,75.0,26.0,72.34320380052345,376.18465976272205,422.3355269213965,0.66168890898929,0.08534885321719146,31.493991079976443,1041.7421347275379,True,
6,75.0,26.0,74.31325480004139,322.0241041335127,422.3355269213965,0.5952487482871333,0.07306089518223444,26.959696521158513,891.7590576004968,True,
2,75.0,28.0,74.74443154729148,1046.4220416620808,422.3355269213965,1.2596503553087008,0.22045441664853513,81.34836227737244,2690.7995357024934,False,battery 1046.4 Wh > 422.3 Wh
3,75.0,28.0,71.17356204992817,664.2865791326631,422.3355269213965,0.9274495517979169,0.13994822782740407,51.64132935258918,1708.1654891982764,False,battery 664.3 Wh > 422.3 Wh
4,75.0,28.0,71.06576786311567,497.46037504180975,422.3355269213965,0.7613491500425251,0.1048022044828241,38.67233792520478,1279.1838215360822,False,battery 497.5 Wh > 422.3 Wh
5,75.0,28.0,72.34320380052345,405.1219412829314,422.3355269213965,0.66168890898929,0.08534885321719146,31.493991079976443,1041.7421347275379,True,
6,75.0,28.0,74.31325480004139,346.7951890668599,422.3355269213965,0.5952487482871333,0.07306089518223444,26.959696521158513,891.7590576004968,True,
2,75.0,30.0,74.74443154729148,1121.1664732093723,422.3355269213965,1.2596503553087008,0.22045441664853513,81.34836227737244,2690.7995357024934,False,battery 1121.2 Wh > 422.3 Wh
3,75.0,30.0,71.17356204992817,711.7356204992818,422.3355269213965,0.9274495517979169,0.13994822782740407,51.64132935258918,1708.1654891982764,False,battery 711.7 Wh > 422.3 Wh
4,75.0,30.0,71.06576786311567,532.9932589733676,422.3355269213965,0.7613491500425251,0.1048022044828241,38.67233792520478,1279.1838215360822,False,battery 533.0 Wh > 422.3 Wh
5,75.0,30.0,72.34320380052345,434.05922280314076,422.3355269213965,0.66168890898929,0.08534885321719146,31.493991079976443,1041.7421347275379,False,battery 434.1 Wh > 422.3 Wh
6,75.0,30.0,74.31325480004139,371.566274000207,422.3355269213965,0.5952487482871333,0.07306089518223444,26.959696521158513,891.7590576004968,True,
2,75.0,32.0,74.74443154729148,1195.9109047566637,422.3355269213965,1.2596503553087008,0.22045441664853513,81.34836227737244,2690.7995357024934,False,battery 1195.9 Wh > 422.3 Wh
3,75.0,32.0,71.17356204992817,759.1846618659006,422.3355269213965,0.9274495517979169,0.13994822782740407,51.64132935258918,1708.1654891982764,False,battery 759.2 Wh > 422.3 Wh
4,75.0,32.0,71.06576786311567,568.5261429049253,422.3355269213965,0.7613491500425251,0.1048022044828241,38.67233792520478,1279.1838215360822,False,battery 568.5 Wh > 422.3 Wh
5,75.0,32.0,72.34320380052345,462.99650432335017,422.3355269213965,0.66168890898929,0.08534885321719146,31.493991079976443,1041.7421347275379,False,battery 463.0 Wh > 422.3 Wh
6,75.0,32.0,74.31325480004139,396.3373589335541,422.3355269213965,0.5952487482871333,0.07306089518223444,26.959696521158513,891.7590576004968,True,
2,75.0,34.0,74.74443154729148,1270.6553363039552,422.3355269213965,1.2596503553087008,0.22045441664853513,81.34836227737244,2690.7995357024934,False,battery 1270.7 Wh > 422.3 Wh
3,75.0,34.0,71.17356204992817,806.6337032325195,422.3355269213965,0.9274495517979169,0.13994822782740407,51.64132935258918,1708.1654891982764,False,battery 806.6 Wh > 422.3 Wh
4,75.0,34.0,71.06576786311567,604.0590268364832,422.3355269213965,0.7613491500425251,0.1048022044828241,38.67233792520478,1279.1838215360822,False,battery 604.1 Wh > 422.3 Wh
5,75.0,34.0,72.34320380052345,491.9337858435595,422.3355269213965,0.66168890898929,0.08534885321719146,31.493991079976443,1041.7421347275379,False,battery 491.9 Wh > 422.3 Wh
6,75.0,34.0,74.31325480004139,421.10844386690127,422.3355269213965,0.5952487482871333,0.07306089518223444,26.959696521158513,891.7590576004968,True,
2,75.0,36.0,74.74443154729148,1345.3997678512467,422.3355269213965,1.2596503553087008,0.22045441664853513,81.34836227737244,2690.7995357024934,False,battery 1345.4 Wh > 422.3 Wh
3,75.0,36.0,71.17356204992817,854.0827445991382,422.3355269213965,0.9274495517979169,0.13994822782740407,51.64132935258918,1708.1654891982764,False,battery 854.1 Wh > 422.3 Wh
4,75.0,36.0,71.06576786311567,639.5919107680411,422.3355269213965,0.7613491500425251,0.1048022044828241,38.67233792520478,1279.1838215360822,False,battery 639.6 Wh > 422.3 Wh
5,75.0,36.0,72.34320380052345,520.8710673637689,422.3355269213965,0.66168890898929,0.08534885321719146,31.493991079976443,1041.7421347275379,False,battery 520.9 Wh > 422.3 Wh
6,75.0,36.0,74.31325480004139,445.8795288002484,422.3355269213965,0.5952487482871333,0.07306089518223444,26.959696521158513,891.7590576004968,False,battery 445.9 Wh > 422.3 Wh
2,75.0,38.0,74.74443154729148,1420.1441993985381,422.3355269213965,1.2596503553087008,0.22045441664853513,81.34836227737244,2690.7995357024934,False,battery 1420.1 Wh > 422.3 Wh
3,75.0,38.0,71.17356204992817,901.5317859657571,422.3355269213965,0.9274495517979169,0.13994822782740407,51.64132935258918,1708.1654891982764,False,battery 901.5 Wh > 422.3 Wh
4,75.0,38.0,71.06576786311567,675.124794699599,422.3355269213965,0.7613491500425251,0.1048022044828241,38.67233792520478,1279.1838215360822,False,battery 675.1 Wh > 422.3 Wh
5,75.0,38.0,72.34320380052345,549.8083488839783,422.3355269213965,0.66168890898929,0.08534885321719146,31.493991079976443,1041.7421347275379,False,battery 549.8 Wh > 422.3 Wh
6,75.0,38.0,74.31325480004139,470.65061373359555,422.3355269213965,0.5952487482871333,0.07306089518223444,26.959696521158513,891.7590576004968,False,battery 470.7 Wh > 422.3 Wh
2,75.0,40.0,74.74443154729148,1494.8886309458296,422.3355269213965,1.2596503553087008,0.22045441664853513,81.34836227737244,2690.7995357024934,False,battery 1494.9 Wh > 422.3 Wh
3,75.0,40.0,71.17356204992817,948.9808273323757,422.3355269213965,0.9274495517979169,0.13994822782740407,51.64132935258918,1708.1654891982764,False,battery 949.0 Wh > 422.3 Wh
4,75.0,40.0,71.06576786311567,710.6576786311568,422.3355269213965,0.7613491500425251,0.1048022044828241,38.67233792520478,1279.1838215360822,False,battery 710.7 Wh > 422.3 Wh
5,75.0,40.0,72.34320380052345,578.7456304041876,422.3355269213965,0.66168890898929,0.08534885321719146,31.493991079976443,1041.7421347275379,False,battery 578.7 Wh > 422.3 Wh
6,75.0,40.0,74.31325480004139,495.42169866694275,422.3355269213965,0.5952487482871333,0.07306089518223444,26.959696521158513,891.7590576004968,False,battery 495.4 Wh > 422.3 Wh
2,80.0,2.0,78.33848882683009,78.3384888268301,422.3355269213965,1.3260905160108576,0.23105488259041326,85.25996702931371,2820.1855977658834,True,
3,80.0,2.0,73.81334968833725,49.20889979222484,422.3355269213965,0.9717429922660217,0.14513882938219042,53.556677396577015,1771.5203925200942,True,
4,80.0,2.0,73.22842068095996,36.614210340479985,422.3355269213965,0.7945692303936035,0.10799151474648916,39.849203286705766,1318.1115722572795,True,
5,80.0,2.0,74.21957572602889,29.68783029041156,422.3355269213965,0.6882649732701527,0.08756255379495967,32.31085344686209,1068.7618904548162,True,
6,80.0,2.0,75.99877279732091,25.332924265773638,422.3355269213965,0.6173954685211854,0.07471800808972802,27.571176314499247,911.985273567851,True,
2,80.0,4.0,78.33848882683009,156.6769776536602,422.3355269213965,1.3260905160108576,0.23105488259041326,85.25996702931371,2820.1855977658834,True,
3,80.0,4.0,73.81334968833725,98.41779958444968,422.3355269213965,0.9717429922660217,0.14513882938219042,53.556677396577015,1771.5203925200942,True,
4,80.0,4.0,73.22842068095996,73.22842068095997,422.3355269213965,0.7945692303936035,0.10799151474648916,39.849203286705766,1318.1115722572795,True,
5,80.0,4.0,74.21957572602889,59.37566058082312,422.3355269213965,0.6882649732701527,0.08756255379495967,32.31085344686209,1068.7618904548162,True,
6,80.0,4.0,75.99877279732091,50.665848531547276,422.3355269213965,0.6173954685211854,0.07471800808972802,27.571176314499247,911.985273567851,True,
2,80.0,6.0,78.33848882683009,235.0154664804903,422.3355269213965,1.3260905160108576,0.23105488259041326,85.25996702931371,2820.1855977658834,True,
3,80.0,6.0,73.81334968833725,147.62669937667454,422.3355269213965,0.9717429922660217,0.14513882938219042,53.556677396577015,1771.5203925200942,True,
4,80.0,6.0,73.22842068095996,109.84263102143996,422.3355269213965,0.7945692303936035,0.10799151474648916,39.849203286705766,1318.1115722572795,True,
5,80.0,6.0,74.21957572602889,89.06349087123468,422.3355269213965,0.6882649732701527,0.08756255379495967,32.31085344686209,1068.7618904548162,True,
6,80.0,6.0,75.99877279732091,75.99877279732092,422.3355269213965,0.6173954685211854,0.07471800808972802,27.571176314499247,911.985273567851,True,
2,80.0,8.0,78.33848882683009,313.3539553073204,422.3355269213965,1.3260905160108576,0.23105488259041326,85.25996702931371,2820.1855977658834,True,
3,80.0,8.0,73.81334968833725,196.83559916889936,422.3355269213965,0.9717429922660217,0.14513882938219042,53.556677396577015,1771.5203925200942,True,
4,80.0,8.0,73.22842068095996,146.45684136191994,422.3355269213965,0.7945692303936035,0.10799151474648916,39.849203286705766,1318.1115722572795,True,
5,80.0,8.0,74.21957572602889,118.75132116164625,422.3355269213965,0.6882649732701527,0.08756255379495967,32.31085344686209,1068.7618904548162,True,
6,80.0,8.0,75.99877279732091,101.33169706309455,422.3355269213965,0.6173954685211854,0.07471800808972802,27.571176314499247,911.985273567851,True,
2,80.0,10.0,78.33848882683009,391.6924441341505,422.3355269213965,1.3260905160108576,0.23105488259041326,85.25996702931371,2820.1855977658834,True,
3,80.0,10.0,73.81334968833725,246.04449896112422,422.3355269213965,0.9717429922660217,0.14513882938219042,53.556677396577015,1771.5203925200942,True,
4,80.0,10.0,73.22842068095996,183.07105170239993,422.3355269213965,0.7945692303936035,0.10799151474648916,39.849203286705766,1318.1115722572795,True,
5,80.0,10.0,74.21957572602889,148.4391514520578,422.3355269213965,0.6882649732701527,0.08756255379495967,32.31085344686209,1068.7618904548162,True,
6,80.0,10.0,75.99877279732091,126.66462132886821,422.3355269213965,0.6173954685211854,0.07471800808972802,27.571176314499247,911.985273567851,True,
2,80.0,12.0,78.33848882683009,470.0309329609806,422.3355269213965,1.3260905160108576,0.23105488259041326,85.25996702931371,2820.1855977658834,False,battery 470.0 Wh > 422.3 Wh
3,80.0,12.0,73.81334968833725,295.2533987533491,422.3355269213965,0.9717429922660217,0.14513882938219042,53.556677396577015,1771.5203925200942,True,
4,80.0,12.0,73.22842068095996,219.6852620428799,422.3355269213965,0.7945692303936035,0.10799151474648916,39.849203286705766,1318.1115722572795,True,
5,80.0,12.0,74.21957572602889,178.12698174246935,422.3355269213965,0.6882649732701527,0.08756255379495967,32.31085344686209,1068.7618904548162,True,
6,80.0,12.0,75.99877279732091,151.99754559464185,422.3355269213965,0.6173954685211854,0.07471800808972802,27.571176314499247,911.985273567851,True,
2,80.0,14.0,78.33848882683009,548.3694217878107,422.3355269213965,1.3260905160108576,0.23105488259041326,85.25996702931371,2820.1855977658834,False,battery 548.4 Wh > 422.3 Wh
3,80.0,14.0,73.81334968833725,344.4622985455739,422.3355269213965,0.9717429922660217,0.14513882938219042,53.556677396577015,1771.5203925200942,True,
4,80.0,14.0,73.22842068095996,256.2994723833599,422.3355269213965,0.7945692303936035,0.10799151474648916,39.849203286705766,1318.1115722572795,True,
5,80.0,14.0,74.21957572602889,207.81481203288092,422.3355269213965,0.6882649732701527,0.08756255379495967,32.31085344686209,1068.7618904548162,True,
6,80.0,14.0,75.99877279732091,177.33046986041546,422.3355269213965,0.6173954685211854,0.07471800808972802,27.571176314499247,911.985273567851,True,
2,80.0,16.0,78.33848882683009,626.7079106146408,422.3355269213965,1.3260905160108576,0.23105488259041326,85.25996702931371,2820.1855977658834,False,battery 626.7 Wh > 422.3 Wh
3,80.0,16.0,73.81334968833725,393.6711983377987,422.3355269213965,0.9717429922660217,0.14513882938219042,53.556677396577015,1771.5203925200942,True,
4,80.0,16.0,73.22842068095996,292.9136827238399,422.3355269213965,0.7945692303936035,0.10799151474648916,39.849203286705766,1318.1115722572795,True,
5,80.0,16.0,74.21957572602889,237.5026423232925,422.3355269213965,0.6882649732701527,0.08756255379495967,32.31085344686209,1068.7618904548162,True,
6,80.0,16.0,75.99877279732091,202.6633941261891,422.3355269213965,0.6173954685211854,0.07471800808972802,27.571176314499247,911.985273567851,True,
2,80.0,18.0,78.33848882683009,705.0463994414708,422.3355269213965,1.3260905160108576,0.23105488259041326,85.25996702931371,2820.1855977658834,False,battery 705.0 Wh > 422.3 Wh
3,80.0,18.0,73.81334968833725,442.88009813002355,422.3355269213965,0.9717429922660217,0.14513882938219042,53.556677396577015,1771.5203925200942,False,battery 442.9 Wh > 422.3 Wh
4,80.0,18.0,73.22842068095996,329.52789306431987,422.3355269213965,0.7945692303936035,0.10799151474648916,39.849203286705766,1318.1115722572795,True,
5,80.0,18.0,74.21957572602889,267.19047261370406,422.3355269213965,0.6882649732701527,0.08756255379495967,32.31085344686209,1068.7618904548162,True,
6,80.0,18.0,75.99877279732091,227.99631839196275,422.3355269213965,0.6173954685211854,0.07471800808972802,27.571176314499247,911.985273567851,True,
2,80.0,20.0,78.33848882683009,783.384888268301,422.3355269213965,1.3260905160108576,0.23105488259041326,85.25996702931371,2820.1855977658834,False,battery 783.4 Wh > 422.3 Wh
3,80.0,20.0,73.81334968833725,492.08899792224844,422.3355269213965,0.9717429922660217,0.14513882938219042,53.556677396577015,1771.5203925200942,False,battery 492.1 Wh > 422.3 Wh
4,80.0,20.0,73.22842068095996,366.14210340479985,422.3355269213965,0.7945692303936035,0.10799151474648916,39.849203286705766,1318.1115722572795,True,
5,80.0,20.0,74.21957572602889,296.8783029041156,422.3355269213965,0.6882649732701527,0.08756255379495967,32.31085344686209,1068.7618904548162,True,
6,80.0,20.0,75.99877279732091,253.32924265773642,422.3355269213965,0.6173954685211854,0.07471800808972802,27.571176314499247,911.985273567851,True,
2,80.0,22.0,78.33848882683009,861.723377095131,422.3355269213965,1.3260905160108576,0.23105488259041326,85.25996702931371,2820.1855977658834,False,battery 861.7 Wh > 422.3 Wh
3,80.0,22.0,73.81334968833725,541.2978977144732,422.3355269213965,0.9717429922660217,0.14513882938219042,53.556677396577015,1771.5203925200942,False,battery 541.3 Wh > 422.3 Wh
4,80.0,22.0,73.22842068095996,402.75631374527984,422.3355269213965,0.7945692303936035,0.10799151474648916,39.849203286705766,1318.1115722572795,True,
5,80.0,22.0,74.21957572602889,326.5661331945272,422.3355269213965,0.6882649732701527,0.08756255379495967,32.31085344686209,1068.7618904548162,True,
6,80.0,22.0,75.99877279732091,278.66216692351003,422.3355269213965,0.6173954685211854,0.07471800808972802,27.571176314499247,911.985273567851,True,
2,80.0,24.0,78.33848882683009,940.0618659219612,422.3355269213965,1.3260905160108576,0.23105488259041326,85.25996702931371,2820.1855977658834,False,battery 940.1 Wh > 422.3 Wh
3,80.0,24.0,73.81334968833725,590.5067975066981,422.3355269213965,0.9717429922660217,0.14513882938219042,53.556677396577015,1771.5203925200942,False,battery 590.5 Wh > 422.3 Wh
4,80.0,24.0,73.22842068095996,439.3705240857598,422.3355269213965,0.7945692303936035,0.10799151474648916,39.849203286705766,1318.1115722572795,False,battery 439.4 Wh > 422.3 Wh
5,80.0,24.0,74.21957572602889,356.2539634849387,422.3355269213965,0.6882649732701527,0.08756255379495967,32.31085344686209,1068.7618904548162,True,
6,80.0,24.0,75.99877279732091,303.9950911892837,422.3355269213965,0.6173954685211854,0.07471800808972802,27.571176314499247,911.985273567851,True,
2,80.0,26.0,78.33848882683009,1018.4003547487913,422.3355269213965,1.3260905160108576,0.23105488259041326,85.25996702931371,2820.1855977658834,False,battery 1018.4 Wh > 422.3 Wh
3,80.0,26.0,73.81334968833725,639.7156972989229,422.3355269213965,0.9717429922660217,0.14513882938219042,53.556677396577015,1771.5203925200942,False,battery 639.7 Wh > 422.3 Wh
4,80.0,26.0,73.22842068095996,475.9847344262398,422.3355269213965,0.7945692303936035,0.10799151474648916,39.849203286705766,1318.1115722572795,False,battery 476.0 Wh > 422.3 Wh
5,80.0,26.0,74.21957572602889,385.94179377535033,422.3355269213965,0.6882649732701527,0.08756255379495967,32.31085344686209,1068.7618904548162,True,
6,80.0,26.0,75.99877279732091,329.32801545505725,422.3355269213965,0.6173954685211854,0.07471800808972802,27.571176314499247,911.985273567851,True,
2,80.0,28.0,78.33848882683009,1096.7388435756213,422.3355269213965,1.3260905160108576,0.23105488259041326,85.25996702931371,2820.1855977658834,False,battery 1096.7 Wh > 422.3 Wh
3,80.0,28.0,73.81334968833725,688.9245970911478,422.3355269213965,0.9717429922660217,0.14513882938219042,53.556677396577015,1771.5203925200942,False,battery 688.9 Wh > 422.3 Wh
4,80.0,28.0,73.22842068095996,512.5989447667198,422.3355269213965,0.7945692303936035,0.10799151474648916,39.849203286705766,1318.1115722572795,False,battery 512.6 Wh > 422.3 Wh
5,80.0,28.0,74.21957572602889,415.62962406576185,422.3355269213965,0.6882649732701527,0.08756255379495967,32.31085344686209,1068.7618904548162,True,
6,80.0,28.0,75.99877279732091,354.6609397208309,422.3355269213965,0.6173954685211854,0.07471800808972802,27.571176314499247,911.985273567851,True,
2,80.0,30.0,78.33848882683009,1175.0773324024515,422.3355269213965,1.3260905160108576,0.23105488259041326,85.25996702931371,2820.1855977658834,False,battery 1175.1 Wh > 422.3 Wh
3,80.0,30.0,73.81334968833725,738.1334968833726,422.3355269213965,0.9717429922660217,0.14513882938219042,53.556677396577015,1771.5203925200942,False,battery 738.1 Wh > 422.3 Wh
4,80.0,30.0,73.22842068095996,549.2131551071998,422.3355269213965,0.7945692303936035,0.10799151474648916,39.849203286705766,1318.1115722572795,False,battery 549.2 Wh > 422.3 Wh
5,80.0,30.0,74.21957572602889,445.3174543561734,422.3355269213965,0.6882649732701527,0.08756255379495967,32.31085344686209,1068.7618904548162,False,battery 445.3 Wh > 422.3 Wh
6,80.0,30.0,75.99877279732091,379.9938639866046,422.3355269213965,0.6173954685211854,0.07471800808972802,27.571176314499247,911.985273567851,True,
2,80.0,32.0,78.33848882683009,1253.4158212292816,422.3355269213965,1.3260905160108576,0.23105488259041326,85.25996702931371,2820.1855977658834,False,battery 1253.4 Wh > 422.3 Wh
3,80.0,32.0,73.81334968833725,787.3423966755975,422.3355269213965,0.9717429922660217,0.14513882938219042,53.556677396577015,1771.5203925200942,False,battery 787.3 Wh > 422.3 Wh
4,80.0,32.0,73.22842068095996,585.8273654476798,422.3355269213965,0.7945692303936035,0.10799151474648916,39.849203286705766,1318.1115722572795,False,battery 585.8 Wh > 422.3 Wh
5,80.0,32.0,74.21957572602889,475.005284646585,422.3355269213965,0.6882649732701527,0.08756255379495967,32.31085344686209,1068.7618904548162,False,battery 475.0 Wh > 422.3 Wh
6,80.0,32.0,75.99877279732091,405.3267882523782,422.3355269213965,0.6173954685211854,0.07471800808972802,27.571176314499247,911.985273567851,True,
2,80.0,34.0,78.33848882683009,1331.7543100561118,422.3355269213965,1.3260905160108576,0.23105488259041326,85.25996702931371,2820.1855977658834,False,battery 1331.8 Wh > 422.3 Wh
3,80.0,34.0,73.81334968833725,836.5512964678222,422.3355269213965,0.9717429922660217,0.14513882938219042,53.556677396577015,1771.5203925200942,False,battery 836.6 Wh > 422.3 Wh
4,80.0,34.0,73.22842068095996,622.4415757881598,422.3355269213965,0.7945692303936035,0.10799151474648916,39.849203286705766,1318.1115722572795,False,battery 622.4 Wh > 422.3 Wh
5,80.0,34.0,74.21957572602889,504.69311493699655,422.3355269213965,0.6882649732701527,0.08756255379495967,32.31085344686209,1068.7618904548162,False,battery 504.7 Wh > 422.3 Wh
6,80.0,34.0,75.99877279732091,430.6597125181519,422.3355269213965,0.6173954685211854,0.07471800808972802,27.571176314499247,911.985273567851,False,battery 430.7 Wh > 422.3 Wh
2,80.0,36.0,78.33848882683009,1410.0927988829417,422.3355269213965,1.3260905160108576,0.23105488259041326,85.25996702931371,2820.1855977658834,False,battery 1410.1 Wh > 422.3 Wh
3,80.0,36.0,73.81334968833725,885.7601962600471,422.3355269213965,0.9717429922660217,0.14513882938219042,53.556677396577015,1771.5203925200942,False,battery 885.8 Wh > 422.3 Wh
4,80.0,36.0,73.22842068095996,659.0557861286397,422.3355269213965,0.7945692303936035,0.10799151474648916,39.849203286705766,1318.1115722572795,False,battery 659.1 Wh > 422.3 Wh
5,80.0,36.0,74.21957572602889,534.3809452274081,422.3355269213965,0.6882649732701527,0.08756255379495967,32.31085344686209,1068.7618904548162,False,battery 534.4 Wh > 422.3 Wh
6,80.0,36.0,75.99877279732091,455.9926367839255,422.3355269213965,0.6173954685211854,0.07471800808972802,27.571176314499247,911.985273567851,False,battery 456.0 Wh > 422.3 Wh
2,80.0,38.0,78.33848882683009,1488.4312877097718,422.3355269213965,1.3260905160108576,0.23105488259041326,85.25996702931371,2820.1855977658834,False,battery 1488.4 Wh > 422.3 Wh
3,80.0,38.0,73.81334968833725,934.969096052272,422.3355269213965,0.9717429922660217,0.14513882938219042,53.556677396577015,1771.5203925200942,False,battery 935.0 Wh > 422.3 Wh
4,80.0,38.0,73.22842068095996,695.6699964691197,422.3355269213965,0.7945692303936035,0.10799151474648916,39.849203286705766,1318.1115722572795,False,battery 695.7 Wh > 422.3 Wh
5,80.0,38.0,74.21957572602889,564.0687755178196,422.3355269213965,0.6882649732701527,0.08756255379495967,32.31085344686209,1068.7618904548162,False,battery 564.1 Wh > 422.3 Wh
6,80.0,38.0,75.99877279732091,481.32556104969916,422.3355269213965,0.6173954685211854,0.07471800808972802,27.571176314499247,911.985273567851,False,battery 481.3 Wh > 422.3 Wh
2,80.0,40.0,78.33848882683009,1566.769776536602,422.3355269213965,1.3260905160108576,0.23105488259041326,85.25996702931371,2820.1855977658834,False,battery 1566.8 Wh > 422.3 Wh
3,80.0,40.0,73.81334968833725,984.1779958444969,422.3355269213965,0.9717429922660217,0.14513882938219042,53.556677396577015,1771.5203925200942,False,battery 984.2 Wh > 422.3 Wh
4,80.0,40.0,73.22842068095996,732.2842068095997,422.3355269213965,0.7945692303936035,0.10799151474648916,39.849203286705766,1318.1115722572795,False,battery 732.3 Wh > 422.3 Wh
5,80.0,40.0,74.21957572602889,593.7566058082313,422.3355269213965,0.6882649732701527,0.08756255379495967,32.31085344686209,1068.7618904548162,False,battery 593.8 Wh > 422.3 Wh
6,80.0,40.0,75.99877279732091,506.65848531547283,422.3355269213965,0.6173954685211854,0.07471800808972802,27.571176314499247,911.985273567851,False,battery 506.7 Wh > 422.3 Wh
2,85.0,2.0,82.11724345626475,82.11724345626475,422.3355269213965,1.3925306767130146,0.24220010277932985,89.3725877849891,2956.220764425531,True,
3,85.0,2.0,76.57626889334367,51.05084592889579,422.3355269213965,1.016036432734126,0.15057154393566044,55.56136588666888,1837.8304534402484,True,
4,85.0,2.0,75.48342217375226,37.74171108687614,422.3355269213965,0.8277893107446819,0.11131701357191381,41.07632264914027,1358.701599127541,True,
5,85.0,2.0,76.16982659149274,30.467930636597092,422.3355269213965,0.7148410375510155,0.08986341505225402,33.15987837434519,1096.8455029174954,True,
6,85.0,2.0,77.74585657789912,25.915285525966375,422.3355269213965,0.6395421887552378,0.07643564924689256,28.204991219365997,932.9502789347895,True,
2,85.0,4.0,82.11724345626475,164.2344869125295,422.3355269213965,1.3925306767130146,0.24220010277932985,89.3725877849891,2956.220764425531,True,
3,85.0,4.0,76.57626889334367,102.10169185779158,422.3355269213965,1.016036432734126,0.15057154393566044,55.56136588666888,1837.8304534402484,True,
4,85.0,4.0,75.48342217375226,75.48342217375227,422.3355269213965,0.8277893107446819,0.11131701357191381,41.07632264914027,1358.701599127541,True,
5,85.0,4.0,76.16982659149274,60.935861273194185,422.3355269213965,0.7148410375510155,0.08986341505225402,33.15987837434519,1096.8455029174954,True,
6,85.0,4.0,77.74585657789912,51.83057105193275,422.3355269213965,0.6395421887552378,0.07643564924689256,28.204991219365997,932.9502789347895,True,
2,85.0,6.0,82.11724345626475,246.35173036879425,422.3355269213965,1.3925306767130146,0.24220010277932985,89.3725877849891,2956.220764425531,True,
3,85.0,6.0,76.57626889334367,153.15253778668736,422.3355269213965,1.016036432734126,0.15057154393566044,55.56136588666888,1837.8304534402484,True,
4,85.0,6.0,75.48342217375226,113.22513326062841,422.3355269213965,0.8277893107446819,0.11131701357191381,41.07632264914027,1358.701599127541,True,
5,85.0,6.0,76.16982659149274,91.40379190979128,422.3355269213965,0.7148410375510155,0.08986341505225402,33.15987837434519,1096.8455029174954,True,
6,85.0,6.0,77.74585657789912,77.74585657789913,422.3355269213965,0.6395421887552378,0.07643564924689256,28.204991219365997,932.9502789347895,True,
2,85.0,8.0,82.11724345626475,328.468973825059,422.3355269213965,1.3925306767130146,0.24220010277932985,89.3725877849891,2956.220764425531,True,
3,85.0,8.0,76.57626889334367,204.20338371558316,422.3355269213965,1.016036432734126,0.15057154393566044,55.56136588666888,1837.8304534402484,True,
4,85.0,8.0,75.48342217375226,150.96684434750455,422.3355269213965,0.8277893107446819,0.11131701357191381,41.07632264914027,1358.701599127541,True,
5,85.0,8.0,76.16982659149274,121.87172254638837,422.3355269213965,0.7148410375510155,0.08986341505225402,33.15987837434519,1096.8455029174954,True,
6,85.0,8.0,77.74585657789912,103.6611421038655,422.3355269213965,0.6395421887552378,0.07643564924689256,28.204991219365997,932.9502789347895,True,
2,85.0,10.0,82.11724345626475,410.58621728132374,422.3355269213965,1.3925306767130146,0.24220010277932985,89.3725877849891,2956.220764425531,True,
3,85.0,10.0,76.57626889334367,255.25422964447898,422.3355269213965,1.016036432734126,0.15057154393566044,55.56136588666888,1837.8304534402484,True,
4,85.0,10.0,75.48342217375226,188.70855543438068,422.3355269213965,0.8277893107446819,0.11131701357191381,41.07632264914027,1358.701599127541,True,
5,85.0,10.0,76.16982659149274,152.33965318298547,422.3355269213965,0.7148410375510155,0.08986341505225402,33.15987837434519,1096.8455029174954,True,
6,85.0,10.0,77.74585657789912,129.57642762983187,422.3355269213965,0.6395421887552378,0.07643564924689256,28.204991219365997,932.9502789347895,True,
2,85.0,12.0,82.11724345626475,492.7034607375885,422.3355269213965,1.3925306767130146,0.24220010277932985,89.3725877849891,2956.220764425531,False,battery 492.7 Wh > 422.3 Wh
3,85.0,12.0,76.57626889334367,306.3050755733747,422.3355269213965,1.016036432734126,0.15057154393566044,55.56136588666888,1837.8304534402484,True,
4,85.0,12.0,75.48342217375226,226.45026652125682,422.3355269213965,0.8277893107446819,0.11131701357191381,41.07632264914027,1358.701599127541,True,
5,85.0,12.0,76.16982659149274,182.80758381958256,422.3355269213965,0.7148410375510155,0.08986341505225402,33.15987837434519,1096.8455029174954,True,
6,85.0,12.0,77.74585657789912,155.49171315579827,422.3355269213965,0.6395421887552378,0.07643564924689256,28.204991219365997,932.9502789347895,True,
2,85.0,14.0,82.11724345626475,574.8207041938532,422.3355269213965,1.3925306767130146,0.24220010277932985,89.3725877849891,2956.220764425531,False,battery 574.8 Wh > 422.3 Wh
3,85.0,14.0,76.57626889334367,357.3559215022705,422.3355269213965,1.016036432734126,0.15057154393566044,55.56136588666888,1837.8304534402484,True,
4,85.0,14.0,75.48342217375226,264.19197760813296,422.3355269213965,0.8277893107446819,0.11131701357191381,41.07632264914027,1358.701599127541,True,
5,85.0,14.0,76.16982659149274,213.27551445617968,422.3355269213965,0.7148410375510155,0.08986341505225402,33.15987837434519,1096.8455029174954,True,
6,85.0,14.0,77.74585657789912,181.4069986817646,422.3355269213965,0.6395421887552378,0.07643564924689256,28.204991219365997,932.9502789347895,True,
2,85.0,16.0,82.11724345626475,656.937947650118,422.3355269213965,1.3925306767130146,0.24220010277932985,89.3725877849891,2956.220764425531,False,battery 656.9 Wh > 422.3 Wh
3,85.0,16.0,76.57626889334367,408.4067674311663,422.3355269213965,1.016036432734126,0.15057154393566044,55.56136588666888,1837.8304534402484,True,
4,85.0,16.0,75.48342217375226,301.9336886950091,422.3355269213965,0.8277893107446819,0.11131701357191381,41.07632264914027,1358.701599127541,True,
5,85.0,16.0,76.16982659149274,243.74344509277674,422.3355269213965,0.7148410375510155,0.08986341505225402,33.15987837434519,1096.8455029174954,True,
6,85.0,16.0,77.74585657789912,207.322284207731,422.3355269213965,0.6395421887552378,0.07643564924689256,28.204991219365997,932.9502789347895,True,
2,85.0,18.0,82.11724345626475,739.0551911063827,422.3355269213965,1.3925306767130146,0.24220010277932985,89.3725877849891,2956.220764425531,False,battery 739.1 Wh > 422.3 Wh
3,85.0,18.0,76.57626889334367,459.4576133600621,422.3355269213965,1.016036432734126,0.15057154393566044,55.56136588666888,1837.8304534402484,False,battery 459.5 Wh > 422.3 Wh
4,85.0,18.0,75.48342217375226,339.67539978188523,422.3355269213965,0.8277893107446819,0.11131701357191381,41.07632264914027,1358.701599127541,True,
5,85.0,18.0,76.16982659149274,274.21137572937386,422.3355269213965,0.7148410375510155,0.08986341505225402,33.15987837434519,1096.8455029174954,True,
6,85.0,18.0,77.74585657789912,233.23756973369734,422.3355269213965,0.6395421887552378,0.07643564924689256,28.204991219365997,932.9502789347895,True,
2,85.0,20.0,82.11724345626475,821.1724345626475,422.3355269213965,1.3925306767130146,0.24220010277932985,89.3725877849891,2956.220764425531,False,battery 821.2 Wh > 422.3 Wh
3,85.0,20.0,76.57626889334367,510.50845928895797,422.3355269213965,1.016036432734126,0.15057154393566044,55.56136588666888,1837.8304534402484,False,battery 510.5 Wh > 422.3 Wh
4,85.0,20.0,75.48342217375226,377.41711086876137,422.3355269213965,0.8277893107446819,0.11131701357191381,41.07632264914027,1358.701599127541,True,
5,85.0,20.0,76.16982659149274,304.67930636597094,422.3355269213965,0.7148410375510155,0.08986341505225402,33.15987837434519,1096.8455029174954,True,
6,85.0,20.0,77.74585657789912,259.15285525966374,422.3355269213965,0.6395421887552378,0.07643564924689256,28.204991219365997,932.9502789347895,True,
2,85.0,22.0,82.11724345626475,903.2896780189122,422.3355269213965,1.3925306767130146,0.24220010277932985,89.3725877849891,2956.220764425531,False,battery 903.3 Wh > 422.3 Wh
3,85.0,22.0,76.57626889334367,561.5593052178536,422.3355269213965,1.016036432734126,0.15057154393566044,55.56136588666888,1837.8304534402484,False,battery 561.6 Wh > 422.3 Wh
4,85.0,22.0,75.48342217375226,415.1588219556375,422.3355269213965,0.8277893107446819,0.11131701357191381,41.07632264914027,1358.701599127541,True,
5,85.0,22.0,76.16982659149274,335.14723700256803,422.3355269213965,0.7148410375510155,0.08986341505225402,33.15987837434519,1096.8455029174954,True,
6,85.0,22.0,77.74585657789912,285.06814078563013,422.3355269213965,0.6395421887552378,0.07643564924689256,28.204991219365997,932.9502789347895,True,
2,85.0,24.0,82.11724345626475,985.406921475177,422.3355269213965,1.3925306767130146,0.24220010277932985,89.3725877849891,2956.220764425531,False,battery 985.4 Wh > 422.3 Wh
3,85.0,24.0,76.57626889334367,612.6101511467494,422.3355269213965,1.016036432734126,0.15057154393566044,55.56136588666888,1837.8304534402484,False,battery 612.6 Wh > 422.3 Wh
4,85.0,24.0,75.48342217375226,452.90053304251364,422.3355269213965,0.8277893107446819,0.11131701357191381,41.07632264914027,1358.701599127541,False,battery 452.9 Wh > 422.3 Wh
5,85.0,24.0,76.16982659149274,365.6151676391651,422.3355269213965,0.7148410375510155,0.08986341505225402,33.15987837434519,1096.8455029174954,True,
6,85.0,24.0,77.74585657789912,310.98342631159653,422.3355269213965,0.6395421887552378,0.07643564924689256,28.204991219365997,932.9502789347895,True,
2,85.0,26.0,82.11724345626475,1067.5241649314419,422.3355269213965,1.3925306767130146,0.24220010277932985,89.3725877849891,2956.220764425531,False,battery 1067.5 Wh > 422.3 Wh
3,85.0,26.0,76.57626889334367,663.6609970756452,422.3355269213965,1.016036432734126,0.15057154393566044,55.56136588666888,1837.8304534402484,False,battery 663.7 Wh > 422.3 Wh
4,85.0,26.0,75.48342217375226,490.6422441293897,422.3355269213965,0.8277893107446819,0.11131701357191381,41.07632264914027,1358.701599127541,False,battery 490.6 Wh > 422.3 Wh
5,85.0,26.0,76.16982659149274,396.08309827576227,422.3355269213965,0.7148410375510155,0.08986341505225402,33.15987837434519,1096.8455029174954,True,
6,85.0,26.0,77.74585657789912,336.89871183756287,422.3355269213965,0.6395421887552378,0.07643564924689256,28.204991219365997,932.9502789347895,True,
2,85.0,28.0,82.11724345626475,1149.6414083877064,422.3355269213965,1.3925306767130146,0.24220010277932985,89.3725877849891,2956.220764425531,False,battery 1149.6 Wh > 422.3 Wh
3,85.0,28.0,76.57626889334367,714.711843004541,422.3355269213965,1.016036432734126,0.15057154393566044,55.56136588666888,1837.8304534402484,False,battery 714.7 Wh > 422.3 Wh
4,85.0,28.0,75.48342217375226,528.3839552162659,422.3355269213965,0.8277893107446819,0.11131701357191381,41.07632264914027,1358.701599127541,False,battery 528.4 Wh > 422.3 Wh
5,85.0,28.0,76.16982659149274,426.55102891235936,422.3355269213965,0.7148410375510155,0.08986341505225402,33.15987837434519,1096.8455029174954,False,battery 426.6 Wh > 422.3 Wh
6,85.0,28.0,77.74585657789912,362.8139973635292,422.3355269213965,0.6395421887552378,0.07643564924689256,28.204991219365997,932.9502789347895,True,
2,85.0,30.0,82.11724345626475,1231.7586518439712,422.3355269213965,1.3925306767130146,0.24220010277932985,89.3725877849891,2956.220764425531,False,battery 1231.8 Wh > 422.3 Wh
3,85.0,30.0,76.57626889334367,765.7626889334368,422.3355269213965,1.016036432734126,0.15057154393566044,55.56136588666888,1837.8304534402484,False,battery 765.8 Wh > 422.3 Wh
4,85.0,30.0,75.48342217375226,566.1256663031421,422.3355269213965,0.8277893107446819,0.11131701357191381,41.07632264914027,1358.701599127541,False,battery 566.1 Wh > 422.3 Wh
5,85.0,30.0,76.16982659149274,457.0189595489564,422.3355269213965,0.7148410375510155,0.08986341505225402,33.15987837434519,1096.8455029174954,False,battery 457.0 Wh > 422.3 Wh
6,85.0,30.0,77.74585657789912,388.7292828894956,422.3355269213965,0.6395421887552378,0.07643564924689256,28.204991219365997,932.9502789347895,True,
2,85.0,32.0,82.11724345626475,1313.875895300236,422.3355269213965,1.3925306767130146,0.24220010277932985,89.3725877849891,2956.220764425531,False,battery 1313.9 Wh > 422.3 Wh
3,85.0,32.0,76.57626889334367,816.8135348623326,422.3355269213965,1.016036432734126,0.15057154393566044,55.56136588666888,1837.8304534402484,False,battery 816.8 Wh > 422.3 Wh
4,85.0,32.0,75.48342217375226,603.8673773900182,422.3355269213965,0.8277893107446819,0.11131701357191381,41.07632264914027,1358.701599127541,False,battery 603.9 Wh > 422.3 Wh
5,85.0,32.0,76.16982659149274,487.4868901855535,422.3355269213965,0.7148410375510155,0.08986341505225402,33.15987837434519,1096.8455029174954,False,battery 487.5 Wh > 422.3 Wh
6,85.0,32.0,77.74585657789912,414.644568415462,422.3355269213965,0.6395421887552378,0.07643564924689256,28.204991219365997,932.9502789347895,True,
2,85.0,34.0,82.11724345626475,1395.9931387565007,422.3355269213965,1.3925306767130146,0.24220010277932985,89.3725877849891,2956.220764425531,False,battery 1396.0 Wh > 422.3 Wh
3,85.0,34.0,76.57626889334367,867.8643807912284,422.3355269213965,1.016036432734126,0.15057154393566044,55.56136588666888,1837.8304534402484,False,battery 867.9 Wh > 422.3 Wh
4,85.0,34.0,75.48342217375226,641.6090884768943,422.3355269213965,0.8277893107446819,0.11131701357191381,41.07632264914027,1358.701599127541,False,battery 641.6 Wh > 422.3 Wh
5,85.0,34.0,76.16982659149274,517.9548208221506,422.3355269213965,0.7148410375510155,0.08986341505225402,33.15987837434519,1096.8455029174954,False,battery 518.0 Wh > 422.3 Wh
6,85.0,34.0,77.74585657789912,440.55985394142834,422.3355269213965,0.6395421887552378,0.07643564924689256,28.204991219365997,932.9502789347895,False,battery 440.6 Wh > 422.3 Wh
2,85.0,36.0,82.11724345626475,1478.1103822127654,422.3355269213965,1.3925306767130146,0.24220010277932985,89.3725877849891,2956.220764425531,False,battery 1478.1 Wh > 422.3 Wh
3,85.0,36.0,76.57626889334367,918.9152267201242,422.3355269213965,1.016036432734126,0.15057154393566044,55.56136588666888,1837.8304534402484,False,battery 918.9 Wh > 422.3 Wh
4,85.0,36.0,75.48342217375226,679.3507995637705,422.3355269213965,0.8277893107446819,0.11131701357191381,41.07632264914027,1358.701599127541,False,battery 679.4 Wh > 422.3 Wh
5,85.0,36.0,76.16982659149274,548.4227514587477,422.3355269213965,0.7148410375510155,0.08986341505225402,33.15987837434519,1096.8455029174954,False,battery 548.4 Wh > 422.3 Wh
6,85.0,36.0,77.74585657789912,466.4751394673947,422.3355269213965,0.6395421887552378,0.07643564924689256,28.204991219365997,932.9502789347895,False,battery 466.5 Wh > 422.3 Wh
2,85.0,38.0,82.11724345626475,1560.2276256690302,422.3355269213965,1.3925306767130146,0.24220010277932985,89.3725877849891,2956.220764425531,False,battery 1560.2 Wh > 422.3 Wh
3,85.0,38.0,76.57626889334367,969.9660726490201,422.3355269213965,1.016036432734126,0.15057154393566044,55.56136588666888,1837.8304534402484,False,battery 970.0 Wh > 422.3 Wh
4,85.0,38.0,75.48342217375226,717.0925106506465,422.3355269213965,0.8277893107446819,0.11131701357191381,41.07632264914027,1358.701599127541,False,battery 717.1 Wh > 422.3 Wh
5,85.0,38.0,76.16982659149274,578.8906820953448,422.3355269213965,0.7148410375510155,0.08986341505225402,33.15987837434519,1096.8455029174954,False,battery 578.9 Wh > 422.3 Wh
6,85.0,38.0,77.74585657789912,492.39042499336114,422.3355269213965,0.6395421887552378,0.07643564924689256,28.204991219365997,932.9502789347895,False,battery 492.4 Wh > 422.3 Wh
2,85.0,40.0,82.11724345626475,1642.344869125295,422.3355269213965,1.3925306767130146,0.24220010277932985,89.3725877849891,2956.220764425531,False,battery 1642.3 Wh > 422.3 Wh
3,85.0,40.0,76.57626889334367,1021.0169185779159,422.3355269213965,1.016036432734126,0.15057154393566044,55.56136588666888,1837.8304534402484,False,battery 1021.0 Wh > 422.3 Wh
4,85.0,40.0,75.48342217375226,754.8342217375227,422.3355269213965,0.8277893107446819,0.11131701357191381,41.07632264914027,1358.701599127541,False,battery 754.8 Wh > 422.3 Wh
5,85.0,40.0,76.16982659149274,609.3586127319419,422.3355269213965,0.7148410375510155,0.08986341505225402,33.15987837434519,1096.8455029174954,False,battery 609.4 Wh > 422.3 Wh
6,85.0,40.0,77.74585657789912,518.3057105193275,422.3355269213965,0.6395421887552378,0.07643564924689256,28.204991219365997,932.9502789347895,False,battery 518.3 Wh > 422.3 Wh
2,90.0,2.0,86.08069543559543,86.08069543559543,422.3355269213965,1.458970837415171,0.2538900772152849,93.68622454439857,3098.9050356814355,True,
3,90.0,2.0,79.46231966494743,52.974879776631624,422.3355269213965,1.0603298732022304,0.15624637148781423,57.65539482286478,1907.0956719587384,True,
4,90.0,2.0,77.83077234149259,38.9153861707463,422.3355269213965,0.8610093910957602,0.11477870095909809,42.35369601250831,1400.9539021468668,True,
5,90.0,2.0,78.19395639691498,31.277582558765996,422.3355269213965,0.7414171018318781,0.09225143698907452,34.04106586242575,1125.9929721155759,True,
6,90.0,2.0,79.55450614177597,26.518168713925327,422.3355269213965,0.66168890898929,0.078213818653728,28.861141235758748,954.6540737013119,True,
2,90.0,4.0,86.08069543559543,172.16139087119086,422.3355269213965,1.458970837415171,0.2538900772152849,93.68622454439857,3098.9050356814355,True,
3,90.0,4.0,79.46231966494743,105.94975955326325,422.3355269213965,1.0603298732022304,0.15624637148781423,57.65539482286478,1907.0956719587384,True,
4,90.0,4.0,77.83077234149259,77.8307723414926,422.3355269213965,0.8610093910957602,0.11477870095909809,42.35369601250831,1400.9539021468668,True,
5,90.0,4.0,78.19395639691498,62.55516511753199,422.3355269213965,0.7414171018318781,0.09225143698907452,34.04106586242575,1125.9929721155759,True,
6,90.0,4.0,79.55450614177597,53.036337427850654,422.3355269213965,0.66168890898929,0.078213818653728,28.861141235758748,954.6540737013119,True,
2,90.0,6.0,86.08069543559543,258.2420863067863,422.3355269213965,1.458970837415171,0.2538900772152849,93.68622454439857,3098.9050356814355,True,
3,90.0,6.0,79.46231966494743,158.92463932989486,422.3355269213965,1.0603298732022304,0.15624637148781423,57.65539482286478,1907.0956719587384,True,
4,90.0,6.0,77.83077234149259,116.7461585122389,422.3355269213965,0.8610093910957602,0.11477870095909809,42.35369601250831,1400.9539021468668,True,
5,90.0,6.0,78.19395639691498,93.83274767629798,422.3355269213965,0.7414171018318781,0.09225143698907452,34.04106586242575,1125.9929721155759,True,
6,90.0,6.0,79.55450614177597,79.55450614177599,422.3355269213965,0.66168890898929,0.078213818653728,28.861141235758748,954.6540737013119,True,
2,90.0,8.0,86.08069543559543,344.3227817423817,422.3355269213965,1.458970837415171,0.2538900772152849,93.68622454439857,3098.9050356814355,True,
3,90.0,8.0,79.46231966494743,211.8995191065265,422.3355269213965,1.0603298732022304,0.15624637148781423,57.65539482286478,1907.0956719587384,True,
4,90.0,8.0,77.83077234149259,155.6615446829852,422.3355269213965,0.8610093910957602,0.11477870095909809,42.35369601250831,1400.9539021468668,True,
5,90.0,8.0,78.19395639691498,125.11033023506398,422.3355269213965,0.7414171018318781,0.09225143698907452,34.04106586242575,1125.9929721155759,True,
6,90.0,8.0,79.55450614177597,106.07267485570131,422.3355269213965,0.66168890898929,0.078213818653728,28.861141235758748,954.6540737013119,True,
2,90.0,10.0,86.08069543559543,430.40347717797715,422.3355269213965,1.458970837415171,0.2538900772152849,93.68622454439857,3098.9050356814355,False,battery 430.4 Wh > 422.3 Wh
3,90.0,10.0,79.46231966494743,264.8743988831581,422.3355269213965,1.0603298732022304,0.15624637148781423,57.65539482286478,1907.0956719587384,True,
4,90.0,10.0,77.83077234149259,194.57693085373148,422.3355269213965,0.8610093910957602,0.11477870095909809,42.35369601250831,1400.9539021468668,True,
5,90.0,10.0,78.19395639691498,156.38791279383,422.3355269213965,0.7414171018318781,0.09225143698907452,34.04106586242575,1125.9929721155759,True,
6,90.0,10.0,79.55450614177597,132.59084356962666,422.3355269213965,0.66168890898929,0.078213818653728,28.861141235758748,954.6540737013119,True,
2,90.0,12.0,86.08069543559543,516.4841726135726,422.3355269213965,1.458970837415171,0.2538900772152849,93.68622454439857,3098.9050356814355,False,battery 516.5 Wh > 422.3 Wh
3,90.0,12.0,79.46231966494743,317.8492786597897,422.3355269213965,1.0603298732022304,0.15624637148781423,57.65539482286478,1907.0956719587384,True,
4,90.0,12.0,77.83077234149259,233.4923170244778,422.3355269213965,0.8610093910957602,0.11477870095909809,42.35369601250831,1400.9539021468668,True,
5,90.0,12.0,78.19395639691498,187.66549535259597,422.3355269213965,0.7414171018318781,0.09225143698907452,34.04106586242575,1125.9929721155759,True,
6,90.0,12.0,79.55450614177597,159.10901228355198,422.3355269213965,0.66168890898929,0.078213818653728,28.861141235758748,954.6540737013119,True,
2,90.0,14.0,86.08069543559543,602.564868049168,422.3355269213965,1.458970837415171,0.2538900772152849,93.68622454439857,3098.9050356814355,False,battery 602.6 Wh > 422.3 Wh
3,90.0,14.0,79.46231966494743,370.8241584364214,422.3355269213965,1.0603298732022304,0.15624637148781423,57.65539482286478,1907.0956719587384,True,
4,90.0,14.0,77.83077234149259,272.4077031952241,422.3355269213965,0.8610093910957602,0.11477870095909809,42.35369601250831,1400.9539021468668,True,
5,90.0,14.0,78.19395639691498,218.94307791136197,422.3355269213965,0.7414171018318781,0.09225143698907452,34.04106586242575,1125.9929721155759,True,
6,90.0,14.0,79.55450614177597,185.6271809974773,422.3355269213965,0.66168890898929,0.078213818653728,28.861141235758748,954.6540737013119,True,
2,90.0,16.0,86.08069543559543,688.6455634847634,422.3355269213965,1.458970837415171,0.2538900772152849,93.68622454439857,3098.9050356814355,False,battery 688.6 Wh > 422.3 Wh
3,90.0,16.0,79.46231966494743,423.799038213053,422.3355269213965,1.0603298732022304,0.15624637148781423,57.65539482286478,1907.0956719587384,False,battery 423.8 Wh > 422.3 Wh
4,90.0,16.0,77.83077234149259,311.3230893659704,422.3355269213965,0.8610093910957602,0.11477870095909809,42.35369601250831,1400.9539021468668,True,
5,90.0,16.0,78.19395639691498,250.22066047012797,422.3355269213965,0.7414171018318781,0.09225143698907452,34.04106586242575,1125.9929721155759,True,
6,90.0,16.0,79.55450614177597,212.14534971140262,422.3355269213965,0.66168890898929,0.078213818653728,28.861141235758748,954.6540737013119,True,
2,90.0,18.0,86.08069543559543,774.7262589203589,422.3355269213965,1.458970837415171,0.2538900772152849,93.68622454439857,3098.9050356814355,False,battery 774.7 Wh > 422.3 Wh
3,90.0,18.0,79.46231966494743,476.7739179896846,422.3355269213965,1.0603298732022304,0.15624637148781423,57.65539482286478,1907.0956719587384,False,battery 476.8 Wh > 422.3 Wh
4,90.0,18.0,77.83077234149259,350.2384755367167,422.3355269213965,0.8610093910957602,0.11477870095909809,42.35369601250831,1400.9539021468668,True,
5,90.0,18.0,78.19395639691498,281.49824302889397,422.3355269213965,0.7414171018318781,0.09225143698907452,34.04106586242575,1125.9929721155759,True,
6,90.0,18.0,79.55450614177597,238.663518425328,422.3355269213965,0.66168890898929,0.078213818653728,28.861141235758748,954.6540737013119,True,
2,90.0,20.0,86.08069543559543,860.8069543559543,422.3355269213965,1.458970837415171,0.2538900772152849,93.68622454439857,3098.9050356814355,False,battery 860.8 Wh > 422.3 Wh
3,90.0,20.0,79.46231966494743,529.7487977663162,422.3355269213965,1.0603298732022304,0.15624637148781423,57.65539482286478,1907.0956719587384,False,battery 529.7 Wh > 422.3 Wh
4,90.0,20.0,77.83077234149259,389.15386170746297,422.3355269213965,0.8610093910957602,0.11477870095909809,42.35369601250831,1400.9539021468668,True,
5,90.0,20.0,78.19395639691498,312.77582558766,422.3355269213965,0.7414171018318781,0.09225143698907452,34.04106586242575,1125.9929721155759,True,
6,90.0,20.0,79.55450614177597,265.1816871392533,422.3355269213965,0.66168890898929,0.078213818653728,28.861141235758748,954.6540737013119,True,
2,90.0,22.0,86.08069543559543,946.8876497915497,422.3355269213965,1.458970837415171,0.2538900772152849,93.68622454439857,3098.9050356814355,False,battery 946.9 Wh > 422.3 Wh
3,90.0,22.0,79.46231966494743,582.7236775429478,422.3355269213965,1.0603298732022304,0.15624637148781423,57.65539482286478,1907.0956719587384,False,battery 582.7 Wh > 422.3 Wh
4,90.0,22.0,77.83077234149259,428.0692478782093,422.3355269213965,0.8610093910957602,0.11477870095909809,42.35369601250831,1400.9539021468668,False,battery 428.1 Wh > 422.3 Wh
5,90.0,22.0,78.19395639691498,344.05340814642597,422.3355269213965,0.7414171018318781,0.09225143698907452,34.04106586242575,1125.9929721155759,True,
6,90.0,22.0,79.55450614177597,291.69985585317863,422.3355269213965,0.66168890898929,0.078213818653728,28.861141235758748,954.6540737013119,True,
2,90.0,24.0,86.08069543559543,1032.9683452271452,422.3355269213965,1.458970837415171,0.2538900772152849,93.68622454439857,3098.9050356814355,False,battery 1033.0 Wh > 422.3 Wh
3,90.0,24.0,79.46231966494743,635.6985573195794,422.3355269213965,1.0603298732022304,0.15624637148781423,57.65539482286478,1907.0956719587384,False,battery 635.7 Wh > 422.3 Wh
4,90.0,24.0,77.83077234149259,466.9846340489556,422.3355269213965,0.8610093910957602,0.11477870095909809,42.35369601250831,1400.9539021468668,False,battery 467.0 Wh > 422.3 Wh
5,90.0,24.0,78.19395639691498,375.33099070519194,422.3355269213965,0.7414171018318781,0.09225143698907452,34.04106586242575,1125.9929721155759,True,
6,90.0,24.0,79.55450614177597,318.21802456710395,422.3355269213965,0.66168890898929,0.078213818653728,28.861141235758748,954.6540737013119,True,
2,90.0,26.0,86.08069543559543,1119.0490406627407,422.3355269213965,1.458970837415171,0.2538900772152849,93.68622454439857,3098.9050356814355,False,battery 1119.0 Wh > 422.3 Wh
3,90.0,26.0,79.46231966494743,688.6734370962112,422.3355269213965,1.0603298732022304,0.15624637148781423,57.65539482286478,1907.0956719587384,False,battery 688.7 Wh > 422.3 Wh
4,90.0,26.0,77.83077234149259,505.90002021970184,422.3355269213965,0.8610093910957602,0.11477870095909809,42.35369601250831,1400.9539021468668,False,battery 505.9 Wh > 422.3 Wh
5,90.0,26.0,78.19395639691498,406.60857326395796,422.3355269213965,0.7414171018318781,0.09225143698907452,34.04106586242575,1125.9929721155759,True,
6,90.0,26.0,79.55450614177597,344.7361932810293,422.3355269213965,0.66168890898929,0.078213818653728,28.861141235758748,954.6540737013119,True,
2,90.0,28.0,86.08069543559543,1205.129736098336,422.3355269213965,1.458970837415171,0.2538900772152849,93.68622454439857,3098.9050356814355,False,battery 1205.1 Wh > 422.3 Wh
3,90.0,28.0,79.46231966494743,741.6483168728428,422.3355269213965,1.0603298732022304,0.15624637148781423,57.65539482286478,1907.0956719587384,False,battery 741.6 Wh > 422.3 Wh
4,90.0,28.0,77.83077234149259,544.8154063904482,422.3355269213965,0.8610093910957602,0.11477870095909809,42.35369601250831,1400.9539021468668,False,battery 544.8 Wh > 422.3 Wh
5,90.0,28.0,78.19395639691498,437.88615582272394,422.3355269213965,0.7414171018318781,0.09225143698907452,34.04106586242575,1125.9929721155759,False,battery 437.9 Wh > 422.3 Wh
6,90.0,28.0,79.55450614177597,371.2543619949546,422.3355269213965,0.66168890898929,0.078213818653728,28.861141235758748,954.6540737013119,True,
2,90.0,30.0,86.08069543559543,1291.2104315339313,422.3355269213965,1.458970837415171,0.2538900772152849,93.68622454439857,3098.9050356814355,False,battery 1291.2 Wh > 422.3 Wh
3,90.0,30.0,79.46231966494743,794.6231966494743,422.3355269213965,1.0603298732022304,0.15624637148781423,57.65539482286478,1907.0956719587384,False,battery 794.6 Wh > 422.3 Wh
4,90.0,30.0,77.83077234149259,583.7307925611944,422.3355269213965,0.8610093910957602,0.11477870095909809,42.35369601250831,1400.9539021468668,False,battery 583.7 Wh > 422.3 Wh
5,90.0,30.0,78.19395639691498,469.1637383814899,422.3355269213965,0.7414171018318781,0.09225143698907452,34.04106586242575,1125.9929721155759,False,battery 469.2 Wh > 422.3 Wh
6,90.0,30.0,79.55450614177597,397.77253070887997,422.3355269213965,0.66168890898929,0.078213818653728,28.861141235758748,954.6540737013119,True,
2,90.0,32.0,86.08069543559543,1377.2911269695269,422.3355269213965,1.458970837415171,0.2538900772152849,93.68622454439857,3098.9050356814355,False,battery 1377.3 Wh > 422.3 Wh
3,90.0,32.0,79.46231966494743,847.598076426106,422.3355269213965,1.0603298732022304,0.15624637148781423,57.65539482286478,1907.0956719587384,False,battery 847.6 Wh > 422.3 Wh
4,90.0,32.0,77.83077234149259,622.6461787319408,422.3355269213965,0.8610093910957602,0.11477870095909809,42.35369601250831,1400.9539021468668,False,battery 622.6 Wh > 422.3 Wh
5,90.0,32.0,78.19395639691498,500.44132094025593,422.3355269213965,0.7414171018318781,0.09225143698907452,34.04106586242575,1125.9929721155759,False,battery 500.4 Wh > 422.3 Wh
6,90.0,32.0,79.55450614177597,424.29069942280523,422.3355269213965,0.66168890898929,0.078213818653728,28.861141235758748,954.6540737013119,False,battery 424.3 Wh > 422.3 Wh
2,90.0,34.0,86.08069543559543,1463.3718224051222,422.3355269213965,1.458970837415171,0.2538900772152849,93.68622454439857,3098.9050356814355,False,battery 1463.4 Wh > 422.3 Wh
3,90.0,34.0,79.46231966494743,900.5729562027376,422.3355269213965,1.0603298732022304,0.15624637148781423,57.65539482286478,1907.0956719587384,False,battery 900.6 Wh > 422.3 Wh
4,90.0,34.0,77.83077234149259,661.5615649026871,422.3355269213965,0.8610093910957602,0.11477870095909809,42.35369601250831,1400.9539021468668,False,battery 661.6 Wh > 422.3 Wh
5,90.0,34.0,78.19395639691498,531.718903499022,422.3355269213965,0.7414171018318781,0.09225143698907452,34.04106586242575,1125.9929721155759,False,battery 531.7 Wh > 422.3 Wh
6,90.0,34.0,79.55450614177597,450.8088681367306,422.3355269213965,0.66168890898929,0.078213818653728,28.861141235758748,954.6540737013119,False,battery 450.8 Wh > 422.3 Wh
2,90.0,36.0,86.08069543559543,1549.4525178407177,422.3355269213965,1.458970837415171,0.2538900772152849,93.68622454439857,3098.9050356814355,False,battery 1549.5 Wh > 422.3 Wh
3,90.0,36.0,79.46231966494743,953.5478359793692,422.3355269213965,1.0603298732022304,0.15624637148781423,57.65539482286478,1907.0956719587384,False,battery 953.5 Wh > 422.3 Wh
4,90.0,36.0,77.83077234149259,700.4769510734334,422.3355269213965,0.8610093910957602,0.11477870095909809,42.35369601250831,1400.9539021468668,False,battery 700.5 Wh > 422.3 Wh
5,90.0,36.0,78.19395639691498,562.9964860577879,422.3355269213965,0.7414171018318781,0.09225143698907452,34.04106586242575,1125.9929721155759,False,battery 563.0 Wh > 422.3 Wh
6,90.0,36.0,79.55450614177597,477.327036850656,422.3355269213965,0.66168890898929,0.078213818653728,28.861141235758748,954.6540737013119,False,battery 477.3 Wh > 422.3 Wh
2,90.0,38.0,86.08069543559543,1635.5332132763133,422.3355269213965,1.458970837415171,0.2538900772152849,93.68622454439857,3098.9050356814355,False,battery 1635.5 Wh > 422.3 Wh
3,90.0,38.0,79.46231966494743,1006.5227157560007,422.3355269213965,1.0603298732022304,0.15624637148781423,57.65539482286478,1907.0956719587384,False,battery 1006.5 Wh > 422.3 Wh
4,90.0,38.0,77.83077234149259,739.3923372441798,422.3355269213965,0.8610093910957602,0.11477870095909809,42.35369601250831,1400.9539021468668,False,battery 739.4 Wh > 422.3 Wh
5,90.0,38.0,78.19395639691498,594.2740686165539,422.3355269213965,0.7414171018318781,0.09225143698907452,34.04106586242575,1125.9929721155759,False,battery 594.3 Wh > 422.3 Wh
6,90.0,38.0,79.55450614177597,503.84520556458125,422.3355269213965,0.66168890898929,0.078213818653728,28.861141235758748,954.6540737013119,False,battery 503.8 Wh > 422.3 Wh
2,90.0,40.0,86.08069543559543,1721.6139087119086,422.3355269213965,1.458970837415171,0.2538900772152849,93.68622454439857,3098.9050356814355,False,battery 1721.6 Wh > 422.3 Wh
3,90.0,40.0,79.46231966494743,1059.4975955326324,422.3355269213965,1.0603298732022304,0.15624637148781423,57.65539482286478,1907.0956719587384,False,battery 1059.5 Wh > 422.3 Wh
4,90.0,40.0,77.83077234149259,778.3077234149259,422.3355269213965,0.8610093910957602,0.11477870095909809,42.35369601250831,1400.9539021468668,False,battery 778.3 Wh > 422.3 Wh
5,90.0,40.0,78.19395639691498,625.55165117532,422.3355269213965,0.7414171018318781,0.09225143698907452,34.04106586242575,1125.9929721155759,False,battery 625.6 Wh > 422.3 Wh
6,90.0,40.0,79.55450614177597,530.3633742785066,422.3355269213965,0.66168890898929,0.078213818653728,28.861141235758748,954.6540737013119,False,battery 530.4 Wh > 422.3 Wh
2,95.0,2.0,90.22884476482214,90.22884476482216,422.3355269213965,1.5254109981173278,0.26612480589827836,98.20087730754213,3248.238411533597,True,
3,95.0,2.0,82.47150200314861,54.9810013354324,422.3355269213965,1.1046233136703352,0.16216331203865186,59.838764205164765,1979.3160480755666,True,
4,95.0,2.0,80.27047118418093,40.135235592090474,422.3355269213965,0.8942294714468385,0.11837657690804196,43.681323376809864,1444.868481315257,True,
5,95.0,2.0,80.29196514229564,32.11678605691826,422.3355269213965,0.7679931661127408,0.09472661960542117,34.95441591110375,1156.2042980490573,True,
6,95.0,2.0,81.42472148895152,27.14157382965051,422.3355269213965,0.6838356292233422,0.08005251631023441,29.539626363677513,977.0966578674183,True,
2,95.0,4.0,90.22884476482214,180.4576895296443,422.3355269213965,1.5254109981173278,0.26612480589827836,98.20087730754213,3248.238411533597,True,
3,95.0,4.0,82.47150200314861,109.9620026708648,422.3355269213965,1.1046233136703352,0.16216331203865186,59.838764205164765,1979.3160480755666,True,
4,95.0,4.0,80.27047118418093,80.27047118418095,422.3355269213965,0.8942294714468385,0.11837657690804196,43.681323376809864,1444.868481315257,True,
5,95.0,4.0,80.29196514229564,64.23357211383652,422.3355269213965,0.7679931661127408,0.09472661960542117,34.95441591110375,1156.2042980490573,True,
6,95.0,4.0,81.42472148895152,54.28314765930102,422.3355269213965,0.6838356292233422,0.08005251631023441,29.539626363677513,977.0966578674183,True,
2,95.0,6.0,90.22884476482214,270.6865342944664,422.3355269213965,1.5254109981173278,0.26612480589827836,98.20087730754213,3248.238411533597,True,
3,95.0,6.0,82.47150200314861,164.94300400629723,422.3355269213965,1.1046233136703352,0.16216331203865186,59.838764205164765,1979.3160480755666,True,
4,95.0,6.0,80.27047118418093,120.40570677627142,422.3355269213965,0.8942294714468385,0.11837657690804196,43.681323376809864,1444.868481315257,True,
5,95.0,6.0,80.29196514229564,96.35035817075477,422.3355269213965,0.7679931661127408,0.09472661960542117,34.95441591110375,1156.2042980490573,True,
6,95.0,6.0,81.42472148895152,81.42472148895152,422.3355269213965,0.6838356292233422,0.08005251631023441,29.539626363677513,977.0966578674183,True,
2,95.0,8.0,90.22884476482214,360.9153790592886,422.3355269213965,1.5254109981173278,0.26612480589827836,98.20087730754213,3248.238411533597,True,
3,95.0,8.0,82.47150200314861,219.9240053417296,422.3355269213965,1.1046233136703352,0.16216331203865186,59.838764205164765,1979.3160480755666,True,
4,95.0,8.0,80.27047118418093,160.5409423683619,422.3355269213965,0.8942294714468385,0.11837657690804196,43.681323376809864,1444.868481315257,True,
5,95.0,8.0,80.29196514229564,128.46714422767303,422.3355269213965,0.7679931661127408,0.09472661960542117,34.95441591110375,1156.2042980490573,True,
6,95.0,8.0,81.42472148895152,108.56629531860204,422.3355269213965,0.6838356292233422,0.08005251631023441,29.539626363677513,977.0966578674183,True,
2,95.0,10.0,90.22884476482214,451.1442238241107,422.3355269213965,1.5254109981173278,0.26612480589827836,98.20087730754213,3248.238411533597,False,battery 451.1 Wh > 422.3 Wh
3,95.0,10.0,82.47150200314861,274.9050066771621,422.3355269213965,1.1046233136703352,0.16216331203865186,59.838764205164765,1979.3160480755666,True,
4,95.0,10.0,80.27047118418093,200.67617796045238,422.3355269213965,0.8942294714468385,0.11837657690804196,43.681323376809864,1444.868481315257,True,
5,95.0,10.0,80.29196514229564,160.58393028459128,422.3355269213965,0.7679931661127408,0.09472661960542117,34.95441591110375,1156.2042980490573,True,
6,95.0,10.0,81.42472148895152,135.70786914825257,422.3355269213965,0.6838356292233422,0.08005251631023441,29.539626363677513,977.0966578674183,True,
2,95.0,12.0,90.22884476482214,541.3730685889328,422.3355269213965,1.5254109981173278,0.26612480589827836,98.20087730754213,3248.238411533597,False,battery 541.4 Wh > 422.3 Wh
3,95.0,12.0,82.47150200314861,329.88600801259446,422.3355269213965,1.1046233136703352,0.16216331203865186,59.838764205164765,1979.3160480755666,True,
4,95.0,12.0,80.27047118418093,240.81141355254283,422.3355269213965,0.8942294714468385,0.11837657690804196,43.681323376809864,1444.868481315257,True,
5,95.0,12.0,80.29196514229564,192.70071634150955,422.3355269213965,0.7679931661127408,0.09472661960542117,34.95441591110375,1156.2042980490573,True,
6,95.0,12.0,81.42472148895152,162.84944297790304,422.3355269213965,0.6838356292233422,0.08005251631023441,29.539626363677513,977.0966578674183,True,
2,95.0,14.0,90.22884476482214,631.601913353755,422.3355269213965,1.5254109981173278,0.26612480589827836,98.20087730754213,3248.238411533597,False,battery 631.6 Wh > 422.3 Wh
3,95.0,14.0,82.47150200314861,384.86700934802684,422.3355269213965,1.1046233136703352,0.16216331203865186,59.838764205164765,1979.3160480755666,True,
4,95.0,14.0,80.27047118418093,280.9466491446333,422.3355269213965,0.8942294714468385,0.11837657690804196,43.681323376809864,1444.868481315257,True,
5,95.0,14.0,80.29196514229564,224.81750239842782,422.3355269213965,0.7679931661127408,0.09472661960542117,34.95441591110375,1156.2042980490573,True,
6,95.0,14.0,81.42472148895152,189.99101680755356,422.3355269213965,0.6838356292233422,0.08005251631023441,29.539626363677513,977.0966578674183,True,
2,95.0,16.0,90.22884476482214,721.8307581185773,422.3355269213965,1.5254109981173278,0.26612480589827836,98.20087730754213,3248.238411533597,False,battery 721.8 Wh > 422.3 Wh
3,95.0,16.0,82.47150200314861,439.8480106834592,422.3355269213965,1.1046233136703352,0.16216331203865186,59.838764205164765,1979.3160480755666,False,battery 439.8 Wh > 422.3 Wh
4,95.0,16.0,80.27047118418093,321.0818847367238,422.3355269213965,0.8942294714468385,0.11837657690804196,43.681323376809864,1444.868481315257,True,
5,95.0,16.0,80.29196514229564,256.93428845534606,422.3355269213965,0.7679931661127408,0.09472661960542117,34.95441591110375,1156.2042980490573,True,
6,95.0,16.0,81.42472148895152,217.1325906372041,422.3355269213965,0.6838356292233422,0.08005251631023441,29.539626363677513,977.0966578674183,True,
2,95.0,18.0,90.22884476482214,812.0596028833993,422.3355269213965,1.5254109981173278,0.26612480589827836,98.20087730754213,3248.238411533597,False,battery 812.1 Wh > 422.3 Wh
3,95.0,18.0,82.47150200314861,494.82901201889166,422.3355269213965,1.1046233136703352,0.16216331203865186,59.838764205164765,1979.3160480755666,False,battery 494.8 Wh > 422.3 Wh
4,95.0,18.0,80.27047118418093,361.21712032881425,422.3355269213965,0.8942294714468385,0.11837657690804196,43.681323376809864,1444.868481315257,True,
5,95.0,18.0,80.29196514229564,289.05107451226434,422.3355269213965,0.7679931661127408,0.09472661960542117,34.95441591110375,1156.2042980490573,True,
6,95.0,18.0,81.42472148895152,244.2741644668546,422.3355269213965,0.6838356292233422,0.08005251631023441,29.539626363677513,977.0966578674183,True,
2,95.0,20.0,90.22884476482214,902.2884476482214,422.3355269213965,1.5254109981173278,0.26612480589827836,98.20087730754213,3248.238411533597,False,battery 902.3 Wh > 422.3 Wh
3,95.0,20.0,82.47150200314861,549.8100133543242,422.3355269213965,1.1046233136703352,0.16216331203865186,59.838764205164765,1979.3160480755666,False,battery 549.8 Wh > 422.3 Wh
4,95.0,20.0,80.27047118418093,401.35235592090476,422.3355269213965,0.8942294714468385,0.11837657690804196,43.681323376809864,1444.868481315257,True,
5,95.0,20.0,80.29196514229564,321.16786056918255,422.3355269213965,0.7679931661127408,0.09472661960542117,34.95441591110375,1156.2042980490573,True,
6,95.0,20.0,81.42472148895152,271.41573829650514,422.3355269213965,0.6838356292233422,0.08005251631023441,29.539626363677513,977.0966578674183,True,
2,95.0,22.0,90.22884476482214,992.5172924130435,422.3355269213965,1.5254109981173278,0.26612480589827836,98.20087730754213,3248.238411533597,False,battery 992.5 Wh > 422.3 Wh
3,95.0,22.0,82.47150200314861,604.7910146897565,422.3355269213965,1.1046233136703352,0.16216331203865186,59.838764205164765,1979.3160480755666,False,battery 604.8 Wh > 422.3 Wh
4,95.0,22.0,80.27047118418093,441.4875915129952,422.3355269213965,0.8942294714468385,0.11837657690804196,43.681323376809864,1444.868481315257,False,battery 441.5 Wh > 422.3 Wh
5,95.0,22.0,80.29196514229564,353.2846466261009,422.3355269213965,0.7679931661127408,0.09472661960542117,34.95441591110375,1156.2042980490573,True,
6,95.0,22.0,81.42472148895152,298.5573121261556,422.3355269213965,0.6838356292233422,0.08005251631023441,29.539626363677513,977.0966578674183,True,
2,95.0,24.0,90.22884476482214,1082.7461371778656,422.3355269213965,1.5254109981173278,0.26612480589827836,98.20087730754213,3248.238411533597,False,battery 1082.7 Wh > 422.3 Wh
3,95.0,24.0,82.47150200314861,659.7720160251889,422.3355269213965,1.1046233136703352,0.16216331203865186,59.838764205164765,1979.3160480755666,False,battery 659.8 Wh > 422.3 Wh
4,95.0,24.0,80.27047118418093,481.62282710508566,422.3355269213965,0.8942294714468385,0.11837657690804196,43.681323376809864,1444.868481315257,False,battery 481.6 Wh > 422.3 Wh
5,95.0,24.0,80.29196514229564,385.4014326830191,422.3355269213965,0.7679931661127408,0.09472661960542117,34.95441591110375,1156.2042980490573,True,
6,95.0,24.0,81.42472148895152,325.6988859558061,422.3355269213965,0.6838356292233422,0.08005251631023441,29.539626363677513,977.0966578674183,True,
2,95.0,26.0,90.22884476482214,1172.9749819426877,422.3355269213965,1.5254109981173278,0.26612480589827836,98.20087730754213,3248.238411533597,False,battery 1173.0 Wh > 422.3 Wh
3,95.0,26.0,82.47150200314861,714.7530173606212,422.3355269213965,1.1046233136703352,0.16216331203865186,59.838764205164765,1979.3160480755666,False,battery 714.8 Wh > 422.3 Wh
4,95.0,26.0,80.27047118418093,521.7580626971761,422.3355269213965,0.8942294714468385,0.11837657690804196,43.681323376809864,1444.868481315257,False,battery 521.8 Wh > 422.3 Wh
5,95.0,26.0,80.29196514229564,417.51821873993737,422.3355269213965,0.7679931661127408,0.09472661960542117,34.95441591110375,1156.2042980490573,True,
6,95.0,26.0,81.42472148895152,352.84045978545663,422.3355269213965,0.6838356292233422,0.08005251631023441,29.539626363677513,977.0966578674183,True,
2,95.0,28.0,90.22884476482214,1263.20382670751,422.3355269213965,1.5254109981173278,0.26612480589827836,98.20087730754213,3248.238411533597,False,battery 1263.2 Wh > 422.3 Wh
3,95.0,28.0,82.47150200314861,769.7340186960537,422.3355269213965,1.1046233136703352,0.16216331203865186,59.838764205164765,1979.3160480755666,False,battery 769.7 Wh > 422.3 Wh
4,95.0,28.0,80.27047118418093,561.8932982892666,422.3355269213965,0.8942294714468385,0.11837657690804196,43.681323376809864,1444.868481315257,False,battery 561.9 Wh > 422.3 Wh
5,95.0,28.0,80.29196514229564,449.63500479685564,422.3355269213965,0.7679931661127408,0.09472661960542117,34.95441591110375,1156.2042980490573,False,battery 449.6 Wh > 422.3 Wh
6,95.0,28.0,81.42472148895152,379.9820336151071,422.3355269213965,0.6838356292233422,0.08005251631023441,29.539626363677513,977.0966578674183,True,
2,95.0,30.0,90.22884476482214,1353.4326714723322,422.3355269213965,1.5254109981173278,0.26612480589827836,98.20087730754213,3248.238411533597,False,battery 1353.4 Wh > 422.3 Wh
3,95.0,30.0,82.47150200314861,824.7150200314861,422.3355269213965,1.1046233136703352,0.16216331203865186,59.838764205164765,1979.3160480755666,False,battery 824.7 Wh > 422.3 Wh
4,95.0,30.0,80.27047118418093,602.028533881357,422.3355269213965,0.8942294714468385,0.11837657690804196,43.681323376809864,1444.868481315257,False,battery 602.0 Wh > 422.3 Wh
5,95.0,30.0,80.29196514229564,481.75179085377385,422.3355269213965,0.7679931661127408,0.09472661960542117,34.95441591110375,1156.2042980490573,False,battery 481.8 Wh > 422.3 Wh
6,95.0,30.0,81.42472148895152,407.1236074447576,422.3355269213965,0.6838356292233422,0.08005251631023441,29.539626363677513,977.0966578674183,True,
2,95.0,32.0,90.22884476482214,1443.6615162371545,422.3355269213965,1.5254109981173278,0.26612480589827836,98.20087730754213,3248.238411533597,False,battery 1443.7 Wh > 422.3 Wh
3,95.0,32.0,82.47150200314861,879.6960213669184,422.3355269213965,1.1046233136703352,0.16216331203865186,59.838764205164765,1979.3160480755666,False,battery 879.7 Wh > 422.3 Wh
4,95.0,32.0,80.27047118418093,642.1637694734476,422.3355269213965,0.8942294714468385,0.11837657690804196,43.681323376809864,1444.868481315257,False,battery 642.2 Wh > 422.3 Wh
5,95.0,32.0,80.29196514229564,513.8685769106921,422.3355269213965,0.7679931661127408,0.09472661960542117,34.95441591110375,1156.2042980490573,False,battery 513.9 Wh > 422.3 Wh
6,95.0,32.0,81.42472148895152,434.2651812744082,422.3355269213965,0.6838356292233422,0.08005251631023441,29.539626363677513,977.0966578674183,False,battery 434.3 Wh > 422.3 Wh
2,95.0,34.0,90.22884476482214,1533.8903610019765,422.3355269213965,1.5254109981173278,0.26612480589827836,98.20087730754213,3248.238411533597,False,battery 1533.9 Wh > 422.3 Wh
3,95.0,34.0,82.47150200314861,934.677022702351,422.3355269213965,1.1046233136703352,0.16216331203865186,59.838764205164765,1979.3160480755666,False,battery 934.7 Wh > 422.3 Wh
4,95.0,34.0,80.27047118418093,682.299005065538,422.3355269213965,0.8942294714468385,0.11837657690804196,43.681323376809864,1444.868481315257,False,battery 682.3 Wh > 422.3 Wh
5,95.0,34.0,80.29196514229564,545.9853629676105,422.3355269213965,0.7679931661127408,0.09472661960542117,34.95441591110375,1156.2042980490573,False,battery 546.0 Wh > 422.3 Wh
6,95.0,34.0,81.42472148895152,461.4067551040587,422.3355269213965,0.6838356292233422,0.08005251631023441,29.539626363677513,977.0966578674183,False,battery 461.4 Wh > 422.3 Wh
2,95.0,36.0,90.22884476482214,1624.1192057667986,422.3355269213965,1.5254109981173278,0.26612480589827836,98.20087730754213,3248.238411533597,False,battery 1624.1 Wh > 422.3 Wh
3,95.0,36.0,82.47150200314861,989.6580240377833,422.3355269213965,1.1046233136703352,0.16216331203865186,59.838764205164765,1979.3160480755666,False,battery 989.7 Wh > 422.3 Wh
4,95.0,36.0,80.27047118418093,722.4342406576285,422.3355269213965,0.8942294714468385,0.11837657690804196,43.681323376809864,1444.868481315257,False,battery 722.4 Wh > 422.3 Wh
5,95.0,36.0,80.29196514229564,578.1021490245287,422.3355269213965,0.7679931661127408,0.09472661960542117,34.95441591110375,1156.2042980490573,False,battery 578.1 Wh > 422.3 Wh
6,95.0,36.0,81.42472148895152,488.5483289337092,422.3355269213965,0.6838356292233422,0.08005251631023441,29.539626363677513,977.0966578674183,False,battery 488.5 Wh > 422.3 Wh
2,95.0,38.0,90.22884476482214,1714.3480505316209,422.3355269213965,1.5254109981173278,0.26612480589827836,98.20087730754213,3248.238411533597,False,battery 1714.3 Wh > 422.3 Wh
3,95.0,38.0,82.47150200314861,1044.6390253732156,422.3355269213965,1.1046233136703352,0.16216331203865186,59.838764205164765,1979.3160480755666,False,battery 1044.6 Wh > 422.3 Wh
4,95.0,38.0,80.27047118418093,762.569476249719,422.3355269213965,0.8942294714468385,0.11837657690804196,43.681323376809864,1444.868481315257,False,battery 762.6 Wh > 422.3 Wh
5,95.0,38.0,80.29196514229564,610.218935081447,422.3355269213965,0.7679931661127408,0.09472661960542117,34.95441591110375,1156.2042980490573,False,battery 610.2 Wh > 422.3 Wh
6,95.0,38.0,81.42472148895152,515.6899027633597,422.3355269213965,0.6838356292233422,0.08005251631023441,29.539626363677513,977.0966578674183,False,battery 515.7 Wh > 422.3 Wh
2,95.0,40.0,90.22884476482214,1804.576895296443,422.3355269213965,1.5254109981173278,0.26612480589827836,98.20087730754213,3248.238411533597,False,battery 1804.6 Wh > 422.3 Wh
3,95.0,40.0,82.47150200314861,1099.6200267086483,422.3355269213965,1.1046233136703352,0.16216331203865186,59.838764205164765,1979.3160480755666,False,battery 1099.6 Wh > 422.3 Wh
4,95.0,40.0,80.27047118418093,802.7047118418095,422.3355269213965,0.8942294714468385,0.11837657690804196,43.681323376809864,1444.868481315257,False,battery 802.7 Wh > 422.3 Wh
5,95.0,40.0,80.29196514229564,642.3357211383651,422.3355269213965,0.7679931661127408,0.09472661960542117,34.95441591110375,1156.2042980490573,False,battery 642.3 Wh > 422.3 Wh
6,95.0,40.0,81.42472148895152,542.8314765930103,422.3355269213965,0.6838356292233422,0.08005251631023441,29.539626363677513,977.0966578674183,False,battery 542.8 Wh > 422.3 Wh
2,100.0,2.0,94.56169144394491,94.56169144394492,422.3355269213965,1.5918511588194846,0.2789042888283103,102.9165460744198,3404.2208919820173,True,
3,100.0,2.0,85.60381590794711,57.06921060529808,422.3355269213965,1.1489167541384397,0.16832236558817318,62.11147403356877,2054.491581790731,True,
4,100.0,2.0,82.80251870181729,41.40125935090865,422.3355269213965,0.9274495517979169,0.12211064141874547,45.05920474204495,1490.4453366327116,True,
5,100.0,2.0,82.46385282763475,32.9855411310539,422.3355269213965,0.7945692303936035,0.09728896290129399,35.89992852037923,1187.4794807179405,True,
6,100.0,2.0,83.35650261942578,27.785500873141928,422.3355269213965,0.7059823494573945,0.08195174221641177,30.240446603122297,1000.2780314331094,True,
2,100.0,4.0,94.56169144394491,189.12338288788985,422.3355269213965,1.5918511588194846,0.2789042888283103,102.9165460744198,3404.2208919820173,True,
3,100.0,4.0,85.60381590794711,114.13842121059616,422.3355269213965,1.1489167541384397,0.16832236558817318,62.11147403356877,2054.491581790731,True,
4,100.0,4.0,82.80251870181729,82.8025187018173,422.3355269213965,0.9274495517979169,0.12211064141874547,45.05920474204495,1490.4453366327116,True,
5,100.0,4.0,82.46385282763475,65.9710822621078,422.3355269213965,0.7945692303936035,0.09728896290129399,35.89992852037923,1187.4794807179405,True,
6,100.0,4.0,83.35650261942578,55.571001746283855,422.3355269213965,0.7059823494573945,0.08195174221641177,30.240446603122297,1000.2780314331094,True,
2,100.0,6.0,94.56169144394491,283.68507433183476,422.3355269213965,1.5918511588194846,0.2789042888283103,102.9165460744198,3404.2208919820173,True,
3,100.0,6.0,85.60381590794711,171.20763181589425,422.3355269213965,1.1489167541384397,0.16832236558817318,62.11147403356877,2054.491581790731,True,
4,100.0,6.0,82.80251870181729,124.20377805272597,422.3355269213965,0.9274495517979169,0.12211064141874547,45.05920474204495,1490.4453366327116,True,
5,100.0,6.0,82.46385282763475,98.95662339316172,422.3355269213965,0.7945692303936035,0.09728896290129399,35.89992852037923,1187.4794807179405,True,
6,100.0,6.0,83.35650261942578,83.35650261942578,422.3355269213965,0.7059823494573945,0.08195174221641177,30.240446603122297,1000.2780314331094,True,
2,100.0,8.0,94.56169144394491,378.2467657757797,422.3355269213965,1.5918511588194846,0.2789042888283103,102.9165460744198,3404.2208919820173,True,
3,100.0,8.0,85.60381590794711,228.27684242119233,422.3355269213965,1.1489167541384397,0.16832236558817318,62.11147403356877,2054.491581790731,True,
4,100.0,8.0,82.80251870181729,165.6050374036346,422.3355269213965,0.9274495517979169,0.12211064141874547,45.05920474204495,1490.4453366327116,True,
5,100.0,8.0,82.46385282763475,131.9421645242156,422.3355269213965,0.7945692303936035,0.09728896290129399,35.89992852037923,1187.4794807179405,True,
6,100.0,8.0,83.35650261942578,111.14200349256771,422.3355269213965,0.7059823494573945,0.08195174221641177,30.240446603122297,1000.2780314331094,True,
2,100.0,10.0,94.56169144394491,472.80845721972463,422.3355269213965,1.5918511588194846,0.2789042888283103,102.9165460744198,3404.2208919820173,False,battery 472.8 Wh > 422.3 Wh
3,100.0,10.0,85.60381590794711,285.3460530264904,422.3355269213965,1.1489167541384397,0.16832236558817318,62.11147403356877,2054.491581790731,True,
4,100.0,10.0,82.80251870181729,207.00629675454329,422.3355269213965,0.9274495517979169,0.12211064141874547,45.05920474204495,1490.4453366327116,True,
5,100.0,10.0,82.46385282763475,164.9277056552695,422.3355269213965,0.7945692303936035,0.09728896290129399,35.89992852037923,1187.4794807179405,True,
6,100.0,10.0,83.35650261942578,138.92750436570964,422.3355269213965,0.7059823494573945,0.08195174221641177,30.240446603122297,1000.2780314331094,True,
2,100.0,12.0,94.56169144394491,567.3701486636695,422.3355269213965,1.5918511588194846,0.2789042888283103,102.9165460744198,3404.2208919820173,False,battery 567.4 Wh > 422.3 Wh
3,100.0,12.0,85.60381590794711,342.4152636317885,422.3355269213965,1.1489167541384397,0.16832236558817318,62.11147403356877,2054.491581790731,True,
4,100.0,12.0,82.80251870181729,248.40755610545193,422.3355269213965,0.9274495517979169,0.12211064141874547,45.05920474204495,1490.4453366327116,True,
5,100.0,12.0,82.46385282763475,197.91324678632344,422.3355269213965,0.7945692303936035,0.09728896290129399,35.89992852037923,1187.4794807179405,True,
6,100.0,12.0,83.35650261942578,166.71300523885157,422.3355269213965,0.7059823494573945,0.08195174221641177,30.240446603122297,1000.2780314331094,True,
2,100.0,14.0,94.56169144394491,661.9318401076144,422.3355269213965,1.5918511588194846,0.2789042888283103,102.9165460744198,3404.2208919820173,False,battery 661.9 Wh > 422.3 Wh
3,100.0,14.0,85.60381590794711,399.48447423708654,422.3355269213965,1.1489167541384397,0.16832236558817318,62.11147403356877,2054.491581790731,True,
4,100.0,14.0,82.80251870181729,289.8088154563606,422.3355269213965,0.9274495517979169,0.12211064141874547,45.05920474204495,1490.4453366327116,True,
5,100.0,14.0,82.46385282763475,230.89878791737732,422.3355269213965,0.7945692303936035,0.09728896290129399,35.89992852037923,1187.4794807179405,True,
6,100.0,14.0,83.35650261942578,194.4985061119935,422.3355269213965,0.7059823494573945,0.08195174221641177,30.240446603122297,1000.2780314331094,True,
2,100.0,16.0,94.56169144394491,756.4935315515594,422.3355269213965,1.5918511588194846,0.2789042888283103,102.9165460744198,3404.2208919820173,False,battery 756.5 Wh > 422.3 Wh
3,100.0,16.0,85.60381590794711,456.55368484238465,422.3355269213965,1.1489167541384397,0.16832236558817318,62.11147403356877,2054.491581790731,False,battery 456.6 Wh > 422.3 Wh
4,100.0,16.0,82.80251870181729,331.2100748072692,422.3355269213965,0.9274495517979169,0.12211064141874547,45.05920474204495,1490.4453366327116,True,
5,100.0,16.0,82.46385282763475,263.8843290484312,422.3355269213965,0.7945692303936035,0.09728896290129399,35.89992852037923,1187.4794807179405,True,
6,100.0,16.0,83.35650261942578,222.28400698513542,422.3355269213965,0.7059823494573945,0.08195174221641177,30.240446603122297,1000.2780314331094,True,
2,100.0,18.0,94.56169144394491,851.0552229955043,422.3355269213965,1.5918511588194846,0.2789042888283103,102.9165460744198,3404.2208919820173,False,battery 851.1 Wh > 422.3 Wh
3,100.0,18.0,85.60381590794711,513.6228954476827,422.3355269213965,1.1489167541384397,0.16832236558817318,62.11147403356877,2054.491581790731,False,battery 513.6 Wh > 422.3 Wh
4,100.0,18.0,82.80251870181729,372.6113341581779,422.3355269213965,0.9274495517979169,0.12211064141874547,45.05920474204495,1490.4453366327116,True,
5,100.0,18.0,82.46385282763475,296.86987017948513,422.3355269213965,0.7945692303936035,0.09728896290129399,35.89992852037923,1187.4794807179405,True,
6,100.0,18.0,83.35650261942578,250.06950785827735,422.3355269213965,0.7059823494573945,0.08195174221641177,30.240446603122297,1000.2780314331094,True,
2,100.0,20.0,94.56169144394491,945.6169144394493,422.3355269213965,1.5918511588194846,0.2789042888283103,102.9165460744198,3404.2208919820173,False,battery 945.6 Wh > 422.3 Wh
3,100.0,20.0,85.60381590794711,570.6921060529808,422.3355269213965,1.1489167541384397,0.16832236558817318,62.11147403356877,2054.491581790731,False,battery 570.7 Wh > 422.3 Wh
4,100.0,20.0,82.80251870181729,414.01259350908657,422.3355269213965,0.9274495517979169,0.12211064141874547,45.05920474204495,1490.4453366327116,True,
5,100.0,20.0,82.46385282763475,329.855411310539,422.3355269213965,0.7945692303936035,0.09728896290129399,35.89992852037923,1187.4794807179405,True,
6,100.0,20.0,83.35650261942578,277.8550087314193,422.3355269213965,0.7059823494573945,0.08195174221641177,30.240446603122297,1000.2780314331094,True,
2,100.0,22.0,94.56169144394491,1040.1786058833943,422.3355269213965,1.5918511588194846,0.2789042888283103,102.9165460744198,3404.2208919820173,False,battery 1040.2 Wh > 422.3 Wh
3,100.0,22.0,85.60381590794711,627.7613166582788,422.3355269213965,1.1489167541384397,0.16832236558817318,62.11147403356877,2054.491581790731,False,battery 627.8 Wh > 422.3 Wh
4,100.0,22.0,82.80251870181729,455.41385285999525,422.3355269213965,0.9274495517979169,0.12211064141874547,45.05920474204495,1490.4453366327116,False,battery 455.4 Wh > 422.3 Wh
5,100.0,22.0,82.46385282763475,362.84095244159295,422.3355269213965,0.7945692303936035,0.09728896290129399,35.89992852037923,1187.4794807179405,True,
6,100.0,22.0,83.35650261942578,305.6405096045612,422.3355269213965,0.7059823494573945,0.08195174221641177,30.240446603122297,1000.2780314331094,True,
2,100.0,24.0,94.56169144394491,1134.740297327339,422.3355269213965,1.5918511588194846,0.2789042888283103,102.9165460744198,3404.2208919820173,False,battery 1134.7 Wh > 422.3 Wh
3,100.0,24.0,85.60381590794711,684.830527263577,422.3355269213965,1.1489167541384397,0.16832236558817318,62.11147403356877,2054.491581790731,False,battery 684.8 Wh > 422.3 Wh
4,100.0,24.0,82.80251870181729,496.81511221090386,422.3355269213965,0.9274495517979169,0.12211064141874547,45.05920474204495,1490.4453366327116,False,battery 496.8 Wh > 422.3 Wh
5,100.0,24.0,82.46385282763475,395.8264935726469,422.3355269213965,0.7945692303936035,0.09728896290129399,35.89992852037923,1187.4794807179405,True,
6,100.0,24.0,83.35650261942578,333.42601047770313,422.3355269213965,0.7059823494573945,0.08195174221641177,30.240446603122297,1000.2780314331094,True,
2,100.0,26.0,94.56169144394491,1229.301988771284,422.3355269213965,1.5918511588194846,0.2789042888283103,102.9165460744198,3404.2208919820173,False,battery 1229.3 Wh > 422.3 Wh
3,100.0,26.0,85.60381590794711,741.899737868875,422.3355269213965,1.1489167541384397,0.16832236558817318,62.11147403356877,2054.491581790731,False,battery 741.9 Wh > 422.3 Wh
4,100.0,26.0,82.80251870181729,538.2163715618126,422.3355269213965,0.9274495517979169,0.12211064141874547,45.05920474204495,1490.4453366327116,False,battery 538.2 Wh > 422.3 Wh
5,100.0,26.0,82.46385282763475,428.81203470370076,422.3355269213965,0.7945692303936035,0.09728896290129399,35.89992852037923,1187.4794807179405,False,battery 428.8 Wh > 422.3 Wh
6,100.0,26.0,83.35650261942578,361.21151135084506,422.3355269213965,0.7059823494573945,0.08195174221641177,30.240446603122297,1000.2780314331094,True,
2,100.0,28.0,94.56169144394491,1323.863680215229,422.3355269213965,1.5918511588194846,0.2789042888283103,102.9165460744198,3404.2208919820173,False,battery 1323.9 Wh > 422.3 Wh
3,100.0,28.0,85.60381590794711,798.9689484741731,422.3355269213965,1.1489167541384397,0.16832236558817318,62.11147403356877,2054.491581790731,False,battery 799.0 Wh > 422.3 Wh
4,100.0,28.0,82.80251870181729,579.6176309127212,422.3355269213965,0.9274495517979169,0.12211064141874547,45.05920474204495,1490.4453366327116,False,battery 579.6 Wh > 422.3 Wh
5,100.0,28.0,82.46385282763475,461.79757583475464,422.3355269213965,0.7945692303936035,0.09728896290129399,35.89992852037923,1187.4794807179405,False,battery 461.8 Wh > 422.3 Wh
6,100.0,28.0,83.35650261942578,388.997012223987,422.3355269213965,0.7059823494573945,0.08195174221641177,30.240446603122297,1000.2780314331094,True,
2,100.0,30.0,94.56169144394491,1418.4253716591738,422.3355269213965,1.5918511588194846,0.2789042888283103,102.9165460744198,3404.2208919820173,False,battery 1418.4 Wh > 422.3 Wh
3,100.0,30.0,85.60381590794711,856.0381590794711,422.3355269213965,1.1489167541384397,0.16832236558817318,62.11147403356877,2054.491581790731,False,battery 856.0 Wh > 422.3 Wh
4,100.0,30.0,82.80251870181729,621.0188902636298,422.3355269213965,0.9274495517979169,0.12211064141874547,45.05920474204495,1490.4453366327116,False,battery 621.0 Wh > 422.3 Wh
5,100.0,30.0,82.46385282763475,494.7831169658086,422.3355269213965,0.7945692303936035,0.09728896290129399,35.89992852037923,1187.4794807179405,False,battery 494.8 Wh > 422.3 Wh
6,100.0,30.0,83.35650261942578,416.7825130971289,422.3355269213965,0.7059823494573945,0.08195174221641177,30.240446603122297,1000.2780314331094,True,
2,100.0,32.0,94.56169144394491,1512.9870631031188,422.3355269213965,1.5918511588194846,0.2789042888283103,102.9165460744198,3404.2208919820173,False,battery 1513.0 Wh > 422.3 Wh
3,100.0,32.0,85.60381590794711,913.1073696847693,422.3355269213965,1.1489167541384397,0.16832236558817318,62.11147403356877,2054.491581790731,False,battery 913.1 Wh > 422.3 Wh
4,100.0,32.0,82.80251870181729,662.4201496145384,422.3355269213965,0.9274495517979169,0.12211064141874547,45.05920474204495,1490.4453366327116,False,battery 662.4 Wh > 422.3 Wh
5,100.0,32.0,82.46385282763475,527.7686580968624,422.3355269213965,0.7945692303936035,0.09728896290129399,35.89992852037923,1187.4794807179405,False,battery 527.8 Wh > 422.3 Wh
6,100.0,32.0,83.35650261942578,444.56801397027084,422.3355269213965,0.7059823494573945,0.08195174221641177,30.240446603122297,1000.2780314331094,False,battery 444.6 Wh > 422.3 Wh
2,100.0,34.0,94.56169144394491,1607.5487545470637,422.3355269213965,1.5918511588194846,0.2789042888283103,102.9165460744198,3404.2208919820173,False,battery 1607.5 Wh > 422.3 Wh
3,100.0,34.0,85.60381590794711,970.1765802900674,422.3355269213965,1.1489167541384397,0.16832236558817318,62.11147403356877,2054.491581790731,False,battery 970.2 Wh > 422.3 Wh
4,100.0,34.0,82.80251870181729,703.8214089654471,422.3355269213965,0.9274495517979169,0.12211064141874547,45.05920474204495,1490.4453366327116,False,battery 703.8 Wh > 422.3 Wh
5,100.0,34.0,82.46385282763475,560.7541992279164,422.3355269213965,0.7945692303936035,0.09728896290129399,35.89992852037923,1187.4794807179405,False,battery 560.8 Wh > 422.3 Wh
6,100.0,34.0,83.35650261942578,472.35351484341277,422.3355269213965,0.7059823494573945,0.08195174221641177,30.240446603122297,1000.2780314331094,False,battery 472.4 Wh > 422.3 Wh
2,100.0,36.0,94.56169144394491,1702.1104459910086,422.3355269213965,1.5918511588194846,0.2789042888283103,102.9165460744198,3404.2208919820173,False,battery 1702.1 Wh > 422.3 Wh
3,100.0,36.0,85.60381590794711,1027.2457908953654,422.3355269213965,1.1489167541384397,0.16832236558817318,62.11147403356877,2054.491581790731,False,battery 1027.2 Wh > 422.3 Wh
4,100.0,36.0,82.80251870181729,745.2226683163558,422.3355269213965,0.9274495517979169,0.12211064141874547,45.05920474204495,1490.4453366327116,False,battery 745.2 Wh > 422.3 Wh
5,100.0,36.0,82.46385282763475,593.7397403589703,422.3355269213965,0.7945692303936035,0.09728896290129399,35.89992852037923,1187.4794807179405,False,battery 593.7 Wh > 422.3 Wh
6,100.0,36.0,83.35650261942578,500.1390157165547,422.3355269213965,0.7059823494573945,0.08195174221641177,30.240446603122297,1000.2780314331094,False,battery 500.1 Wh > 422.3 Wh
2,100.0,38.0,94.56169144394491,1796.6721374349536,422.3355269213965,1.5918511588194846,0.2789042888283103,102.9165460744198,3404.2208919820173,False,battery 1796.7 Wh > 422.3 Wh
3,100.0,38.0,85.60381590794711,1084.3150015006634,422.3355269213965,1.1489167541384397,0.16832236558817318,62.11147403356877,2054.491581790731,False,battery 1084.3 Wh > 422.3 Wh
4,100.0,38.0,82.80251870181729,786.6239276672644,422.3355269213965,0.9274495517979169,0.12211064141874547,45.05920474204495,1490.4453366327116,False,battery 786.6 Wh > 422.3 Wh
5,100.0,38.0,82.46385282763475,626.7252814900241,422.3355269213965,0.7945692303936035,0.09728896290129399,35.89992852037923,1187.4794807179405,False,battery 626.7 Wh > 422.3 Wh
6,100.0,38.0,83.35650261942578,527.9245165896966,422.3355269213965,0.7059823494573945,0.08195174221641177,30.240446603122297,1000.2780314331094,False,battery 527.9 Wh > 422.3 Wh
2,100.0,40.0,94.56169144394491,1891.2338288788985,422.3355269213965,1.5918511588194846,0.2789042888283103,102.9165460744198,3404.2208919820173,False,battery 1891.2 Wh > 422.3 Wh
3,100.0,40.0,85.60381590794711,1141.3842121059615,422.3355269213965,1.1489167541384397,0.16832236558817318,62.11147403356877,2054.491581790731,False,battery 1141.4 Wh > 422.3 Wh
4,100.0,40.0,82.80251870181729,828.0251870181731,422.3355269213965,0.9274495517979169,0.12211064141874547,45.05920474204495,1490.4453366327116,False,battery 828.0 Wh > 422.3 Wh
5,100.0,40.0,82.46385282763475,659.710822621078,422.3355269213965,0.7945692303936035,0.09728896290129399,35.89992852037923,1187.4794807179405,False,battery 659.7 Wh > 422.3 Wh
6,100.0,40.0,83.35650261942578,555.7100174628386,422.3355269213965,0.7059823494573945,0.08195174221641177,30.240446603122297,1000.2780314331094,False,battery 555.7 Wh > 422.3 Wh
2,105.0,2.0,99.07923547296372,99.07923547296372,422.3355269213965,1.6582913195216413,0.29222852600538074,107.8332308450316,3566.852477026694,False,CL 1.658 > CLmax 1.595
3,105.0,2.0,88.85926137934295,59.23950758622866,422.3355269213965,1.193210194606544,0.17472353213637826,64.47352430807682,2132.6222731042317,True,
4,105.0,2.0,85.4269148944017,42.71345744720086,422.3355269213965,0.9606696321489954,0.1259808944912086,46.48734010821357,1537.6844680992308,True,
5,105.0,2.0,84.70961945293226,33.8838477811729,422.3355269213965,0.8211452946744662,0.09993846687669294,36.87760369025215,1219.8185201222245,True,
6,105.0,2.0,85.34984953319871,28.44994984439957,422.3355269213965,0.7281290696914468,0.08391149637226006,30.963601954093093,1024.1981943983844,True,
2,105.0,4.0,99.07923547296372,198.15847094592743,422.3355269213965,1.6582913195216413,0.29222852600538074,107.8332308450316,3566.852477026694,False,CL 1.658 > CLmax 1.595
3,105.0,4.0,88.85926137934295,118.47901517245732,422.3355269213965,1.193210194606544,0.17472353213637826,64.47352430807682,2132.6222731042317,True,
4,105.0,4.0,85.4269148944017,85.42691489440172,422.3355269213965,0.9606696321489954,0.1259808944912086,46.48734010821357,1537.6844680992308,True,
5,105.0,4.0,84.70961945293226,67.7676955623458,422.3355269213965,0.8211452946744662,0.09993846687669294,36.87760369025215,1219.8185201222245,True,
6,105.0,4.0,85.34984953319871,56.89989968879914,422.3355269213965,0.7281290696914468,0.08391149637226006,30.963601954093093,1024.1981943983844,True,
2,105.0,6.0,99.07923547296372,297.23770641889115,422.3355269213965,1.6582913195216413,0.29222852600538074,107.8332308450316,3566.852477026694,False,CL 1.658 > CLmax 1.595
3,105.0,6.0,88.85926137934295,177.718522758686,422.3355269213965,1.193210194606544,0.17472353213637826,64.47352430807682,2132.6222731042317,True,
4,105.0,6.0,85.4269148944017,128.14037234160259,422.3355269213965,0.9606696321489954,0.1259808944912086,46.48734010821357,1537.6844680992308,True,
5,105.0,6.0,84.70961945293226,101.65154334351871,422.3355269213965,0.8211452946744662,0.09993846687669294,36.87760369025215,1219.8185201222245,True,
6,105.0,6.0,85.34984953319871,85.3498495331987,422.3355269213965,0.7281290696914468,0.08391149637226006,30.963601954093093,1024.1981943983844,True,
2,105.0,8.0,99.07923547296372,396.31694189185487,422.3355269213965,1.6582913195216413,0.29222852600538074,107.8332308450316,3566.852477026694,False,CL 1.658 > CLmax 1.595
3,105.0,8.0,88.85926137934295,236.95803034491465,422.3355269213965,1.193210194606544,0.17472353213637826,64.47352430807682,2132.6222731042317,True,
4,105.0,8.0,85.4269148944017,170.85382978880344,422.3355269213965,0.9606696321489954,0.1259808944912086,46.48734010821357,1537.6844680992308,True,
5,105.0,8.0,84.70961945293226,135.5353911246916,422.3355269213965,0.8211452946744662,0.09993846687669294,36.87760369025215,1219.8185201222245,True,
6,105.0,8.0,85.34984953319871,113.79979937759828,422.3355269213965,0.7281290696914468,0.08391149637226006,30.963601954093093,1024.1981943983844,True,
2,105.0,10.0,99.07923547296372,495.39617736481864,422.3355269213965,1.6582913195216413,0.29222852600538074,107.8332308450316,3566.852477026694,False,CL 1.658 > CLmax 1.595; battery 495.4 Wh > 422.3 Wh
3,105.0,10.0,88.85926137934295,296.1975379311433,422.3355269213965,1.193210194606544,0.17472353213637826,64.47352430807682,2132.6222731042317,True,
4,105.0,10.0,85.4269148944017,213.56728723600426,422.3355269213965,0.9606696321489954,0.1259808944912086,46.48734010821357,1537.6844680992308,True,
5,105.0,10.0,84.70961945293226,169.41923890586452,422.3355269213965,0.8211452946744662,0.09993846687669294,36.87760369025215,1219.8185201222245,True,
6,105.0,10.0,85.34984953319871,142.24974922199783,422.3355269213965,0.7281290696914468,0.08391149637226006,30.963601954093093,1024.1981943983844,True,
2,105.0,12.0,99.07923547296372,594.4754128377823,422.3355269213965,1.6582913195216413,0.29222852600538074,107.8332308450316,3566.852477026694,False,CL 1.658 > CLmax 1.595; battery 594.5 Wh > 422.3 Wh
3,105.0,12.0,88.85926137934295,355.437045517372,422.3355269213965,1.193210194606544,0.17472353213637826,64.47352430807682,2132.6222731042317,True,
4,105.0,12.0,85.4269148944017,256.28074468320517,422.3355269213965,0.9606696321489954,0.1259808944912086,46.48734010821357,1537.6844680992308,True,
5,105.0,12.0,84.70961945293226,203.30308668703742,422.3355269213965,0.8211452946744662,0.09993846687669294,36.87760369025215,1219.8185201222245,True,
6,105.0,12.0,85.34984953319871,170.6996990663974,422.3355269213965,0.7281290696914468,0.08391149637226006,30.963601954093093,1024.1981943983844,True,
2,105.0,14.0,99.07923547296372,693.5546483107461,422.3355269213965,1.6582913195216413,0.29222852600538074,107.8332308450316,3566.852477026694,False,CL 1.658 > CLmax 1.595; battery 693.6 Wh > 422.3 Wh
3,105.0,14.0,88.85926137934295,414.6765531036006,422.3355269213965,1.193210194606544,0.17472353213637826,64.47352430807682,2132.6222731042317,True,
4,105.0,14.0,85.4269148944017,298.994202130406,422.3355269213965,0.9606696321489954,0.1259808944912086,46.48734010821357,1537.6844680992308,True,
5,105.0,14.0,84.70961945293226,237.18693446821032,422.3355269213965,0.8211452946744662,0.09993846687669294,36.87760369025215,1219.8185201222245,True,
6,105.0,14.0,85.34984953319871,199.14964891079697,422.3355269213965,0.7281290696914468,0.08391149637226006,30.963601954093093,1024.1981943983844,True,
2,105.0,16.0,99.07923547296372,792.6338837837097,422.3355269213965,1.6582913195216413,0.29222852600538074,107.8332308450316,3566.852477026694,False,CL 1.658 > CLmax 1.595; battery 792.6 Wh > 422.3 Wh
3,105.0,16.0,88.85926137934295,473.9160606898293,422.3355269213965,1.193210194606544,0.17472353213637826,64.47352430807682,2132.6222731042317,False,battery 473.9 Wh > 422.3 Wh
4,105.0,16.0,85.4269148944017,341.7076595776069,422.3355269213965,0.9606696321489954,0.1259808944912086,46.48734010821357,1537.6844680992308,True,
5,105.0,16.0,84.70961945293226,271.0707822493832,422.3355269213965,0.8211452946744662,0.09993846687669294,36.87760369025215,1219.8185201222245,True,
6,105.0,16.0,85.34984953319871,227.59959875519655,422.3355269213965,0.7281290696914468,0.08391149637226006,30.963601954093093,1024.1981943983844,True,
2,105.0,18.0,99.07923547296372,891.7131192566735,422.3355269213965,1.6582913195216413,0.29222852600538074,107.8332308450316,3566.852477026694,False,CL 1.658 > CLmax 1.595; battery 891.7 Wh > 422.3 Wh
3,105.0,18.0,88.85926137934295,533.1555682760579,422.3355269213965,1.193210194606544,0.17472353213637826,64.47352430807682,2132.6222731042317,False,battery 533.2 Wh > 422.3 Wh
4,105.0,18.0,85.4269148944017,384.4211170248077,422.3355269213965,0.9606696321489954,0.1259808944912086,46.48734010821357,1537.6844680992308,True,
5,105.0,18.0,84.70961945293226,304.95463003055613,422.3355269213965,0.8211452946744662,0.09993846687669294,36.87760369025215,1219.8185201222245,True,
6,105.0,18.0,85.34984953319871,256.0495485995961,422.3355269213965,0.7281290696914468,0.08391149637226006,30.963601954093093,1024.1981943983844,True,
2,105.0,20.0,99.07923547296372,990.7923547296373,422.3355269213965,1.6582913195216413,0.29222852600538074,107.8332308450316,3566.852477026694,False,CL 1.658 > CLmax 1.595; battery 990.8 Wh > 422.3 Wh
3,105.0,20.0,88.85926137934295,592.3950758622866,422.3355269213965,1.193210194606544,0.17472353213637826,64.47352430807682,2132.6222731042317,False,battery 592.4 Wh > 422.3 Wh
4,105.0,20.0,85.4269148944017,427.1345744720085,422.3355269213965,0.9606696321489954,0.1259808944912086,46.48734010821357,1537.6844680992308,False,battery 427.1 Wh > 422.3 Wh
5,105.0,20.0,84.70961945293226,338.83847781172904,422.3355269213965,0.8211452946744662,0.09993846687669294,36.87760369025215,1219.8185201222245,True,
6,105.0,20.0,85.34984953319871,284.49949844399566,422.3355269213965,0.7281290696914468,0.08391149637226006,30.963601954093093,1024.1981943983844,True,
2,105.0,22.0,99.07923547296372,1089.871590202601,422.3355269213965,1.6582913195216413,0.29222852600538074,107.8332308450316,3566.852477026694,False,CL 1.658 > CLmax 1.595; battery 1089.9 Wh > 422.3 Wh
3,105.0,22.0,88.85926137934295,651.6345834485153,422.3355269213965,1.193210194606544,0.17472353213637826,64.47352430807682,2132.6222731042317,False,battery 651.6 Wh > 422.3 Wh
4,105.0,22.0,85.4269148944017,469.8480319192094,422.3355269213965,0.9606696321489954,0.1259808944912086,46.48734010821357,1537.6844680992308,False,battery 469.8 Wh > 422.3 Wh
5,105.0,22.0,84.70961945293226,372.72232559290194,422.3355269213965,0.8211452946744662,0.09993846687669294,36.87760369025215,1219.8185201222245,True,
6,105.0,22.0,85.34984953319871,312.9494482883952,422.3355269213965,0.7281290696914468,0.08391149637226006,30.963601954093093,1024.1981943983844,True,
2,105.0,24.0,99.07923547296372,1188.9508256755646,422.3355269213965,1.6582913195216413,0.29222852600538074,107.8332308450316,3566.852477026694,False,CL 1.658 > CLmax 1.595; battery 1189.0 Wh > 422.3 Wh
3,105.0,24.0,88.85926137934295,710.874091034744,422.3355269213965,1.193210194606544,0.17472353213637826,64.47352430807682,2132.6222731042317,False,battery 710.9 Wh > 422.3 Wh
4,105.0,24.0,85.4269148944017,512.5614893664103,422.3355269213965,0.9606696321489954,0.1259808944912086,46.48734010821357,1537.6844680992308,False,battery 512.6 Wh > 422.3 Wh
5,105.0,24.0,84.70961945293226,406.60617337407484,422.3355269213965,0.8211452946744662,0.09993846687669294,36.87760369025215,1219.8185201222245,True,
6,105.0,24.0,85.34984953319871,341.3993981327948,422.3355269213965,0.7281290696914468,0.08391149637226006,30.963601954093093,1024.1981943983844,True,
2,105.0,26.0,99.07923547296372,1288.0300611485284,422.3355269213965,1.6582913195216413,0.29222852600538074,107.8332308450316,3566.852477026694,False,CL 1.658 > CLmax 1.595; battery 1288.0 Wh > 422.3 Wh
3,105.0,26.0,88.85926137934295,770.1135986209727,422.3355269213965,1.193210194606544,0.17472353213637826,64.47352430807682,2132.6222731042317,False,battery 770.1 Wh > 422.3 Wh
4,105.0,26.0,85.4269148944017,555.2749468136111,422.3355269213965,0.9606696321489954,0.1259808944912086,46.48734010821357,1537.6844680992308,False,battery 555.3 Wh > 422.3 Wh
5,105.0,26.0,84.70961945293226,440.49002115524775,422.3355269213965,0.8211452946744662,0.09993846687669294,36.87760369025215,1219.8185201222245,False,battery 440.5 Wh > 422.3 Wh
6,105.0,26.0,85.34984953319871,369.8493479771944,422.3355269213965,0.7281290696914468,0.08391149637226006,30.963601954093093,1024.1981943983844,True,
2,105.0,28.0,99.07923547296372,1387.1092966214921,422.3355269213965,1.6582913195216413,0.29222852600538074,107.8332308450316,3566.852477026694,False,CL 1.658 > CLmax 1.595; battery 1387.1 Wh > 422.3 Wh
3,105.0,28.0,88.85926137934295,829.3531062072012,422.3355269213965,1.193210194606544,0.17472353213637826,64.47352430807682,2132.6222731042317,False,battery 829.4 Wh > 422.3 Wh
4,105.0,28.0,85.4269148944017,597.988404260812,422.3355269213965,0.9606696321489954,0.1259808944912086,46.48734010821357,1537.6844680992308,False,battery 598.0 Wh > 422.3 Wh
5,105.0,28.0,84.70961945293226,474.37386893642065,422.3355269213965,0.8211452946744662,0.09993846687669294,36.87760369025215,1219.8185201222245,False,battery 474.4 Wh > 422.3 Wh
6,105.0,28.0,85.34984953319871,398.29929782159394,422.3355269213965,0.7281290696914468,0.08391149637226006,30.963601954093093,1024.1981943983844,True,
2,105.0,30.0,99.07923547296372,1486.188532094456,422.3355269213965,1.6582913195216413,0.29222852600538074,107.8332308450316,3566.852477026694,False,CL 1.658 > CLmax 1.595; battery 1486.2 Wh > 422.3 Wh
3,105.0,30.0,88.85926137934295,888.5926137934299,422.3355269213965,1.193210194606544,0.17472353213637826,64.47352430807682,2132.6222731042317,False,battery 888.6 Wh > 422.3 Wh
4,105.0,30.0,85.4269148944017,640.7018617080129,422.3355269213965,0.9606696321489954,0.1259808944912086,46.48734010821357,1537.6844680992308,False,battery 640.7 Wh > 422.3 Wh
5,105.0,30.0,84.70961945293226,508.25771671759355,422.3355269213965,0.8211452946744662,0.09993846687669294,36.87760369025215,1219.8185201222245,False,battery 508.3 Wh > 422.3 Wh
6,105.0,30.0,85.34984953319871,426.7492476659935,422.3355269213965,0.7281290696914468,0.08391149637226006,30.963601954093093,1024.1981943983844,False,battery 426.7 Wh > 422.3 Wh
2,105.0,32.0,99.07923547296372,1585.2677675674195,422.3355269213965,1.6582913195216413,0.29222852600538074,107.8332308450316,3566.852477026694,False,CL 1.658 > CLmax 1.595; battery 1585.3 Wh > 422.3 Wh
3,105.0,32.0,88.85926137934295,947.8321213796586,422.3355269213965,1.193210194606544,0.17472353213637826,64.47352430807682,2132.6222731042317,False,battery 947.8 Wh > 422.3 Wh
4,105.0,32.0,85.4269148944017,683.4153191552138,422.3355269213965,0.9606696321489954,0.1259808944912086,46.48734010821357,1537.6844680992308,False,battery 683.4 Wh > 422.3 Wh
5,105.0,32.0,84.70961945293226,542.1415644987665,422.3355269213965,0.8211452946744662,0.09993846687669294,36.87760369025215,1219.8185201222245,False,battery 542.1 Wh > 422.3 Wh
6,105.0,32.0,85.34984953319871,455.1991975103931,422.3355269213965,0.7281290696914468,0.08391149637226006,30.963601954093093,1024.1981943983844,False,battery 455.2 Wh > 422.3 Wh
2,105.0,34.0,99.07923547296372,1684.3470030403832,422.3355269213965,1.6582913195216413,0.29222852600538074,107.8332308450316,3566.852477026694,False,CL 1.658 > CLmax 1.595; battery 1684.3 Wh > 422.3 Wh
3,105.0,34.0,88.85926137934295,1007.0716289658872,422.3355269213965,1.193210194606544,0.17472353213637826,64.47352430807682,2132.6222731042317,False,battery 1007.1 Wh > 422.3 Wh
4,105.0,34.0,85.4269148944017,726.1287766024145,422.3355269213965,0.9606696321489954,0.1259808944912086,46.48734010821357,1537.6844680992308,False,battery 726.1 Wh > 422.3 Wh
5,105.0,34.0,84.70961945293226,576.0254122799394,422.3355269213965,0.8211452946744662,0.09993846687669294,36.87760369025215,1219.8185201222245,False,battery 576.0 Wh > 422.3 Wh
6,105.0,34.0,85.34984953319871,483.6491473547926,422.3355269213965,0.7281290696914468,0.08391149637226006,30.963601954093093,1024.1981943983844,False,battery 483.6 Wh > 422.3 Wh
2,105.0,36.0,99.07923547296372,1783.426238513347,422.3355269213965,1.6582913195216413,0.29222852600538074,107.8332308450316,3566.852477026694,False,CL 1.658 > CLmax 1.595; battery 1783.4 Wh > 422.3 Wh
3,105.0,36.0,88.85926137934295,1066.3111365521158,422.3355269213965,1.193210194606544,0.17472353213637826,64.47352430807682,2132.6222731042317,False,battery 1066.3 Wh > 422.3 Wh
4,105.0,36.0,85.4269148944017,768.8422340496154,422.3355269213965,0.9606696321489954,0.1259808944912086,46.48734010821357,1537.6844680992308,False,battery 768.8 Wh > 422.3 Wh
5,105.0,36.0,84.70961945293226,609.9092600611123,422.3355269213965,0.8211452946744662,0.09993846687669294,36.87760369025215,1219.8185201222245,False,battery 609.9 Wh > 422.3 Wh
6,105.0,36.0,85.34984953319871,512.0990971991922,422.3355269213965,0.7281290696914468,0.08391149637226006,30.963601954093093,1024.1981943983844,False,battery 512.1 Wh > 422.3 Wh
2,105.0,38.0,99.07923547296372,1882.5054739863108,422.3355269213965,1.6582913195216413,0.29222852600538074,107.8332308450316,3566.852477026694,False,CL 1.658 > CLmax 1.595; battery 1882.5 Wh > 422.3 Wh
3,105.0,38.0,88.85926137934295,1125.5506441383445,422.3355269213965,1.193210194606544,0.17472353213637826,64.47352430807682,2132.6222731042317,False,battery 1125.6 Wh > 422.3 Wh
4,105.0,38.0,85.4269148944017,811.5556914968163,422.3355269213965,0.9606696321489954,0.1259808944912086,46.48734010821357,1537.6844680992308,False,battery 811.6 Wh > 422.3 Wh
5,105.0,38.0,84.70961945293226,643.7931078422852,422.3355269213965,0.8211452946744662,0.09993846687669294,36.87760369025215,1219.8185201222245,False,battery 643.8 Wh > 422.3 Wh
6,105.0,38.0,85.34984953319871,540.5490470435917,422.3355269213965,0.7281290696914468,0.08391149637226006,30.963601954093093,1024.1981943983844,False,battery 540.5 Wh > 422.3 Wh
2,105.0,40.0,99.07923547296372,1981.5847094592746,422.3355269213965,1.6582913195216413,0.29222852600538074,107.8332308450316,3566.852477026694,False,CL 1.658 > CLmax 1.595; battery 1981.6 Wh > 422.3 Wh
3,105.0,40.0,88.85926137934295,1184.7901517245732,422.3355269213965,1.193210194606544,0.17472353213637826,64.47352430807682,2132.6222731042317,False,battery 1184.8 Wh > 422.3 Wh
4,105.0,40.0,85.4269148944017,854.269148944017,422.3355269213965,0.9606696321489954,0.1259808944912086,46.48734010821357,1537.6844680992308,False,battery 854.3 Wh > 422.3 Wh
5,105.0,40.0,84.70961945293226,677.6769556234581,422.3355269213965,0.8211452946744662,0.09993846687669294,36.87760369025215,1219.8185201222245,False,battery 677.7 Wh > 422.3 Wh
6,105.0,40.0,85.34984953319871,568.9989968879913,422.3355269213965,0.7281290696914468,0.08391149637226006,30.963601954093093,1024.1981943983844,False,battery 569.0 Wh > 422.3 Wh
2,110.0,2.0,103.78147685187861,103.78147685187862,422.3355269213965,1.7247314802237983,0.30609751742948965,112.95093161937751,3736.1331666676306,False,CL 1.725 > CLmax 1.595
3,110.0,2.0,92.23783841733618,61.49189227822414,422.3355269213965,1.2375036350746487,0.18136681168326707,66.92491502868891,2213.708122016069,True,
4,110.0,2.0,88.1436597619341,44.07182988096705,422.3355269213965,0.9938897125000737,0.12998733612543134,47.965729475315705,1586.585875714814,True,
5,110.0,2.0,87.02926501818818,34.811706007275276,422.3355269213965,0.847721358955329,0.10267513153161807,37.88744142072254,1253.22141626191,True,
6,110.0,2.0,87.40476223027028,29.13492074342343,422.3355269213965,0.7502757899254989,0.08593177877777927,31.70909241658989,1048.8571467632435,True,
2,110.0,4.0,103.78147685187861,207.56295370375724,422.3355269213965,1.7247314802237983,0.30609751742948965,112.95093161937751,3736.1331666676306,False,CL 1.725 > CLmax 1.595
3,110.0,4.0,92.23783841733618,122.98378455644828,422.3355269213965,1.2375036350746487,0.18136681168326707,66.92491502868891,2213.708122016069,True,
4,110.0,4.0,88.1436597619341,88.1436597619341,422.3355269213965,0.9938897125000737,0.12998733612543134,47.965729475315705,1586.585875714814,True,
5,110.0,4.0,87.02926501818818,69.62341201455055,422.3355269213965,0.847721358955329,0.10267513153161807,37.88744142072254,1253.22141626191,True,
6,110.0,4.0,87.40476223027028,58.26984148684686,422.3355269213965,0.7502757899254989,0.08593177877777927,31.70909241658989,1048.8571467632435,True,
2,110.0,6.0,103.78147685187861,311.3444305556359,422.3355269213965,1.7247314802237983,0.30609751742948965,112.95093161937751,3736.1331666676306,False,CL 1.725 > CLmax 1.595
3,110.0,6.0,92.23783841733618,184.4756768346724,422.3355269213965,1.2375036350746487,0.18136681168326707,66.92491502868891,2213.708122016069,True,
4,110.0,6.0,88.1436597619341,132.21548964290116,422.3355269213965,0.9938897125000737,0.12998733612543134,47.965729475315705,1586.585875714814,True,
5,110.0,6.0,87.02926501818818,104.43511802182583,422.3355269213965,0.847721358955329,0.10267513153161807,37.88744142072254,1253.22141626191,True,
6,110.0,6.0,87.40476223027028,87.40476223027028,422.3355269213965,0.7502757899254989,0.08593177877777927,31.70909241658989,1048.8571467632435,True,
2,110.0,8.0,103.78147685187861,415.1259074075145,422.3355269213965,1.7247314802237983,0.30609751742948965,112.95093161937751,3736.1331666676306,False,CL 1.725 > CLmax 1.595
3,110.0,8.0,92.23783841733618,245.96756911289657,422.3355269213965,1.2375036350746487,0.18136681168326707,66.92491502868891,2213.708122016069,True,
4,110.0,8.0,88.1436597619341,176.2873195238682,422.3355269213965,0.9938897125000737,0.12998733612543134,47.965729475315705,1586.585875714814,True,
5,110.0,8.0,87.02926501818818,139.2468240291011,422.3355269213965,0.847721358955329,0.10267513153161807,37.88744142072254,1253.22141626191,True,
6,110.0,8.0,87.40476223027028,116.53968297369371,422.3355269213965,0.7502757899254989,0.08593177877777927,31.70909241658989,1048.8571467632435,True,
2,110.0,10.0,103.78147685187861,518.9073842593931,422.3355269213965,1.7247314802237983,0.30609751742948965,112.95093161937751,3736.1331666676306,False,CL 1.725 > CLmax 1.595; battery 518.9 Wh > 422.3 Wh
3,110.0,10.0,92.23783841733618,307.45946139112067,422.3355269213965,1.2375036350746487,0.18136681168326707,66.92491502868891,2213.708122016069,True,
4,110.0,10.0,88.1436597619341,220.35914940483528,422.3355269213965,0.9938897125000737,0.12998733612543134,47.965729475315705,1586.585875714814,True,
5,110.0,10.0,87.02926501818818,174.0585300363764,422.3355269213965,0.847721358955329,0.10267513153161807,37.88744142072254,1253.22141626191,True,
6,110.0,10.0,87.40476223027028,145.67460371711715,422.3355269213965,0.7502757899254989,0.08593177877777927,31.70909241658989,1048.8571467632435,True,
2,110.0,12.0,103.78147685187861,622.6888611112718,422.3355269213965,1.7247314802237983,0.30609751742948965,112.95093161937751,3736.1331666676306,False,CL 1.725 > CLmax 1.595; battery 622.7 Wh > 422.3 Wh
3,110.0,12.0,92.23783841733618,368.9513536693448,422.3355269213965,1.2375036350746487,0.18136681168326707,66.92491502868891,2213.708122016069,True,
4,110.0,12.0,88.1436597619341,264.4309792858023,422.3355269213965,0.9938897125000737,0.12998733612543134,47.965729475315705,1586.585875714814,True,
5,110.0,12.0,87.02926501818818,208.87023604365166,422.3355269213965,0.847721358955329,0.10267513153161807,37.88744142072254,1253.22141626191,True,
6,110.0,12.0,87.40476223027028,174.80952446054056,422.3355269213965,0.7502757899254989,0.08593177877777927,31.70909241658989,1048.8571467632435,True,
2,110.0,14.0,103.78147685187861,726.4703379631504,422.3355269213965,1.7247314802237983,0.30609751742948965,112.95093161937751,3736.1331666676306,False,CL 1.725 > CLmax 1.595; battery 726.5 Wh > 422.3 Wh
3,110.0,14.0,92.23783841733618,430.443245947569,422.3355269213965,1.2375036350746487,0.18136681168326707,66.92491502868891,2213.708122016069,False,battery 430.4 Wh > 422.3 Wh
4,110.0,14.0,88.1436597619341,308.5028091667694,422.3355269213965,0.9938897125000737,0.12998733612543134,47.965729475315705,1586.585875714814,True,
5,110.0,14.0,87.02926501818818,243.68194205092695,422.3355269213965,0.847721358955329,0.10267513153161807,37.88744142072254,1253.22141626191,True,
6,110.0,14.0,87.40476223027028,203.944445203964,422.3355269213965,0.7502757899254989,0.08593177877777927,31.70909241658989,1048.8571467632435,True,
2,110.0,16.0,103.78147685187861,830.251814815029,422.3355269213965,1.7247314802237983,0.30609751742948965,112.95093161937751,3736.1331666676306,False,CL 1.725 > CLmax 1.595; battery 830.3 Wh > 422.3 Wh
3,110.0,16.0,92.23783841733618,491.93513822579314,422.3355269213965,1.2375036350746487,0.18136681168326707,66.92491502868891,2213.708122016069,False,battery 491.9 Wh > 422.3 Wh
4,110.0,16.0,88.1436597619341,352.5746390477364,422.3355269213965,0.9938897125000737,0.12998733612543134,47.965729475315705,1586.585875714814,True,
5,110.0,16.0,87.02926501818818,278.4936480582022,422.3355269213965,0.847721358955329,0.10267513153161807,37.88744142072254,1253.22141626191,True,
6,110.0,16.0,87.40476223027028,233.07936594738743,422.3355269213965,0.7502757899254989,0.08593177877777927,31.70909241658989,1048.8571467632435,True,
2,110.0,18.0,103.78147685187861,934.0332916669075,422.3355269213965,1.7247314802237983,0.30609751742948965,112.95093161937751,3736.1331666676306,False,CL 1.725 > CLmax 1.595; battery 934.0 Wh > 422.3 Wh
3,110.0,18.0,92.23783841733618,553.4270305040172,422.3355269213965,1.2375036350746487,0.18136681168326707,66.92491502868891,2213.708122016069,False,battery 553.4 Wh > 422.3 Wh
4,110.0,18.0,88.1436597619341,396.6464689287035,422.3355269213965,0.9938897125000737,0.12998733612543134,47.965729475315705,1586.585875714814,True,
5,110.0,18.0,87.02926501818818,313.3053540654775,422.3355269213965,0.847721358955329,0.10267513153161807,37.88744142072254,1253.22141626191,True,
6,110.0,18.0,87.40476223027028,262.21428669081087,422.3355269213965,0.7502757899254989,0.08593177877777927,31.70909241658989,1048.8571467632435,True,
2,110.0,20.0,103.78147685187861,1037.8147685187862,422.3355269213965,1.7247314802237983,0.30609751742948965,112.95093161937751,3736.1331666676306,False,CL 1.725 > CLmax 1.595; battery 1037.8 Wh > 422.3 Wh
3,110.0,20.0,92.23783841733618,614.9189227822413,422.3355269213965,1.2375036350746487,0.18136681168326707,66.92491502868891,2213.708122016069,False,battery 614.9 Wh > 422.3 Wh
4,110.0,20.0,88.1436597619341,440.71829880967056,422.3355269213965,0.9938897125000737,0.12998733612543134,47.965729475315705,1586.585875714814,False,battery 440.7 Wh > 422.3 Wh
5,110.0,20.0,87.02926501818818,348.1170600727528,422.3355269213965,0.847721358955329,0.10267513153161807,37.88744142072254,1253.22141626191,True,
6,110.0,20.0,87.40476223027028,291.3492074342343,422.3355269213965,0.7502757899254989,0.08593177877777927,31.70909241658989,1048.8571467632435,True,
2,110.0,22.0,103.78147685187861,1141.596245370665,422.3355269213965,1.7247314802237983,0.30609751742948965,112.95093161937751,3736.1331666676306,False,CL 1.725 > CLmax 1.595; battery 1141.6 Wh > 422.3 Wh
3,110.0,22.0,92.23783841733618,676.4108150604654,422.3355269213965,1.2375036350746487,0.18136681168326707,66.92491502868891,2213.708122016069,False,battery 676.4 Wh > 422.3 Wh
4,110.0,22.0,88.1436597619341,484.7901286906375,422.3355269213965,0.9938897125000737,0.12998733612543134,47.965729475315705,1586.585875714814,False,battery 484.8 Wh > 422.3 Wh
5,110.0,22.0,87.02926501818818,382.9287660800281,422.3355269213965,0.847721358955329,0.10267513153161807,37.88744142072254,1253.22141626191,True,
6,110.0,22.0,87.40476223027028,320.48412817765774,422.3355269213965,0.7502757899254989,0.08593177877777927,31.70909241658989,1048.8571467632435,True,
2,110.0,24.0,103.78147685187861,1245.3777222225435,422.3355269213965,1.7247314802237983,0.30609751742948965,112.95093161937751,3736.1331666676306,False,CL 1.725 > CLmax 1.595; battery 1245.4 Wh > 422.3 Wh
3,110.0,24.0,92.23783841733618,737.9027073386897,422.3355269213965,1.2375036350746487,0.18136681168326707,66.92491502868891,2213.708122016069,False,battery 737.9 Wh > 422.3 Wh
4,110.0,24.0,88.1436597619341,528.8619585716046,422.3355269213965,0.9938897125000737,0.12998733612543134,47.965729475315705,1586.585875714814,False,battery 528.9 Wh > 422.3 Wh
5,110.0,24.0,87.02926501818818,417.7404720873033,422.3355269213965,0.847721358955329,0.10267513153161807,37.88744142072254,1253.22141626191,True,
6,110.0,24.0,87.40476223027028,349.6190489210811,422.3355269213965,0.7502757899254989,0.08593177877777927,31.70909241658989,1048.8571467632435,True,
2,110.0,26.0,103.78147685187861,1349.159199074422,422.3355269213965,1.7247314802237983,0.30609751742948965,112.95093161937751,3736.1331666676306,False,CL 1.725 > CLmax 1.595; battery 1349.2 Wh > 422.3 Wh
3,110.0,26.0,92.23783841733618,799.3945996169138,422.3355269213965,1.2375036350746487,0.18136681168326707,66.92491502868891,2213.708122016069,False,battery 799.4 Wh > 422.3 Wh
4,110.0,26.0,88.1436597619341,572.9337884525717,422.3355269213965,0.9938897125000737,0.12998733612543134,47.965729475315705,1586.585875714814,False,battery 572.9 Wh > 422.3 Wh
5,110.0,26.0,87.02926501818818,452.5521780945786,422.3355269213965,0.847721358955329,0.10267513153161807,37.88744142072254,1253.22141626191,False,battery 452.6 Wh > 422.3 Wh
6,110.0,26.0,87.40476223027028,378.7539696645046,422.3355269213965,0.7502757899254989,0.08593177877777927,31.70909241658989,1048.8571467632435,True,
2,110.0,28.0,103.78147685187861,1452.9406759263009,422.3355269213965,1.7247314802237983,0.30609751742948965,112.95093161937751,3736.1331666676306,False,CL 1.725 > CLmax 1.595; battery 1452.9 Wh > 422.3 Wh
3,110.0,28.0,92.23783841733618,860.886491895138,422.3355269213965,1.2375036350746487,0.18136681168326707,66.92491502868891,2213.708122016069,False,battery 860.9 Wh > 422.3 Wh
4,110.0,28.0,88.1436597619341,617.0056183335388,422.3355269213965,0.9938897125000737,0.12998733612543134,47.965729475315705,1586.585875714814,False,battery 617.0 Wh > 422.3 Wh
5,110.0,28.0,87.02926501818818,487.3638841018539,422.3355269213965,0.847721358955329,0.10267513153161807,37.88744142072254,1253.22141626191,False,battery 487.4 Wh > 422.3 Wh
6,110.0,28.0,87.40476223027028,407.888890407928,422.3355269213965,0.7502757899254989,0.08593177877777927,31.70909241658989,1048.8571467632435,True,
2,110.0,30.0,103.78147685187861,1556.7221527781794,422.3355269213965,1.7247314802237983,0.30609751742948965,112.95093161937751,3736.1331666676306,False,CL 1.725 > CLmax 1.595; battery 1556.7 Wh > 422.3 Wh
3,110.0,30.0,92.23783841733618,922.3783841733621,422.3355269213965,1.2375036350746487,0.18136681168326707,66.92491502868891,2213.708122016069,False,battery 922.4 Wh > 422.3 Wh
4,110.0,30.0,88.1436597619341,661.0774482145058,422.3355269213965,0.9938897125000737,0.12998733612543134,47.965729475315705,1586.585875714814,False,battery 661.1 Wh > 422.3 Wh
5,110.0,30.0,87.02926501818818,522.1755901091291,422.3355269213965,0.847721358955329,0.10267513153161807,37.88744142072254,1253.22141626191,False,battery 522.2 Wh > 422.3 Wh
6,110.0,30.0,87.40476223027028,437.0238111513514,422.3355269213965,0.7502757899254989,0.08593177877777927,31.70909241658989,1048.8571467632435,False,battery 437.0 Wh > 422.3 Wh
2,110.0,32.0,103.78147685187861,1660.503629630058,422.3355269213965,1.7247314802237983,0.30609751742948965,112.95093161937751,3736.1331666676306,False,CL 1.725 > CLmax 1.595; battery 1660.5 Wh > 422.3 Wh
3,110.0,32.0,92.23783841733618,983.8702764515863,422.3355269213965,1.2375036350746487,0.18136681168326707,66.92491502868891,2213.708122016069,False,battery 983.9 Wh > 422.3 Wh
4,110.0,32.0,88.1436597619341,705.1492780954728,422.3355269213965,0.9938897125000737,0.12998733612543134,47.965729475315705,1586.585875714814,False,battery 705.1 Wh > 422.3 Wh
5,110.0,32.0,87.02926501818818,556.9872961164044,422.3355269213965,0.847721358955329,0.10267513153161807,37.88744142072254,1253.22141626191,False,battery 557.0 Wh > 422.3 Wh
6,110.0,32.0,87.40476223027028,466.15873189477486,422.3355269213965,0.7502757899254989,0.08593177877777927,31.70909241658989,1048.8571467632435,False,battery 466.2 Wh > 422.3 Wh
2,110.0,34.0,103.78147685187861,1764.2851064819367,422.3355269213965,1.7247314802237983,0.30609751742948965,112.95093161937751,3736.1331666676306,False,CL 1.725 > CLmax 1.595; battery 1764.3 Wh > 422.3 Wh
3,110.0,34.0,92.23783841733618,1045.3621687298103,422.3355269213965,1.2375036350746487,0.18136681168326707,66.92491502868891,2213.708122016069,False,battery 1045.4 Wh > 422.3 Wh
4,110.0,34.0,88.1436597619341,749.22110797644,422.3355269213965,0.9938897125000737,0.12998733612543134,47.965729475315705,1586.585875714814,False,battery 749.2 Wh > 422.3 Wh
5,110.0,34.0,87.02926501818818,591.7990021236798,422.3355269213965,0.847721358955329,0.10267513153161807,37.88744142072254,1253.22141626191,False,battery 591.8 Wh > 422.3 Wh
6,110.0,34.0,87.40476223027028,495.2936526381983,422.3355269213965,0.7502757899254989,0.08593177877777927,31.70909241658989,1048.8571467632435,False,battery 495.3 Wh > 422.3 Wh
2,110.0,36.0,103.78147685187861,1868.066583333815,422.3355269213965,1.7247314802237983,0.30609751742948965,112.95093161937751,3736.1331666676306,False,CL 1.725 > CLmax 1.595; battery 1868.1 Wh > 422.3 Wh
3,110.0,36.0,92.23783841733618,1106.8540610080345,422.3355269213965,1.2375036350746487,0.18136681168326707,66.92491502868891,2213.708122016069,False,battery 1106.9 Wh > 422.3 Wh
4,110.0,36.0,88.1436597619341,793.292937857407,422.3355269213965,0.9938897125000737,0.12998733612543134,47.965729475315705,1586.585875714814,False,battery 793.3 Wh > 422.3 Wh
5,110.0,36.0,87.02926501818818,626.610708130955,422.3355269213965,0.847721358955329,0.10267513153161807,37.88744142072254,1253.22141626191,False,battery 626.6 Wh > 422.3 Wh
6,110.0,36.0,87.40476223027028,524.4285733816217,422.3355269213965,0.7502757899254989,0.08593177877777927,31.70909241658989,1048.8571467632435,False,battery 524.4 Wh > 422.3 Wh
2,110.0,38.0,103.78147685187861,1971.848060185694,422.3355269213965,1.7247314802237983,0.30609751742948965,112.95093161937751,3736.1331666676306,False,CL 1.725 > CLmax 1.595; battery 1971.8 Wh > 422.3 Wh
3,110.0,38.0,92.23783841733618,1168.3459532862587,422.3355269213965,1.2375036350746487,0.18136681168326707,66.92491502868891,2213.708122016069,False,battery 1168.3 Wh > 422.3 Wh
4,110.0,38.0,88.1436597619341,837.3647677383741,422.3355269213965,0.9938897125000737,0.12998733612543134,47.965729475315705,1586.585875714814,False,battery 837.4 Wh > 422.3 Wh
5,110.0,38.0,87.02926501818818,661.4224141382302,422.3355269213965,0.847721358955329,0.10267513153161807,37.88744142072254,1253.22141626191,False,battery 661.4 Wh > 422.3 Wh
6,110.0,38.0,87.40476223027028,553.5634941250452,422.3355269213965,0.7502757899254989,0.08593177877777927,31.70909241658989,1048.8571467632435,False,battery 553.6 Wh > 422.3 Wh
2,110.0,40.0,103.78147685187861,2075.6295370375724,422.3355269213965,1.7247314802237983,0.30609751742948965,112.95093161937751,3736.1331666676306,False,CL 1.725 > CLmax 1.595; battery 2075.6 Wh > 422.3 Wh
3,110.0,40.0,92.23783841733618,1229.8378455644827,422.3355269213965,1.2375036350746487,0.18136681168326707,66.92491502868891,2213.708122016069,False,battery 1229.8 Wh > 422.3 Wh
4,110.0,40.0,88.1436597619341,881.4365976193411,422.3355269213965,0.9938897125000737,0.12998733612543134,47.965729475315705,1586.585875714814,False,battery 881.4 Wh > 422.3 Wh
5,110.0,40.0,87.02926501818818,696.2341201455056,422.3355269213965,0.847721358955329,0.10267513153161807,37.88744142072254,1253.22141626191,False,battery 696.2 Wh > 422.3 Wh
6,110.0,40.0,87.40476223027028,582.6984148684686,422.3355269213965,0.7502757899254989,0.08593177877777927,31.70909241658989,1048.8571467632435,False,battery 582.7 Wh > 422.3 Wh
2,115.0,2.0,108.66841558068948,108.6684155806895,422.3355269213965,1.791171640925955,0.32051126310063693,118.26964839745749,3912.062960904822,False,CL 1.791 > CLmax 1.595
3,115.0,2.0,95.73954702192678,63.826364681284524,422.3355269213965,1.2817970755427532,0.1882522042288397,69.46564619540507,2297.749128526243,True,
4,115.0,2.0,90.95275330441454,45.47637665220727,422.3355269213965,1.0271097928511521,0.1341299663214137,49.49437284335137,1637.1495594794617,True,
5,115.0,2.0,89.4227895234025,35.769115809361004,422.3355269213965,0.8742974232361915,0.10549895686606932,38.92944171179037,1287.688169136996,True,
6,115.0,2.0,89.52124071064057,29.840413570213528,422.3355269213965,0.7724225101595513,0.08801258943296944,32.476917990612705,1074.254888527687,True,
2,115.0,4.0,108.66841558068948,217.336831161379,422.3355269213965,1.791171640925955,0.32051126310063693,118.26964839745749,3912.062960904822,False,CL 1.791 > CLmax 1.595
3,115.0,4.0,95.73954702192678,127.65272936256905,422.3355269213965,1.2817970755427532,0.1882522042288397,69.46564619540507,2297.749128526243,True,
4,115.0,4.0,90.95275330441454,90.95275330441454,422.3355269213965,1.0271097928511521,0.1341299663214137,49.49437284335137,1637.1495594794617,True,
5,115.0,4.0,89.4227895234025,71.53823161872201,422.3355269213965,0.8742974232361915,0.10549895686606932,38.92944171179037,1287.688169136996,True,
6,115.0,4.0,89.52124071064057,59.680827140427056,422.3355269213965,0.7724225101595513,0.08801258943296944,32.476917990612705,1074.254888527687,True,
2,115.0,6.0,108.66841558068948,326.0052467420685,422.3355269213965,1.791171640925955,0.32051126310063693,118.26964839745749,3912.062960904822,False,CL 1.791 > CLmax 1.595
3,115.0,6.0,95.73954702192678,191.4790940438536,422.3355269213965,1.2817970755427532,0.1882522042288397,69.46564619540507,2297.749128526243,True,
4,115.0,6.0,90.95275330441454,136.4291299566218,422.3355269213965,1.0271097928511521,0.1341299663214137,49.49437284335137,1637.1495594794617,True,
5,115.0,6.0,89.4227895234025,107.307347428083,422.3355269213965,0.8742974232361915,0.10549895686606932,38.92944171179037,1287.688169136996,True,
6,115.0,6.0,89.52124071064057,89.52124071064058,422.3355269213965,0.7724225101595513,0.08801258943296944,32.476917990612705,1074.254888527687,True,
2,115.0,8.0,108.66841558068948,434.673662322758,422.3355269213965,1.791171640925955,0.32051126310063693,118.26964839745749,3912.062960904822,False,CL 1.791 > CLmax 1.595; battery 434.7 Wh > 422.3 Wh
3,115.0,8.0,95.73954702192678,255.3054587251381,422.3355269213965,1.2817970755427532,0.1882522042288397,69.46564619540507,2297.749128526243,True,
4,115.0,8.0,90.95275330441454,181.90550660882909,422.3355269213965,1.0271097928511521,0.1341299663214137,49.49437284335137,1637.1495594794617,True,
5,115.0,8.0,89.4227895234025,143.07646323744402,422.3355269213965,0.8742974232361915,0.10549895686606932,38.92944171179037,1287.688169136996,True,
6,115.0,8.0,89.52124071064057,119.36165428085411,422.3355269213965,0.7724225101595513,0.08801258943296944,32.476917990612705,1074.254888527687,True,
2,115.0,10.0,108.66841558068948,543.3420779034475,422.3355269213965,1.791171640925955,0.32051126310063693,118.26964839745749,3912.062960904822,False,CL 1.791 > CLmax 1.595; battery 543.3 Wh > 422.3 Wh
3,115.0,10.0,95.73954702192678,319.13182340642265,422.3355269213965,1.2817970755427532,0.1882522042288397,69.46564619540507,2297.749128526243,True,
4,115.0,10.0,90.95275330441454,227.38188326103634,422.3355269213965,1.0271097928511521,0.1341299663214137,49.49437284335137,1637.1495594794617,True,
5,115.0,10.0,89.4227895234025,178.845579046805,422.3355269213965,0.8742974232361915,0.10549895686606932,38.92944171179037,1287.688169136996,True,
6,115.0,10.0,89.52124071064057,149.20206785106762,422.3355269213965,0.7724225101595513,0.08801258943296944,32.476917990612705,1074.254888527687,True,
2,115.0,12.0,108.66841558068948,652.010493484137,422.3355269213965,1.791171640925955,0.32051126310063693,118.26964839745749,3912.062960904822,False,CL 1.791 > CLmax 1.595; battery 652.0 Wh > 422.3 Wh
3,115.0,12.0,95.73954702192678,382.9581880877072,422.3355269213965,1.2817970755427532,0.1882522042288397,69.46564619540507,2297.749128526243,True,
4,115.0,12.0,90.95275330441454,272.8582599132436,422.3355269213965,1.0271097928511521,0.1341299663214137,49.49437284335137,1637.1495594794617,True,
5,115.0,12.0,89.4227895234025,214.614694856166,422.3355269213965,0.8742974232361915,0.10549895686606932,38.92944171179037,1287.688169136996,True,
6,115.0,12.0,89.52124071064057,179.04248142128117,422.3355269213965,0.7724225101595513,0.08801258943296944,32.476917990612705,1074.254888527687,True,
2,115.0,14.0,108.66841558068948,760.6789090648265,422.3355269213965,1.791171640925955,0.32051126310063693,118.26964839745749,3912.062960904822,False,CL 1.791 > CLmax 1.595; battery 760.7 Wh > 422.3 Wh
3,115.0,14.0,95.73954702192678,446.7845527689917,422.3355269213965,1.2817970755427532,0.1882522042288397,69.46564619540507,2297.749128526243,False,battery 446.8 Wh > 422.3 Wh
4,115.0,14.0,90.95275330441454,318.33463656545086,422.3355269213965,1.0271097928511521,0.1341299663214137,49.49437284335137,1637.1495594794617,True,
5,115.0,14.0,89.4227895234025,250.383810665527,422.3355269213965,0.8742974232361915,0.10549895686606932,38.92944171179037,1287.688169136996,True,
6,115.0,14.0,89.52124071064057,208.88289499149468,422.3355269213965,0.7724225101595513,0.08801258943296944,32.476917990612705,1074.254888527687,True,
2,115.0,16.0,108.66841558068948,869.347324645516,422.3355269213965,1.791171640925955,0.32051126310063693,118.26964839745749,3912.062960904822,False,CL 1.791 > CLmax 1.595; battery 869.3 Wh > 422.3 Wh
3,115.0,16.0,95.73954702192678,510.6109174502762,422.3355269213965,1.2817970755427532,0.1882522042288397,69.46564619540507,2297.749128526243,False,battery 510.6 Wh > 422.3 Wh
4,115.0,16.0,90.95275330441454,363.81101321765817,422.3355269213965,1.0271097928511521,0.1341299663214137,49.49437284335137,1637.1495594794617,True,
5,115.0,16.0,89.4227895234025,286.15292647488803,422.3355269213965,0.8742974232361915,0.10549895686606932,38.92944171179037,1287.688169136996,True,
6,115.0,16.0,89.52124071064057,238.72330856170822,422.3355269213965,0.7724225101595513,0.08801258943296944,32.476917990612705,1074.254888527687,True,
2,115.0,18.0,108.66841558068948,978.0157402262055,422.3355269213965,1.791171640925955,0.32051126310063693,118.26964839745749,3912.062960904822,False,CL 1.791 > CLmax 1.595; battery 978.0 Wh > 422.3 Wh
3,115.0,18.0,95.73954702192678,574.4372821315608,422.3355269213965,1.2817970755427532,0.1882522042288397,69.46564619540507,2297.749128526243,False,battery 574.4 Wh > 422.3 Wh
4,115.0,18.0,90.95275330441454,409.2873898698654,422.3355269213965,1.0271097928511521,0.1341299663214137,49.49437284335137,1637.1495594794617,True,
5,115.0,18.0,89.4227895234025,321.922042284249,422.3355269213965,0.8742974232361915,0.10549895686606932,38.92944171179037,1287.688169136996,True,
6,115.0,18.0,89.52124071064057,268.56372213192174,422.3355269213965,0.7724225101595513,0.08801258943296944,32.476917990612705,1074.254888527687,True,
2,115.0,20.0,108.66841558068948,1086.684155806895,422.3355269213965,1.791171640925955,0.32051126310063693,118.26964839745749,3912.062960904822,False,CL 1.791 > CLmax 1.595; battery 1086.7 Wh > 422.3 Wh
3,115.0,20.0,95.73954702192678,638.2636468128453,422.3355269213965,1.2817970755427532,0.1882522042288397,69.46564619540507,2297.749128526243,False,battery 638.3 Wh > 422.3 Wh
4,115.0,20.0,90.95275330441454,454.7637665220727,422.3355269213965,1.0271097928511521,0.1341299663214137,49.49437284335137,1637.1495594794617,False,battery 454.8 Wh > 422.3 Wh
5,115.0,20.0,89.4227895234025,357.69115809361,422.3355269213965,0.8742974232361915,0.10549895686606932,38.92944171179037,1287.688169136996,True,
6,115.0,20.0,89.52124071064057,298.40413570213525,422.3355269213965,0.7724225101595513,0.08801258943296944,32.476917990612705,1074.254888527687,True,
2,115.0,22.0,108.66841558068948,1195.3525713875845,422.3355269213965,1.791171640925955,0.32051126310063693,118.26964839745749,3912.062960904822,False,CL 1.791 > CLmax 1.595; battery 1195.4 Wh > 422.3 Wh
3,115.0,22.0,95.73954702192678,702.0900114941298,422.3355269213965,1.2817970755427532,0.1882522042288397,69.46564619540507,2297.749128526243,False,battery 702.1 Wh > 422.3 Wh
4,115.0,22.0,90.95275330441454,500.24014317428,422.3355269213965,1.0271097928511521,0.1341299663214137,49.49437284335137,1637.1495594794617,False,battery 500.2 Wh > 422.3 Wh
5,115.0,22.0,89.4227895234025,393.46027390297104,422.3355269213965,0.8742974232361915,0.10549895686606932,38.92944171179037,1287.688169136996,True,
6,115.0,22.0,89.52124071064057,328.2445492723488,422.3355269213965,0.7724225101595513,0.08801258943296944,32.476917990612705,1074.254888527687,True,
2,115.0,24.0,108.66841558068948,1304.020986968274,422.3355269213965,1.791171640925955,0.32051126310063693,118.26964839745749,3912.062960904822,False,CL 1.791 > CLmax 1.595; battery 1304.0 Wh > 422.3 Wh
3,115.0,24.0,95.73954702192678,765.9163761754144,422.3355269213965,1.2817970755427532,0.1882522042288397,69.46564619540507,2297.749128526243,False,battery 765.9 Wh > 422.3 Wh
4,115.0,24.0,90.95275330441454,545.7165198264872,422.3355269213965,1.0271097928511521,0.1341299663214137,49.49437284335137,1637.1495594794617,False,battery 545.7 Wh > 422.3 Wh
5,115.0,24.0,89.4227895234025,429.229389712332,422.3355269213965,0.8742974232361915,0.10549895686606932,38.92944171179037,1287.688169136996,False,battery 429.2 Wh > 422.3 Wh
6,115.0,24.0,89.52124071064057,358.08496284256233,422.3355269213965,0.7724225101595513,0.08801258943296944,32.476917990612705,1074.254888527687,True,
2,115.0,26.0,108.66841558068948,1412.6894025489635,422.3355269213965,1.791171640925955,0.32051126310063693,118.26964839745749,3912.062960904822,False,CL 1.791 > CLmax 1.595; battery 1412.7 Wh > 422.3 Wh
3,115.0,26.0,95.73954702192678,829.7427408566989,422.3355269213965,1.2817970755427532,0.1882522042288397,69.46564619540507,2297.749128526243,False,battery 829.7 Wh > 422.3 Wh
4,115.0,26.0,90.95275330441454,591.1928964786945,422.3355269213965,1.0271097928511521,0.1341299663214137,49.49437284335137,1637.1495594794617,False,battery 591.2 Wh > 422.3 Wh
5,115.0,26.0,89.4227895234025,464.998505521693,422.3355269213965,0.8742974232361915,0.10549895686606932,38.92944171179037,1287.688169136996,False,battery 465.0 Wh > 422.3 Wh
6,115.0,26.0,89.52124071064057,387.92537641277585,422.3355269213965,0.7724225101595513,0.08801258943296944,32.476917990612705,1074.254888527687,True,
2,115.0,28.0,108.66841558068948,1521.357818129653,422.3355269213965,1.791171640925955,0.32051126310063693,118.26964839745749,3912.062960904822,False,CL 1.791 > CLmax 1.595; battery 1521.4 Wh > 422.3 Wh
3,115.0,28.0,95.73954702192678,893.5691055379834,422.3355269213965,1.2817970755427532,0.1882522042288397,69.46564619540507,2297.749128526243,False,battery 893.6 Wh > 422.3 Wh
4,115.0,28.0,90.95275330441454,636.6692731309017,422.3355269213965,1.0271097928511521,0.1341299663214137,49.49437284335137,1637.1495594794617,False,battery 636.7 Wh > 422.3 Wh
5,115.0,28.0,89.4227895234025,500.767621331054,422.3355269213965,0.8742974232361915,0.10549895686606932,38.92944171179037,1287.688169136996,False,battery 500.8 Wh > 422.3 Wh
6,115.0,28.0,89.52124071064057,417.76578998298936,422.3355269213965,0.7724225101595513,0.08801258943296944,32.476917990612705,1074.254888527687,True,
2,115.0,30.0,108.66841558068948,1630.0262337103425,422.3355269213965,1.791171640925955,0.32051126310063693,118.26964839745749,3912.062960904822,False,CL 1.791 > CLmax 1.595; battery 1630.0 Wh > 422.3 Wh
3,115.0,30.0,95.73954702192678,957.395470219268,422.3355269213965,1.2817970755427532,0.1882522042288397,69.46564619540507,2297.749128526243,False,battery 957.4 Wh > 422.3 Wh
4,115.0,30.0,90.95275330441454,682.145649783109,422.3355269213965,1.0271097928511521,0.1341299663214137,49.49437284335137,1637.1495594794617,False,battery 682.1 Wh > 422.3 Wh
5,115.0,30.0,89.4227895234025,536.5367371404151,422.3355269213965,0.8742974232361915,0.10549895686606932,38.92944171179037,1287.688169136996,False,battery 536.5 Wh > 422.3 Wh
6,115.0,30.0,89.52124071064057,447.6062035532029,422.3355269213965,0.7724225101595513,0.08801258943296944,32.476917990612705,1074.254888527687,False,battery 447.6 Wh > 422.3 Wh
2,115.0,32.0,108.66841558068948,1738.694649291032,422.3355269213965,1.791171640925955,0.32051126310063693,118.26964839745749,3912.062960904822,False,CL 1.791 > CLmax 1.595; battery 1738.7 Wh > 422.3 Wh
3,115.0,32.0,95.73954702192678,1021.2218349005524,422.3355269213965,1.2817970755427532,0.1882522042288397,69.46564619540507,2297.749128526243,False,battery 1021.2 Wh > 422.3 Wh
4,115.0,32.0,90.95275330441454,727.6220264353163,422.3355269213965,1.0271097928511521,0.1341299663214137,49.49437284335137,1637.1495594794617,False,battery 727.6 Wh > 422.3 Wh
5,115.0,32.0,89.4227895234025,572.3058529497761,422.3355269213965,0.8742974232361915,0.10549895686606932,38.92944171179037,1287.688169136996,False,battery 572.3 Wh > 422.3 Wh
6,115.0,32.0,89.52124071064057,477.44661712341644,422.3355269213965,0.7724225101595513,0.08801258943296944,32.476917990612705,1074.254888527687,False,battery 477.4 Wh > 422.3 Wh
2,115.0,34.0,108.66841558068948,1847.3630648717215,422.3355269213965,1.791171640925955,0.32051126310063693,118.26964839745749,3912.062960904822,False,CL 1.791 > CLmax 1.595; battery 1847.4 Wh > 422.3 Wh
3,115.0,34.0,95.73954702192678,1085.048199581837,422.3355269213965,1.2817970755427532,0.1882522042288397,69.46564619540507,2297.749128526243,False,battery 1085.0 Wh > 422.3 Wh
4,115.0,34.0,90.95275330441454,773.0984030875236,422.3355269213965,1.0271097928511521,0.1341299663214137,49.49437284335137,1637.1495594794617,False,battery 773.1 Wh > 422.3 Wh
5,115.0,34.0,89.4227895234025,608.074968759137,422.3355269213965,0.8742974232361915,0.10549895686606932,38.92944171179037,1287.688169136996,False,battery 608.1 Wh > 422.3 Wh
6,115.0,34.0,89.52124071064057,507.28703069362996,422.3355269213965,0.7724225101595513,0.08801258943296944,32.476917990612705,1074.254888527687,False,battery 507.3 Wh > 422.3 Wh
2,115.0,36.0,108.66841558068948,1956.031480452411,422.3355269213965,1.791171640925955,0.32051126310063693,118.26964839745749,3912.062960904822,False,CL 1.791 > CLmax 1.595; battery 1956.0 Wh > 422.3 Wh
3,115.0,36.0,95.73954702192678,1148.8745642631216,422.3355269213965,1.2817970755427532,0.1882522042288397,69.46564619540507,2297.749128526243,False,battery 1148.9 Wh > 422.3 Wh
4,115.0,36.0,90.95275330441454,818.5747797397308,422.3355269213965,1.0271097928511521,0.1341299663214137,49.49437284335137,1637.1495594794617,False,battery 818.6 Wh > 422.3 Wh
5,115.0,36.0,89.4227895234025,643.844084568498,422.3355269213965,0.8742974232361915,0.10549895686606932,38.92944171179037,1287.688169136996,False,battery 643.8 Wh > 422.3 Wh
6,115.0,36.0,89.52124071064057,537.1274442638435,422.3355269213965,0.7724225101595513,0.08801258943296944,32.476917990612705,1074.254888527687,False,battery 537.1 Wh > 422.3 Wh
2,115.0,38.0,108.66841558068948,2064.6998960331002,422.3355269213965,1.791171640925955,0.32051126310063693,118.26964839745749,3912.062960904822,False,CL 1.791 > CLmax 1.595; battery 2064.7 Wh > 422.3 Wh
3,115.0,38.0,95.73954702192678,1212.700928944406,422.3355269213965,1.2817970755427532,0.1882522042288397,69.46564619540507,2297.749128526243,False,battery 1212.7 Wh > 422.3 Wh
4,115.0,38.0,90.95275330441454,864.0511563919381,422.3355269213965,1.0271097928511521,0.1341299663214137,49.49437284335137,1637.1495594794617,False,battery 864.1 Wh > 422.3 Wh
5,115.0,38.0,89.4227895234025,679.613200377859,422.3355269213965,0.8742974232361915,0.10549895686606932,38.92944171179037,1287.688169136996,False,battery 679.6 Wh > 422.3 Wh
6,115.0,38.0,89.52124071064057,566.967857834057,422.3355269213965,0.7724225101595513,0.08801258943296944,32.476917990612705,1074.254888527687,False,battery 567.0 Wh > 422.3 Wh
2,115.0,40.0,108.66841558068948,2173.36831161379,422.3355269213965,1.791171640925955,0.32051126310063693,118.26964839745749,3912.062960904822,False,CL 1.791 > CLmax 1.595; battery 2173.4 Wh > 422.3 Wh
3,115.0,40.0,95.73954702192678,1276.5272936256906,422.3355269213965,1.2817970755427532,0.1882522042288397,69.46564619540507,2297.749128526243,False,battery 1276.5 Wh > 422.3 Wh
4,115.0,40.0,90.95275330441454,909.5275330441453,422.3355269213965,1.0271097928511521,0.1341299663214137,49.49437284335137,1637.1495594794617,False,battery 909.5 Wh > 422.3 Wh
5,115.0,40.0,89.4227895234025,715.38231618722,422.3355269213965,0.8742974232361915,0.10549895686606932,38.92944171179037,1287.688169136996,False,battery 715.4 Wh > 422.3 Wh
6,115.0,40.0,89.52124071064057,596.8082714042705,422.3355269213965,0.7724225101595513,0.08801258943296944,32.476917990612705,1074.254888527687,False,battery 596.8 Wh > 422.3 Wh
2,120.0,2.0,113.74005165939641,113.74005165939643,422.3355269213965,1.8576118016281118,0.3354697630188227,123.78938117927157,4094.6418597382713,False,CL 1.858 > CLmax 1.595
3,120.0,2.0,99.36438719311472,66.2429247954098,422.3355269213965,1.3260905160108576,0.19537970977309604,72.09571780822525,2384.7452926347532,True,
4,120.0,2.0,93.85419552184297,46.927097760921484,422.3355269213965,1.0603298732022304,0.13840878507915563,51.07327021232055,1689.3755193931736,True,
5,120.0,2.0,91.89019296857525,36.75607718743011,422.3355269213965,0.9008734875170542,0.10840994288004674,40.00360456345566,1323.2187787474838,True,
6,120.0,2.0,91.69928497430952,30.566428324769845,422.3355269213965,0.7945692303936035,0.09015392833783054,33.26707867616153,1100.3914196917144,True,
2,120.0,4.0,113.74005165939641,227.48010331879286,422.3355269213965,1.8576118016281118,0.3354697630188227,123.78938117927157,4094.6418597382713,False,CL 1.858 > CLmax 1.595
3,120.0,4.0,99.36438719311472,132.4858495908196,422.3355269213965,1.3260905160108576,0.19537970977309604,72.09571780822525,2384.7452926347532,True,
4,120.0,4.0,93.85419552184297,93.85419552184297,422.3355269213965,1.0603298732022304,0.13840878507915563,51.07327021232055,1689.3755193931736,True,
5,120.0,4.0,91.89019296857525,73.51215437486022,422.3355269213965,0.9008734875170542,0.10840994288004674,40.00360456345566,1323.2187787474838,True,
6,120.0,4.0,91.69928497430952,61.13285664953969,422.3355269213965,0.7945692303936035,0.09015392833783054,33.26707867616153,1100.3914196917144,True,
2,120.0,6.0,113.74005165939641,341.22015497818927,422.3355269213965,1.8576118016281118,0.3354697630188227,123.78938117927157,4094.6418597382713,False,CL 1.858 > CLmax 1.595
3,120.0,6.0,99.36438719311472,198.72877438622945,422.3355269213965,1.3260905160108576,0.19537970977309604,72.09571780822525,2384.7452926347532,True,
4,120.0,6.0,93.85419552184297,140.78129328276447,422.3355269213965,1.0603298732022304,0.13840878507915563,51.07327021232055,1689.3755193931736,True,
5,120.0,6.0,91.89019296857525,110.26823156229031,422.3355269213965,0.9008734875170542,0.10840994288004674,40.00360456345566,1323.2187787474838,True,
6,120.0,6.0,91.69928497430952,91.69928497430953,422.3355269213965,0.7945692303936035,0.09015392833783054,33.26707867616153,1100.3914196917144,True,
2,120.0,8.0,113.74005165939641,454.9602066375857,422.3355269213965,1.8576118016281118,0.3354697630188227,123.78938117927157,4094.6418597382713,False,CL 1.858 > CLmax 1.595; battery 455.0 Wh > 422.3 Wh
3,120.0,8.0,99.36438719311472,264.9716991816392,422.3355269213965,1.3260905160108576,0.19537970977309604,72.09571780822525,2384.7452926347532,True,
4,120.0,8.0,93.85419552184297,187.70839104368594,422.3355269213965,1.0603298732022304,0.13840878507915563,51.07327021232055,1689.3755193931736,True,
5,120.0,8.0,91.89019296857525,147.02430874972043,422.3355269213965,0.9008734875170542,0.10840994288004674,40.00360456345566,1323.2187787474838,True,
6,120.0,8.0,91.69928497430952,122.26571329907938,422.3355269213965,0.7945692303936035,0.09015392833783054,33.26707867616153,1100.3914196917144,True,
2,120.0,10.0,113.74005165939641,568.700258296982,422.3355269213965,1.8576118016281118,0.3354697630188227,123.78938117927157,4094.6418597382713,False,CL 1.858 > CLmax 1.595; battery 568.7 Wh > 422.3 Wh
3,120.0,10.0,99.36438719311472,331.21462397704903,422.3355269213965,1.3260905160108576,0.19537970977309604,72.09571780822525,2384.7452926347532,True,
4,120.0,10.0,93.85419552184297,234.63548880460743,422.3355269213965,1.0603298732022304,0.13840878507915563,51.07327021232055,1689.3755193931736,True,
5,120.0,10.0,91.89019296857525,183.78038593715056,422.3355269213965,0.9008734875170542,0.10840994288004674,40.00360456345566,1323.2187787474838,True,
6,120.0,10.0,91.69928497430952,152.83214162384922,422.3355269213965,0.7945692303936035,0.09015392833783054,33.26707867616153,1100.3914196917144,True,
2,120.0,12.0,113.74005165939641,682.4403099563785,422.3355269213965,1.8576118016281118,0.3354697630188227,123.78938117927157,4094.6418597382713,False,CL 1.858 > CLmax 1.595; battery 682.4 Wh > 422.3 Wh
3,120.0,12.0,99.36438719311472,397.4575487724589,422.3355269213965,1.3260905160108576,0.19537970977309604,72.09571780822525,2384.7452926347532,True,
4,120.0,12.0,93.85419552184297,281.56258656552893,422.3355269213965,1.0603298732022304,0.13840878507915563,51.07327021232055,1689.3755193931736,True,
5,120.0,12.0,91.89019296857525,220.53646312458062,422.3355269213965,0.9008734875170542,0.10840994288004674,40.00360456345566,1323.2187787474838,True,
6,120.0,12.0,91.69928497430952,183.39856994861907,422.3355269213965,0.7945692303936035,0.09015392833783054,33.26707867616153,1100.3914196917144,True,
2,120.0,14.0,113.74005165939641,796.1803616157749,422.3355269213965,1.8576118016281118,0.3354697630188227,123.78938117927157,4094.6418597382713,False,CL 1.858 > CLmax 1.595; battery 796.2 Wh > 422.3 Wh
3,120.0,14.0,99.36438719311472,463.7004735678687,422.3355269213965,1.3260905160108576,0.19537970977309604,72.09571780822525,2384.7452926347532,False,battery 463.7 Wh > 422.3 Wh
4,120.0,14.0,93.85419552184297,328.48968432645046,422.3355269213965,1.0603298732022304,0.13840878507915563,51.07327021232055,1689.3755193931736,True,
5,120.0,14.0,91.89019296857525,257.2925403120107,422.3355269213965,0.9008734875170542,0.10840994288004674,40.00360456345566,1323.2187787474838,True,
6,120.0,14.0,91.69928497430952,213.96499827338891,422.3355269213965,0.7945692303936035,0.09015392833783054,33.26707867616153,1100.3914196917144,True,
2,120.0,16.0,113.74005165939641,909.9204132751714,422.3355269213965,1.8576118016281118,0.3354697630188227,123.78938117927157,4094.6418597382713,False,CL 1.858 > CLmax 1.595; battery 909.9 Wh > 422.3 Wh
3,120.0,16.0,99.36438719311472,529.9433983632784,422.3355269213965,1.3260905160108576,0.19537970977309604,72.09571780822525,2384.7452926347532,False,battery 529.9 Wh > 422.3 Wh
4,120.0,16.0,93.85419552184297,375.41678208737187,422.3355269213965,1.0603298732022304,0.13840878507915563,51.07327021232055,1689.3755193931736,True,
5,120.0,16.0,91.89019296857525,294.04861749944087,422.3355269213965,0.9008734875170542,0.10840994288004674,40.00360456345566,1323.2187787474838,True,
6,120.0,16.0,91.69928497430952,244.53142659815876,422.3355269213965,0.7945692303936035,0.09015392833783054,33.26707867616153,1100.3914196917144,True,
2,120.0,18.0,113.74005165939641,1023.6604649345678,422.3355269213965,1.8576118016281118,0.3354697630188227,123.78938117927157,4094.6418597382713,False,CL 1.858 > CLmax 1.595; battery 1023.7 Wh > 422.3 Wh
3,120.0,18.0,99.36438719311472,596.1863231586883,422.3355269213965,1.3260905160108576,0.19537970977309604,72.09571780822525,2384.7452926347532,False,battery 596.2 Wh > 422.3 Wh
4,120.0,18.0,93.85419552184297,422.3438798482934,422.3355269213965,1.0603298732022304,0.13840878507915563,51.07327021232055,1689.3755193931736,False,battery 422.3 Wh > 422.3 Wh
5,120.0,18.0,91.89019296857525,330.80469468687096,422.3355269213965,0.9008734875170542,0.10840994288004674,40.00360456345566,1323.2187787474838,True,
6,120.0,18.0,91.69928497430952,275.0978549229286,422.3355269213965,0.7945692303936035,0.09015392833783054,33.26707867616153,1100.3914196917144,True,
2,120.0,20.0,113.74005165939641,1137.400516593964,422.3355269213965,1.8576118016281118,0.3354697630188227,123.78938117927157,4094.6418597382713,False,CL 1.858 > CLmax 1.595; battery 1137.4 Wh > 422.3 Wh
3,120.0,20.0,99.36438719311472,662.4292479540981,422.3355269213965,1.3260905160108576,0.19537970977309604,72.09571780822525,2384.7452926347532,False,battery 662.4 Wh > 422.3 Wh
4,120.0,20.0,93.85419552184297,469.27097760921487,422.3355269213965,1.0603298732022304,0.13840878507915563,51.07327021232055,1689.3755193931736,False,battery 469.3 Wh > 422.3 Wh
5,120.0,20.0,91.89019296857525,367.5607718743011,422.3355269213965,0.9008734875170542,0.10840994288004674,40.00360456345566,1323.2187787474838,True,
6,120.0,20.0,91.69928497430952,305.66428324769845,422.3355269213965,0.7945692303936035,0.09015392833783054,33.26707867616153,1100.3914196917144,True,
2,120.0,22.0,113.74005165939641,1251.1405682533607,422.3355269213965,1.8576118016281118,0.3354697630188227,123.78938117927157,4094.6418597382713,False,CL 1.858 > CLmax 1.595; battery 1251.1 Wh > 422.3 Wh
3,120.0,22.0,99.36438719311472,728.6721727495079,422.3355269213965,1.3260905160108576,0.19537970977309604,72.09571780822525,2384.7452926347532,False,battery 728.7 Wh > 422.3 Wh
4,120.0,22.0,93.85419552184297,516.1980753701364,422.3355269213965,1.0603298732022304,0.13840878507915563,51.07327021232055,1689.3755193931736,False,battery 516.2 Wh > 422.3 Wh
5,120.0,22.0,91.89019296857525,404.3168490617312,422.3355269213965,0.9008734875170542,0.10840994288004674,40.00360456345566,1323.2187787474838,True,
6,120.0,22.0,91.69928497430952,336.2307115724683,422.3355269213965,0.7945692303936035,0.09015392833783054,33.26707867616153,1100.3914196917144,True,
2,120.0,24.0,113.74005165939641,1364.880619912757,422.3355269213965,1.8576118016281118,0.3354697630188227,123.78938117927157,4094.6418597382713,False,CL 1.858 > CLmax 1.595; battery 1364.9 Wh > 422.3 Wh
3,120.0,24.0,99.36438719311472,794.9150975449178,422.3355269213965,1.3260905160108576,0.19537970977309604,72.09571780822525,2384.7452926347532,False,battery 794.9 Wh > 422.3 Wh
4,120.0,24.0,93.85419552184297,563.1251731310579,422.3355269213965,1.0603298732022304,0.13840878507915563,51.07327021232055,1689.3755193931736,False,battery 563.1 Wh > 422.3 Wh
5,120.0,24.0,91.89019296857525,441.07292624916124,422.3355269213965,0.9008734875170542,0.10840994288004674,40.00360456345566,1323.2187787474838,False,battery 441.1 Wh > 422.3 Wh
6,120.0,24.0,91.69928497430952,366.79713989723814,422.3355269213965,0.7945692303936035,0.09015392833783054,33.26707867616153,1100.3914196917144,True,
2,120.0,26.0,113.74005165939641,1478.6206715721535,422.3355269213965,1.8576118016281118,0.3354697630188227,123.78938117927157,4094.6418597382713,False,CL 1.858 > CLmax 1.595; battery 1478.6 Wh > 422.3 Wh
3,120.0,26.0,99.36438719311472,861.1580223403276,422.3355269213965,1.3260905160108576,0.19537970977309604,72.09571780822525,2384.7452926347532,False,battery 861.2 Wh > 422.3 Wh
4,120.0,26.0,93.85419552184297,610.0522708919793,422.3355269213965,1.0603298732022304,0.13840878507915563,51.07327021232055,1689.3755193931736,False,battery 610.1 Wh > 422.3 Wh
5,120.0,26.0,91.89019296857525,477.8290034365914,422.3355269213965,0.9008734875170542,0.10840994288004674,40.00360456345566,1323.2187787474838,False,battery 477.8 Wh > 422.3 Wh
6,120.0,26.0,91.69928497430952,397.363568222008,422.3355269213965,0.7945692303936035,0.09015392833783054,33.26707867616153,1100.3914196917144,True,
2,120.0,28.0,113.74005165939641,1592.3607232315499,422.3355269213965,1.8576118016281118,0.3354697630188227,123.78938117927157,4094.6418597382713,False,CL 1.858 > CLmax 1.595; battery 1592.4 Wh > 422.3 Wh
3,120.0,28.0,99.36438719311472,927.4009471357374,422.3355269213965,1.3260905160108576,0.19537970977309604,72.09571780822525,2384.7452926347532,False,battery 927.4 Wh > 422.3 Wh
4,120.0,28.0,93.85419552184297,656.9793686529009,422.3355269213965,1.0603298732022304,0.13840878507915563,51.07327021232055,1689.3755193931736,False,battery 657.0 Wh > 422.3 Wh
5,120.0,28.0,91.89019296857525,514.5850806240214,422.3355269213965,0.9008734875170542,0.10840994288004674,40.00360456345566,1323.2187787474838,False,battery 514.6 Wh > 422.3 Wh
6,120.0,28.0,91.69928497430952,427.92999654677783,422.3355269213965,0.7945692303936035,0.09015392833783054,33.26707867616153,1100.3914196917144,False,battery 427.9 Wh > 422.3 Wh
2,120.0,30.0,113.74005165939641,1706.1007748909465,422.3355269213965,1.8576118016281118,0.3354697630188227,123.78938117927157,4094.6418597382713,False,CL 1.858 > CLmax 1.595; battery 1706.1 Wh > 422.3 Wh
3,120.0,30.0,99.36438719311472,993.6438719311473,422.3355269213965,1.3260905160108576,0.19537970977309604,72.09571780822525,2384.7452926347532,False,battery 993.6 Wh > 422.3 Wh
4,120.0,30.0,93.85419552184297,703.9064664138224,422.3355269213965,1.0603298732022304,0.13840878507915563,51.07327021232055,1689.3755193931736,False,battery 703.9 Wh > 422.3 Wh
5,120.0,30.0,91.89019296857525,551.3411578114516,422.3355269213965,0.9008734875170542,0.10840994288004674,40.00360456345566,1323.2187787474838,False,battery 551.3 Wh > 422.3 Wh
6,120.0,30.0,91.69928497430952,458.4964248715477,422.3355269213965,0.7945692303936035,0.09015392833783054,33.26707867616153,1100.3914196917144,False,battery 458.5 Wh > 422.3 Wh
2,120.0,32.0,113.74005165939641,1819.8408265503429,422.3355269213965,1.8576118016281118,0.3354697630188227,123.78938117927157,4094.6418597382713,False,CL 1.858 > CLmax 1.595; battery 1819.8 Wh > 422.3 Wh
3,120.0,32.0,99.36438719311472,1059.886796726557,422.3355269213965,1.3260905160108576,0.19537970977309604,72.09571780822525,2384.7452926347532,False,battery 1059.9 Wh > 422.3 Wh
4,120.0,32.0,93.85419552184297,750.8335641747437,422.3355269213965,1.0603298732022304,0.13840878507915563,51.07327021232055,1689.3755193931736,False,battery 750.8 Wh > 422.3 Wh
5,120.0,32.0,91.89019296857525,588.0972349988817,422.3355269213965,0.9008734875170542,0.10840994288004674,40.00360456345566,1323.2187787474838,False,battery 588.1 Wh > 422.3 Wh
6,120.0,32.0,91.69928497430952,489.0628531963175,422.3355269213965,0.7945692303936035,0.09015392833783054,33.26707867616153,1100.3914196917144,False,battery 489.1 Wh > 422.3 Wh
2,120.0,34.0,113.74005165939641,1933.580878209739,422.3355269213965,1.8576118016281118,0.3354697630188227,123.78938117927157,4094.6418597382713,False,CL 1.858 > CLmax 1.595; battery 1933.6 Wh > 422.3 Wh
3,120.0,34.0,99.36438719311472,1126.1297215219668,422.3355269213965,1.3260905160108576,0.19537970977309604,72.09571780822525,2384.7452926347532,False,battery 1126.1 Wh > 422.3 Wh
4,120.0,34.0,93.85419552184297,797.7606619356653,422.3355269213965,1.0603298732022304,0.13840878507915563,51.07327021232055,1689.3755193931736,False,battery 797.8 Wh > 422.3 Wh
5,120.0,34.0,91.89019296857525,624.8533121863119,422.3355269213965,0.9008734875170542,0.10840994288004674,40.00360456345566,1323.2187787474838,False,battery 624.9 Wh > 422.3 Wh
6,120.0,34.0,91.69928497430952,519.6292815210874,422.3355269213965,0.7945692303936035,0.09015392833783054,33.26707867616153,1100.3914196917144,False,battery 519.6 Wh > 422.3 Wh
2,120.0,36.0,113.74005165939641,2047.3209298691356,422.3355269213965,1.8576118016281118,0.3354697630188227,123.78938117927157,4094.6418597382713,False,CL 1.858 > CLmax 1.595; battery 2047.3 Wh > 422.3 Wh
3,120.0,36.0,99.36438719311472,1192.3726463173766,422.3355269213965,1.3260905160108576,0.19537970977309604,72.09571780822525,2384.7452926347532,False,battery 1192.4 Wh > 422.3 Wh
4,120.0,36.0,93.85419552184297,844.6877596965868,422.3355269213965,1.0603298732022304,0.13840878507915563,51.07327021232055,1689.3755193931736,False,battery 844.7 Wh > 422.3 Wh
5,120.0,36.0,91.89019296857525,661.6093893737419,422.3355269213965,0.9008734875170542,0.10840994288004674,40.00360456345566,1323.2187787474838,False,battery 661.6 Wh > 422.3 Wh
6,120.0,36.0,91.69928497430952,550.1957098458572,422.3355269213965,0.7945692303936035,0.09015392833783054,33.26707867616153,1100.3914196917144,False,battery 550.2 Wh > 422.3 Wh
2,120.0,38.0,113.74005165939641,2161.060981528532,422.3355269213965,1.8576118016281118,0.3354697630188227,123.78938117927157,4094.6418597382713,False,CL 1.858 > CLmax 1.595; battery 2161.1 Wh > 422.3 Wh
3,120.0,38.0,99.36438719311472,1258.6155711127865,422.3355269213965,1.3260905160108576,0.19537970977309604,72.09571780822525,2384.7452926347532,False,battery 1258.6 Wh > 422.3 Wh
4,120.0,38.0,93.85419552184297,891.6148574575084,422.3355269213965,1.0603298732022304,0.13840878507915563,51.07327021232055,1689.3755193931736,False,battery 891.6 Wh > 422.3 Wh
5,120.0,38.0,91.89019296857525,698.3654665611721,422.3355269213965,0.9008734875170542,0.10840994288004674,40.00360456345566,1323.2187787474838,False,battery 698.4 Wh > 422.3 Wh
6,120.0,38.0,91.69928497430952,580.762138170627,422.3355269213965,0.7945692303936035,0.09015392833783054,33.26707867616153,1100.3914196917144,False,battery 580.8 Wh > 422.3 Wh
2,120.0,40.0,113.74005165939641,2274.801033187928,422.3355269213965,1.8576118016281118,0.3354697630188227,123.78938117927157,4094.6418597382713,False,CL 1.858 > CLmax 1.595; battery 2274.8 Wh > 422.3 Wh
3,120.0,40.0,99.36438719311472,1324.8584959081961,422.3355269213965,1.3260905160108576,0.19537970977309604,72.09571780822525,2384.7452926347532,False,battery 1324.9 Wh > 422.3 Wh
4,120.0,40.0,93.85419552184297,938.5419552184297,422.3355269213965,1.0603298732022304,0.13840878507915563,51.07327021232055,1689.3755193931736,False,battery 938.5 Wh > 422.3 Wh
5,120.0,40.0,91.89019296857525,735.1215437486022,422.3355269213965,0.9008734875170542,0.10840994288004674,40.00360456345566,1323.2187787474838,False,battery 735.1 Wh > 422.3 Wh
6,120.0,40.0,91.69928497430952,611.3285664953969,422.3355269213965,0.7945692303936035,0.09015392833783054,33.26707867616153,1100.3914196917144,False,battery 611.3 Wh > 422.3 Wh
