n_drones,payload_kg,payload_per_drone_kg,total_system_Wh_per_km,unconstrained_total_system_Wh_per_km,climb_energy_per_drone_Wh,total_system_climb_energy_Wh,battery_usable_fraction,total_system_battery_Wh,usable_system_battery_Wh,usable_cruise_battery_Wh,battery_limited_range_km,CL,CLmax_wing,CD_total,thrust_required_per_drone_N,thrust_available_per_drone_N,feasible,reason
3,0.0,0.0,9.790552740677805,9.790552740677805,5.351448072855684,16.054344218567053,0.8,1669.7681620465482,1335.8145296372386,1319.7601854186714,134.79935406867577,0.26117451126246033,1.5950526315789475,0.019663158192661123,7.237244819686744,183.0693838827535,True,
3,0.25,0.08333333333333333,45.4434858607435,45.4434858607435,6.592175505039524,19.776526515118572,0.8,1669.7681620465482,1335.8145296372386,1316.03800312212,28.959882328458953,0.26339485103602456,1.5950526315789475,0.0912678247054616,33.59214145976857,183.0693838827535,True,
3,0.5,0.16666666666666666,45.479499683412214,45.479499683412214,6.657164076333041,19.971492228999125,0.8,1669.7681620465482,1335.8145296372386,1315.8430374082395,28.93266299251239,0.2656151908095887,1.5950526315789475,0.09134015417561656,33.61876312847818,183.0693838827535,True,
3,0.75,0.25,45.515815817630966,45.515815817630966,6.722270498059858,20.166811494179576,0.8,1669.7681620465482,1335.8145296372386,1315.647718143059,28.905286975729233,0.2678355305831529,1.5950526315789475,0.09141309080248566,33.645608267992486,183.0693838827535,True,
3,1.0,0.3333333333333333,45.55243426339976,45.55243426339976,6.787494280708554,20.36248284212566,0.8,1669.7681620465482,1335.8145296372386,1315.452046795113,28.87775523013148,0.2700558703567171,1.5950526315789475,0.09148663458606895,33.672676878311506,183.0693838827535,True,
3,1.25,0.4166666666666667,45.5893550207186,45.5893550207186,6.852834940817345,20.558504822452033,0.8,1669.7681620465482,1335.8145296372386,1315.2560248147865,28.85006871049291,0.2722762101302812,1.5950526315789475,0.09156078552636643,33.69996895943523,183.0693838827535,True,
3,1.5,0.5,45.626578089587476,45.626578089587476,6.918292000850484,20.754876002551452,0.8,1669.7681620465482,1335.8145296372386,1315.059653634687,28.822228374272914,0.27449654990384537,1.5950526315789475,0.09163554362337806,33.727484511363656,183.0693838827535,True,
3,1.75,0.5833333333333334,45.6641034700064,45.6641034700064,6.9838649890781905,20.95159496723457,0.8,1669.7681620465482,1335.8145296372386,1314.862934670004,28.794235181550135,0.27671688967740954,1.5950526315789475,0.09171090887710387,33.75522353409679,183.0693838827535,True,
3,2.0,0.6666666666666666,45.701931161975374,45.701931161975374,7.0495534394599195,21.148660318379758,0.8,1669.7681620465482,1335.8145296372386,1314.6658693188588,28.766090094955956,0.27893722945097366,1.5950526315789475,0.09178688128754386,33.78318602763464,183.0693838827535,True,
3,2.25,0.75,45.74006116549439,45.74006116549439,7.115356891530938,21.346070674592816,0.8,1669.7681620465482,1335.8145296372386,1314.4684589626459,28.737794079607855,0.28115756922453783,1.5950526315789475,0.09186346085469801,33.81137199197719,183.0693838827535,True,
3,2.5,0.8333333333333334,45.77849348056344,45.77849348056344,7.181274890292018,21.543824670876056,0.8,1669.7681620465482,1335.8145296372386,1314.2707049663625,28.709348103042608,0.283377908998102,1.5950526315789475,0.09194064757856635,33.83978142712445,183.0693838827535,True,
3,2.75,0.9166666666666666,45.817228107182544,45.817228107182544,7.247306986102144,21.74192095830643,0.8,1669.7681620465482,1335.8145296372386,1314.072608678932,28.680753135149423,0.2855982487716662,1.5950526315789475,0.09201844145914886,33.868414333076416,183.0693838827535,True,
3,3.0,1.0,45.856265045351684,45.856265045351684,7.313452734574186,21.94035820372256,0.8,1669.7681620465482,1335.8145296372386,1313.874171433516,28.65201014810297,0.28781858854523035,1.5950526315789475,0.09209684249644554,33.89727070983309,183.0693838827535,True,
3,3.25,1.0833333333333333,45.89560429507088,45.89560429507088,7.3797116964733585,22.139135089420076,0.8,1669.7681620465482,1335.8145296372386,1313.6753945478185,28.623120116296306,0.2900389283187945,1.5950526315789475,0.09217585069045639,33.92635055739447,183.0693838827535,True,
3,3.5,1.1666666666666667,45.935245856340096,45.935245856340096,7.446083437618422,22.338250312855266,0.8,1669.7681620465482,1335.8145296372386,1313.4762793243833,28.594084016273836,0.29225926809235864,1.5950526315789475,0.09225546604118141,33.95565387576055,183.0693838827535,True,
3,3.75,1.25,45.97518972915938,45.97518972915938,7.512567528785529,22.537702586356588,0.8,1669.7681620465482,1335.8145296372386,1313.276827050882,28.564902826664078,0.2944796078659228,1.5950526315789475,0.0923356885486206,33.98518066493134,183.0693838827535,True,
3,4.0,1.3333333333333333,46.015435913528684,46.015435913528684,7.579163545614579,22.737490636843738,0.8,1669.7681620465482,1335.8145296372386,1313.077039000395,28.535577528112608,0.296699947639487,1.5950526315789475,0.09241651821277398,34.014930924906835,183.0693838827535,True,
3,4.25,1.4166666666666667,46.055984409448044,46.055984409448044,7.645871068518052,22.937613205554158,0.8,1669.7681620465482,1335.8145296372386,1312.8769164316845,28.506109103214772,0.29892028741305116,1.5950526315789475,0.09249795503364153,34.04490465568704,183.0693838827535,True,
3,4.5,1.5,46.09683521691745,46.09683521691745,7.7126896825922335,23.1380690477767,0.8,1669.7681620465482,1335.8145296372386,1312.6764605894618,28.476498536448595,0.30114062718661533,1.5950526315789475,0.09257999901122324,34.07510185727195,183.0693838827535,True,
3,4.75,1.5833333333333333,46.137988335936896,46.137988335936896,7.779618977530698,23.338856932592094,0.8,1669.7681620465482,1335.8145296372386,1312.4756727046465,28.446746814107602,0.3033609669601795,1.5950526315789475,0.09266265014551914,34.10552252966157,183.0693838827535,True,
3,5.0,1.6666666666666667,46.179443766506395,46.179443766506395,7.846658547540037,23.53997564262011,0.8,1669.7681620465482,1335.8145296372386,1312.2745539946184,28.416854924233654,0.3055813067337436,1.5950526315789475,0.0927459084365292,34.1361666728559,183.0693838827535,True,
3,5.25,1.75,46.22120150862592,46.22120150862592,7.913807991257728,23.741423973773184,0.8,1669.7681620465482,1335.8145296372386,1312.0731056634654,28.386823856549967,0.30780164650730785,1.5950526315789475,0.09282977388425345,34.16703428685493,183.0693838827535,True,
3,5.5,1.8333333333333333,46.2632615622955,46.2632615622955,7.98106691167208,23.94320073501624,0.8,1669.7681620465482,1335.8145296372386,1311.8713289022223,28.356654602393963,0.310021986280872,1.5950526315789475,0.09291424648869186,34.19812537165867,183.0693838827535,True,
3,5.75,1.9166666666666667,46.305623927515114,46.305623927515114,8.048434916044194,24.14530474813258,0.8,1669.7681620465482,1335.8145296372386,1311.669224889106,28.326348154650464,0.31224232605443614,1.5950526315789475,0.09299932624984444,34.229439927267116,183.0693838827535,True,
3,6.0,2.0,46.348288604284775,46.348288604284775,8.115911615831855,24.347734847495566,0.8,1669.7681620465482,1335.8145296372386,1311.466794789743,28.295905507684733,0.3144626658280003,1.5950526315789475,0.0930850131677112,34.26097795368026,183.0693838827535,True,
3,6.25,2.0833333333333335,46.39125559260449,46.39125559260449,8.183496626615344,24.550489879846033,0.8,1669.7681620465482,1335.8145296372386,1311.2640397573925,28.265327657275762,0.3166830056015645,1.5950526315789475,0.09317130724229214,34.292739450898125,183.0693838827535,True,
3,6.5,2.1666666666666665,46.434524892474236,46.434524892474236,8.251189568025012,24.753568704075036,0.8,1669.7681620465482,1335.8145296372386,1311.0609609331636,28.23461560054964,0.31890334537512866,1.5950526315789475,0.09325820847358723,34.32472441892069,183.0693838827535,True,
3,6.75,2.25,46.47809650389403,46.47809650389403,8.3189900636707,24.9569701910121,0.8,1669.7681620465482,1335.8145296372386,1310.8575594462266,28.203770335912967,0.32112368514869283,1.5950526315789475,0.09334571686159651,34.35693285774796,183.0693838827535,True,
3,7.0,2.3333333333333335,46.52197042686387,46.52197042686387,8.38689774107279,25.16069322321837,0.8,1669.7681620465482,1335.8145296372386,1310.6538364140201,28.172792862986515,0.323344024922257,1.5950526315789475,0.09343383240631997,34.38936476737994,183.0693838827535,True,
3,7.25,2.4166666666666665,46.56614666138375,46.56614666138375,8.454912231594983,25.364736694784952,0.8,1669.7681620465482,1335.8145296372386,1310.4497929424535,28.141684182538985,0.3255643646958211,1.5950526315789475,0.09352255510775759,34.422020147816625,183.0693838827535,True,
3,7.5,2.5,46.61062520745366,46.61062520745366,8.523033170378646,25.56909951113594,0.8,1669.7681620465482,1335.8145296372386,1310.2454301261027,28.11044529642089,0.3277847044693853,1.5950526315789475,0.09361188496590939,34.45489899905801,183.0693838827535,True,
3,7.75,2.5833333333333335,46.65540606507363,46.65540606507363,8.591260196278729,25.773780588836186,0.8,1669.7681620465482,1335.8145296372386,1310.0407490484024,28.079077207498635,0.33000504424294946,1.5950526315789475,0.09370182198077537,34.488001321104115,183.0693838827535,True,
3,8.0,2.6666666666666665,46.70048923424363,46.70048923424363,8.659592951801189,25.97877885540357,0.8,1669.7681620465482,1335.8145296372386,1309.835750781835,28.047580919588825,0.3322253840165136,1.5950526315789475,0.0937923661523555,34.52132711395492,183.0693838827535,True,
3,8.25,2.75,46.74587471496369,46.74587471496369,8.728031083041895,26.184093249125684,0.8,1669.7681620465482,1335.8145296372386,1309.630436388113,28.015957437392668,0.33444572379007775,1.5950526315789475,0.09388351748064983,34.55487637761043,183.0693838827535,True,
3,8.5,2.8333333333333335,46.79156250723379,46.79156250723379,8.79657423962694,26.38972271888082,0.8,1669.7681620465482,1335.8145296372386,1309.4248069183577,27.984207766430664,0.3366660635636419,1.5950526315789475,0.09397527596565833,34.58864911207065,183.0693838827535,True,
3,8.75,2.9166666666666665,46.83755261105393,46.83755261105393,8.86522207465433,26.59566622396299,0.8,1669.7681620465482,1335.8145296372386,1309.2188634132756,27.952332912977447,0.3388864033372061,1.5950526315789475,0.09406764160738099,34.622645317335575,183.0693838827535,True,
3,9.0,3.0,46.88384502642411,46.88384502642411,8.93397424463703,26.80192273391109,0.8,1669.7681620465482,1335.8145296372386,1309.0126069033274,27.920333883996875,0.34110674311077027,1.5950526315789475,0.09416061440581783,34.65686499340521,183.0693838827535,True,
3,9.25,3.0833333333333335,46.93043975334434,46.93043975334434,9.002830409447302,27.008491228341907,0.8,1669.7681620465482,1335.8145296372386,1308.8060384088967,27.888211687077344,0.34332708288433444,1.5950526315789475,0.09425419436096884,34.691308140279546,183.0693838827535,True,
3,9.5,3.1666666666666665,46.9773367918146,46.9773367918146,9.071790232262293,27.215370696786877,0.8,1669.7681620465482,1335.8145296372386,1308.5991589404516,27.85596733036735,0.34554742265789856,1.5950526315789475,0.09434838147283403,34.72597475795859,183.0693838827535,True,
3,9.75,3.25,47.024536141834915,47.024536141834915,9.140853379510856,27.422560138532567,0.8,1669.7681620465482,1335.8145296372386,1308.391969498706,27.82360182251129,0.34776776243146273,1.5950526315789475,0.09444317574141338,34.76086484644234,183.0693838827535,True,
3,10.0,3.3333333333333335,47.07203780340527,47.07203780340527,9.210019520821586,27.630058562464757,0.8,1669.7681620465482,1335.8145296372386,1308.184471074774,27.791116172585532,0.3499881022050269,1.5950526315789475,0.09453857716670691,34.7959784057308,183.0693838827535,True,
3,10.25,3.4166666666666665,47.11984177652566,47.11984177652566,9.279288328971962,27.837864986915886,0.8,1669.7681620465482,1335.8145296372386,1307.9766646503226,27.758511390034744,0.3522084419785911,1.5950526315789475,0.09463458574871463,34.83131543582396,183.0693838827535,True,
3,10.5,3.5,47.16794806119611,47.16794806119611,9.348659479838657,28.04597843951597,0.8,1669.7681620465482,1335.8145296372386,1307.7685511977227,27.725788484608497,0.35442878175215525,1.5950526315789475,0.0947312014874365,34.86687593672183,183.0693838827535,True,
3,10.75,3.5833333333333335,47.216356657416604,47.216356657416604,9.418132652348918,28.254397957046756,0.8,1669.7681620465482,1335.8145296372386,1307.560131680192,27.69294846629816,0.3566491215257194,1.5950526315789475,0.09482842438287256,34.90265990842442,183.0693838827535,True,
3,11.0,3.6666666666666665,47.26506756518714,47.26506756518714,9.487707528433015,28.463122585299047,0.8,1669.7681620465482,1335.8145296372386,1307.3514070519395,27.6599923452741,0.35886946129928354,1.5950526315789475,0.09492625443502278,34.9386673509317,183.0693838827535,True,
3,11.25,3.75,47.31408078450771,47.31408078450771,9.557383792977715,28.672151378933144,0.8,1669.7681620465482,1335.8145296372386,1307.1423782583054,27.626921131823185,0.36108980107284777,1.5950526315789475,0.09502469164388719,34.9748982642437,183.0693838827535,True,
3,11.5,3.8333333333333335,47.36339631537831,47.36339631537831,9.627161133780758,28.881483401342273,0.8,1669.7681620465482,1335.8145296372386,1306.9330462358964,27.59373583628654,0.3633101408464119,1.5950526315789475,0.09512373600946575,35.011352648360386,183.0693838827535,True,
3,11.75,3.9166666666666665,47.413014157798976,47.413014157798976,9.697039241506323,29.091117724518966,0.8,1669.7681620465482,1335.8145296372386,1306.7234119127197,27.560437468997666,0.365530480619976,1.5950526315789475,0.09522338753175849,35.048030503281794,183.0693838827535,True,
3,12.0,4.0,47.46293431176968,47.46293431176968,9.767017809641418,29.301053428924256,0.8,1669.7681620465482,1335.8145296372386,1306.5134762083144,27.527027040220943,0.36775082039354023,1.5950526315789475,0.09532364621076542,35.08493182900791,183.0693838827535,True,
3,12.25,4.083333333333333,47.51315677729042,47.51315677729042,9.837096534453229,29.511289603359685,0.8,1669.7681620465482,1335.8145296372386,1306.3032400338789,27.493505560090355,0.36997116016710446,1.5950526315789475,0.09542451204648651,35.122056625538725,183.0693838827535,True,
3,12.5,4.166666666666667,47.563681554361224,47.563681554361224,9.907275114947307,29.72182534484192,0.8,1669.7681620465482,1335.8145296372386,1306.0927042923968,27.4598740385486,0.3721914999406685,1.5950526315789475,0.09552598503892178,35.15940489287426,183.0693838827535,True,
3,12.75,4.25,47.61450864298205,47.61450864298205,9.97755325282671,29.932659758480128,0.8,1669.7681620465482,1335.8145296372386,1305.8818698787584,27.426133485286602,0.37441183971423275,1.5950526315789475,0.09562806518807121,35.196976631014486,183.0693838827535,True,
3,13.0,4.333333333333333,47.66563804315293,47.66563804315293,10.047930652451909,30.143791957355724,0.8,1669.7681620465482,1335.8145296372386,1305.670737679883,27.392284909683273,0.3766321794877969,1.5950526315789475,0.09573075249393483,35.23477183995943,183.0693838827535,True,
3,13.25,4.416666666666667,47.717069754873854,47.717069754873854,10.118407020801598,30.355221062404794,0.8,1669.7681620465482,1335.8145296372386,1305.4593085748338,27.358329320745714,0.3788525192613611,1.5950526315789475,0.09583404695651263,35.272790519709076,183.0693838827535,True,
3,13.5,4.5,47.76880377814481,47.76880377814481,10.188982067434257,30.56694620230277,0.8,1669.7681620465482,1335.8145296372386,1305.247583434936,27.324267727049783,0.3810728590349252,1.5950526315789475,0.09593794857580457,35.31103267026342,183.0693838827535,True,
3,13.75,4.583333333333333,47.82084011296582,47.82084011296582,10.259655504450517,30.778966513351552,0.8,1669.7681620465482,1335.8145296372386,1305.035563123887,27.29010113668096,0.38329319880848944,1.5950526315789475,0.09604245735181072,35.34949829162249,183.0693838827535,True,
3,14.0,4.666666666666667,47.87317875933687,47.87317875933687,10.330427046456304,30.991281139368912,0.8,1669.7681620465482,1335.8145296372386,1304.8232484978696,27.255830557175724,0.38551353858205356,1.5950526315789475,0.09614757328453101,35.38818738378625,183.0693838827535,True,
3,14.25,4.75,47.92581971725795,47.92581971725795,10.401296410526697,31.203889231580092,0.8,1669.7681620465482,1335.8145296372386,1304.6106404056586,27.22145699546318,0.3877338783556177,1.5950526315789475,0.09625329637396549,35.427099946754716,183.0693838827535,True,
3,14.5,4.833333333333333,47.9787629867291,47.9787629867291,10.47226331617054,31.41678994851162,0.8,1669.7681620465482,1335.8145296372386,1304.397739688727,27.186981457807125,0.3899542181291819,1.5950526315789475,0.09635962662011414,35.466235980527905,183.0693838827535,True,
3,14.75,4.916666666666667,48.032008567750275,48.032008567750275,10.543327485295736,31.62998245588721,0.8,1669.7681620465482,1335.8145296372386,1304.1845471813515,27.152404949748636,0.392174557902746,1.5950526315789475,0.09646656402297697,35.50559548510579,183.0693838827535,True,
3,15.0,5.0,48.08555646032149,48.08555646032149,10.61448864217526,31.84346592652578,0.8,1669.7681620465482,1335.8145296372386,1303.9710637107128,27.117728476048807,0.3943948976763102,1.5950526315789475,0.09657410858255397,35.54517846048838,183.0693838827535,True,
3,15.25,5.083333333333333,48.139406664442774,48.139406664442774,10.685746513413813,32.05723954024144,0.8,1669.7681620465482,1335.8145296372386,1303.7572900969972,27.082953040632134,0.39661523744987437,1.5950526315789475,0.09668226029884515,35.584984906675686,183.0693838827535,True,
3,15.5,5.166666666666667,48.19355918011407,48.19355918011407,10.757100827915124,32.27130248374537,0.8,1669.7681620465482,1335.8145296372386,1303.5432271534933,27.048079646530223,0.39883557722343854,1.5950526315789475,0.09679101917185048,35.625014823667684,183.0693838827535,True,
3,15.75,5.25,48.248014007335435,48.248014007335435,10.828551316849952,32.48565395054985,0.8,1669.7681620465482,1335.8145296372386,1303.3288756866887,27.01310929582585,0.40105591699700266,1.5950526315789475,0.09690038520157002,35.66526821146441,183.0693838827535,True,
3,16.0,5.333333333333333,48.30277114610683,48.30277114610683,10.90009771362462,32.70029314087386,0.8,1669.7681620465482,1335.8145296372386,1303.1142364963648,26.978042989597604,0.4032762567705669,1.5950526315789475,0.0970103583880037,35.705745070065824,183.0693838827535,True,
3,16.25,5.416666666666667,48.35783059642826,48.35783059642826,10.971739753850226,32.915219261550675,0.8,1669.7681620465482,1335.8145296372386,1302.899310375688,26.942881727864794,0.405496596544131,1.5950526315789475,0.09712093873115157,35.746445399471945,183.0693838827535,True,
3,16.5,5.5,48.41319235829974,48.41319235829974,11.043477175312413,33.13043152593724,0.8,1669.7681620465482,1335.8145296372386,1302.6840981113014,26.907626509532896,0.4077169363176952,1.5950526315789475,0.0972321262310136,35.78736919968277,183.0693838827535,True,
3,16.75,5.583333333333333,48.46885643172127,48.46885643172127,11.115309717941729,33.34592915382519,0.8,1669.7681620465482,1335.8145296372386,1302.4686004834134,26.872278332339416,0.40993727609125935,1.5950526315789475,0.09734392088758982,35.82851647069832,183.0693838827535,True,
3,17.0,5.666666666666667,48.52482281669284,48.52482281669284,11.187237123784522,33.56171137135357,0.8,1669.7681620465482,1335.8145296372386,1302.252818265885,26.8368381928002,0.4121576158648235,1.5950526315789475,0.0974563227008802,35.86988721251856,183.0693838827535,True,
3,17.25,5.75,48.58109151321446,48.58109151321446,11.259259136974437,33.77777741092331,0.8,1669.7681620465482,1335.8145296372386,1302.0367522263152,26.801307086156154,0.4143779556383877,1.5950526315789475,0.09756933167088477,35.91148142514352,183.0693838827535,True,
3,17.5,5.833333333333333,48.63766252128611,48.63766252128611,11.331375503704393,33.99412651111318,0.8,1669.7681620465482,1335.8145296372386,1301.8204031261255,26.765686006320475,0.41659829541195187,1.5950526315789475,0.0976829477976035,35.95329910857318,183.0693838827535,True,
3,17.75,5.916666666666667,48.69453584090781,48.69453584090781,11.403585972199119,34.21075791659736,0.8,1669.7681620465482,1335.8145296372386,1301.6037717206411,26.729975945826272,0.418818635185516,1.5950526315789475,0.09779717108103642,35.995340262807545,183.0693838827535,True,
3,18.0,6.0,48.75171147207955,48.75171147207955,11.475890292688185,34.42767087806455,0.8,1669.7681620465482,1335.8145296372386,1301.386858759174,26.694177895774747,0.4210389749590802,1.5950526315789475,0.09791200152118348,36.03760488784661,183.0693838827535,True,
3,18.25,6.083333333333333,48.80918941480134,48.80918941480134,11.548288217379532,34.644864652138594,0.8,1669.7681620465482,1335.8145296372386,1301.1696649851,26.658292845783702,0.42325931473264433,1.5950526315789475,0.09802743911804473,36.0800929836904,183.0693838827535,True,
3,18.5,6.166666666666667,48.86696966907317,48.86696966907317,11.620779500433507,34.86233850130052,0.8,1669.7681620465482,1335.8145296372386,1300.9521911359382,26.62232178393665,0.42547965450620845,1.5950526315789475,0.09814348387162017,36.122804550338884,183.0693838827535,True,
3,18.75,6.25,48.92505223489504,48.92505223489504,11.693363897937338,35.080091693812015,0.8,1669.7681620465482,1335.8145296372386,1300.7344379434267,26.586265696732315,0.4276999942797726,1.5950526315789475,0.09826013578190976,36.165739587792075,183.0693838827535,True,
3,19.0,6.333333333333333,48.98343711226696,48.98343711226696,11.76604116788011,35.298123503640326,0.8,1669.7681620465482,1335.8145296372386,1300.5164061335984,26.55012556903462,0.42992033405333685,1.5950526315789475,0.09837739484891354,36.20889809604998,183.0693838827535,True,
3,19.25,6.416666666666667,49.04212430118891,49.04212430118891,11.838811070128159,35.51643321038448,0.8,1669.7681620465482,1335.8145296372386,1300.298096426854,26.513902384023183,0.43214067382690097,1.5950526315789475,0.09849526107263148,36.25228007511258,183.0693838827535,True,
3,19.5,6.5,49.10111380166091,49.10111380166091,11.911673366400944,35.73502009920283,0.8,1669.7681620465482,1335.8145296372386,1300.0795095380358,26.47759712314426,0.4343610136004651,1.5950526315789475,0.0986137344530636,36.29588552497989,183.0693838827535,True,
3,19.75,6.583333333333333,49.160405613682975,49.160405613682975,11.984627820247335,35.953883460742006,0.8,1669.7681620465482,1335.8145296372386,1299.8606461764966,26.441210766062152,0.4365813533740293,1.5950526315789475,0.0987328149902099,36.33971444565192,183.0693838827535,True,
3,20.0,6.666666666666667,49.21999973725506,49.21999973725506,12.057674197022303,36.17302259106691,0.8,1669.7681620465482,1335.8145296372386,1299.6415070461717,26.40474429061123,0.43880169314759343,1.5950526315789475,0.09885250268407036,36.38376683712864,183.0693838827535,True,
3,20.25,6.75,49.2798961723772,49.2798961723772,12.130812263864069,36.3924367915922,0.8,1669.7681620465482,1335.8145296372386,1299.4220928456464,26.368198672748218,0.4410220329211576,1.5950526315789475,0.09897279753464501,36.42804269941008,183.0693838827535,True,
3,20.5,6.833333333333333,49.34009491904936,49.34009491904936,12.204041789671615,36.61212536901485,0.8,1669.7681620465482,1335.8145296372386,1299.2024042682237,26.331574886505216,0.4432423726947218,1.5950526315789475,0.09909369954193381,36.472542032496214,183.0693838827535,True,
3,20.75,6.916666666666667,49.40059597727159,49.40059597727159,12.277362545082608,36.832087635247824,0.8,1669.7681620465482,1335.8145296372386,1298.9824420019909,26.29487390394301,0.44546271246828595,1.5950526315789475,0.09921520870593681,36.517264836387064,183.0693838827535,True,
3,21.0,7.0,49.46139934704385,49.46139934704385,12.3507743024517,37.052322907355105,0.8,1669.7681620465482,1335.8145296372386,1298.7622067298835,26.258096695105056,0.44768305224185007,1.5950526315789475,0.09933732502665396,36.56221111108262,183.0693838827535,True,
3,21.25,7.083333333333333,49.522505028366155,49.522505028366155,12.424276835829248,37.27283050748775,0.8,1669.7681620465482,1335.8145296372386,1298.541699129751,26.22124422797181,0.4499033920154143,1.5950526315789475,0.0994600485040853,36.60738085658287,183.0693838827535,True,
3,21.5,7.166666666666667,49.58391302123851,49.58391302123851,12.4978699209403,37.493609762820896,0.8,1669.7681620465482,1335.8145296372386,1298.3209198744178,26.184317468415653,0.4521237317889784,1.5950526315789475,0.09958337913823082,36.652774072887844,183.0693838827535,True,
3,21.75,7.25,49.64562332566089,49.64562332566089,12.571553335164076,37.71466000549223,0.8,1669.7681620465482,1335.8145296372386,1298.0998696317463,26.147317380156306,0.45434407156254253,1.5950526315789475,0.09970731692909049,36.698390759997515,183.0693838827535,True,
3,22.0,7.333333333333333,49.70763594163334,49.70763594163334,12.645326857513703,37.93598057254111,0.8,1669.7681620465482,1335.8145296372386,1297.8785490646974,26.1102449247167,0.45656441133610687,1.5950526315789475,0.09983186187666435,36.7442309179119,183.0693838827535,True,
3,22.25,7.416666666666667,49.769950869155814,49.769950869155814,12.719190268616313,38.157570805848934,0.8,1669.7681620465482,1335.8145296372386,1297.6569588313896,26.07310106137945,0.4587847511096709,1.5950526315789475,0.09995701398095236,36.79029454663098,183.0693838827535,True,
3,22.5,7.5,49.83256810822834,49.83256810822834,12.79314335069351,38.37943005208053,0.8,1669.7681620465482,1335.8145296372386,1297.435099585158,26.0358867471437,0.46100509088323505,1.5950526315789475,0.10008277324195457,36.83658164615478,183.0693838827535,True,
3,22.75,7.583333333333333,49.89548765885092,49.89548765885092,12.867185887542163,38.60155766262649,0.8,1669.7681620465482,1335.8145296372386,1297.2129719746122,25.998602936682605,0.46322543065679933,1.5950526315789475,0.10020913965967095,36.883092216483284,183.0693838827535,True,
3,23.0,7.666666666666667,49.958709521023515,49.958709521023515,12.94131766451546,38.82395299354638,0.8,1669.7681620465482,1335.8145296372386,1296.9905766436923,25.961250582301282,0.46544577043036345,1.5950526315789475,0.10033611323410149,36.92982625761649,183.0693838827535,True,
3,23.25,7.75,50.02223369474617,50.02223369474617,13.015538468504367,39.0466154055131,0.8,1669.7681620465482,1335.8145296372386,1296.7679142317254,25.9238306338952,0.4676661102039276,1.5950526315789475,0.10046369396524621,36.9767837695544,183.0693838827535,True,
3,23.5,7.833333333333333,50.086060180018876,50.086060180018876,13.089848087919345,39.269544263758036,0.8,1669.7681620465482,1335.8145296372386,1296.5449853734806,25.88634403890923,0.4698864499774918,1.5950526315789475,0.10059188185310511,37.023964752297026,183.0693838827535,True,
3,23.75,7.916666666666667,50.150188976841605,50.150188976841605,13.164246312672349,39.49273893801705,0.8,1669.7681620465482,1335.8145296372386,1296.3217906992215,25.848791742297085,0.47210678975105597,1.5950526315789475,0.10072067689767818,37.07136920584435,183.0693838827535,True,
3,24.0,8.0,50.2146200852144,50.2146200852144,13.238732934159193,39.71619880247758,0.8,1669.7681620465482,1335.8145296372386,1296.098330834761,25.811174686481294,0.4743271295246201,1.5950526315789475,0.10085007909896541,37.11899713019639,183.0693838827535,True,
3,24.25,8.083333333333334,50.27935350513723,50.27935350513723,13.313307745242161,39.93992323572648,0.8,1669.7681620465482,1335.8145296372386,1295.8746064015122,25.77349381131378,0.4765474692981843,1.5950526315789475,0.10098008845696683,37.16684852535313,183.0693838827535,True,
3,24.5,8.166666666666666,50.344389236610084,50.344389236610084,13.387970540232862,40.163911620698585,0.8,1669.7681620465482,1335.8145296372386,1295.65061801654,25.735750054036846,0.47876780907174843,1.5950526315789475,0.10111070497168241,37.21492339131457,183.0693838827535,True,
3,24.75,8.25,50.409727279632996,50.409727279632996,13.46272111487546,40.38816334462638,0.8,1669.7681620465482,1335.8145296372386,1295.4263662926123,25.69794434924472,0.48098814884531255,1.5950526315789475,0.10124192864311217,37.26322172808072,183.0693838827535,True,
3,25.0,8.333333333333334,50.47536763420596,50.47536763420596,13.537559266330087,40.61267779899026,0.8,1669.7681620465482,1335.8145296372386,1295.2018518382483,25.660077628845656,0.4832084886188768,1.5950526315789475,0.10137375947125611,37.31174353565159,183.0693838827535,True,
3,25.25,8.416666666666666,50.541310300328966,50.541310300328966,13.612484793156574,40.83745437946972,0.8,1669.7681620465482,1335.8145296372386,1294.9770752577688,25.622150822024494,0.48542882839244095,1.5950526315789475,0.10150619745611422,37.36048881402716,183.0693838827535,True,
3,25.5,8.5,50.607555278002,50.607555278002,13.687497495298421,41.06249248589526,0.8,1669.7681620465482,1335.8145296372386,1294.7520371513433,25.584164855205792,0.48764916816600506,1.5950526315789475,0.1016392425976865,37.40945756320743,183.0693838827535,True,
3,25.75,8.583333333333334,50.674102567225084,50.674102567225084,13.762597174067045,41.28779152220113,0.8,1669.7681620465482,1335.8145296372386,1294.5267381150375,25.546120652017414,0.4898695079395693,1.5950526315789475,0.10177289489597295,37.458649783192406,183.0693838827535,True,
3,26.0,8.666666666666666,50.74095216799822,50.74095216799822,13.837783632126213,41.51335089637864,0.8,1669.7681620465482,1335.8145296372386,1294.30117874086,25.508019133254695,0.4920898477131334,1.5950526315789475,0.10190715435097358,37.5080654739821,183.0693838827535,True,
3,26.25,8.75,50.80810408032141,50.80810408032141,13.91305667347685,41.73917002043055,0.8,1669.7681620465482,1335.8145296372386,1294.075359616808,25.46986121684511,0.4943101874866975,1.5950526315789475,0.10204202096268838,37.5577046355765,183.0693838827535,True,
3,26.5,8.833333333333334,50.87555830419461,50.87555830419461,13.98841610344193,41.96524831032579,0.8,1669.7681620465482,1335.8145296372386,1293.849281326913,25.43164781781347,0.49653052726026176,1.5950526315789475,0.10217749473111735,37.60756726797559,183.0693838827535,True,
3,26.75,8.916666666666666,50.94331483961787,50.94331483961787,14.063861728651712,42.191585185955134,0.8,1669.7681620465482,1335.8145296372386,1293.6229444512835,25.393379848247566,0.4987508670338259,1.5950526315789475,0.1023135756562605,37.6576533711794,183.0693838827535,True,
3,27.0,9.0,51.01137368659118,51.01137368659118,14.139393357029183,42.41818007108755,0.8,1669.7681620465482,1335.8145296372386,1293.396349566151,25.355058217264446,0.50097120680739,1.5950526315789475,0.10245026373811782,37.707962945187916,183.0693838827535,True,
3,27.25,9.083333333333334,51.07973484511452,51.07973484511452,14.215010797775705,42.645032393327114,0.8,1669.7681620465482,1335.8145296372386,1293.1694972439116,25.316683830977162,0.5031915465809542,1.5950526315789475,0.10258755897668931,37.75849599000114,183.0693838827535,True,
3,27.5,9.166666666666666,51.148398315187904,51.148398315187904,14.290713861356895,42.87214158407069,0.8,1669.7681620465482,1335.8145296372386,1292.9423880531679,25.278257592461973,0.5054118863545184,1.5950526315789475,0.10272546137197498,37.809252505619064,183.0693838827535,True,
3,27.75,9.25,51.217364096811345,51.217364096811345,14.366502359488745,43.09950707846623,0.8,1669.7681620465482,1335.8145296372386,1292.7150225587723,25.239780401726165,0.5076322261280826,1.5950526315789475,0.10286397092397483,37.860232492041696,183.0693838827535,True,
3,28.0,9.333333333333334,51.28663218998482,51.28663218998482,14.442376105123898,43.327128315371695,0.8,1669.7681620465482,1335.8145296372386,1292.4874013218669,25.20125315567634,0.5098525659016467,1.5950526315789475,0.10300308763268884,37.91143594926904,183.0693838827535,True,
3,28.25,9.416666666666666,51.35620259470835,51.35620259470835,14.518334912438196,43.55500473731459,0.8,1669.7681620465482,1335.8145296372386,1292.259524899924,25.16267674808721,0.5120729056752109,1.5950526315789475,0.10314281149811702,37.96286287730109,183.0693838827535,True,
3,28.5,9.5,51.426075310981915,51.426075310981915,14.59437859681741,43.783135790452235,0.8,1669.7681620465482,1335.8145296372386,1292.0313938467864,25.124052069570944,0.514293245448775,1.5950526315789475,0.10328314252025939,38.01451327613785,183.0693838827535,True,
3,28.75,9.583333333333334,51.49625033880552,51.49625033880552,14.670506974844157,44.01152092453247,0.8,1669.7681620465482,1335.8145296372386,1291.803008712706,25.085380007546974,0.5165135852223393,1.5950526315789475,0.10342408069911593,38.06638714577931,183.0693838827535,True,
3,29.0,9.666666666666666,51.56672767817916,51.56672767817916,14.746719864285001,44.24015959285501,0.8,1669.7681620465482,1335.8145296372386,1291.5743700443836,25.046661446212394,0.5187339249959033,1.5950526315789475,0.10356562603468662,38.11848448622547,183.0693838827535,True,
3,29.25,9.75,51.63750732910286,51.63750732910286,14.823017084077824,44.46905125223347,0.8,1669.7681620465482,1335.8145296372386,1291.3454783850052,25.00789726651278,0.5209542647694675,1.5950526315789475,0.10370777852697151,38.17080529747635,183.0693838827535,True,
3,29.5,9.833333333333334,51.708589291576594,51.708589291576594,14.899398454319273,44.69819536295782,0.8,1669.7681620465482,1335.8145296372386,1291.1163342742807,24.969088346113622,0.5231746045430317,1.5950526315789475,0.10385053817597056,38.22334957953193,183.0693838827535,True,
3,29.75,9.916666666666666,51.77997356560038,51.77997356560038,14.975863796252504,44.92759138875751,0.8,1669.7681620465482,1335.8145296372386,1290.886938248481,24.93023555937216,0.5253949443165958,1.5950526315789475,0.10399390498168379,38.27611733239222,183.0693838827535,True,
3,30.0,10.0,51.85166015117421,51.85166015117421,15.052412932255018,45.15723879676506,0.8,1669.7681620465482,1335.8145296372386,1290.6572908404735,24.891339777309827,0.52761528409016,1.5950526315789475,0.1041378789441112,38.329108556057214,183.0693838827535,True,
3,30.25,10.083333333333334,51.92364904829807,51.92364904829807,15.129045685826734,45.3871370574802,0.8,1669.7681620465482,1335.8145296372386,1290.4273925797584,24.852401867585144,0.5298356238637242,1.5950526315789475,0.10428246006325276,38.382323250526916,183.0693838827535,True,
3,30.5,10.166666666666666,51.99594025697198,51.99594025697198,15.205761881578209,45.61728564473462,0.8,1669.7681620465482,1335.8145296372386,1290.197243992504,24.8134226944671,0.5320559636372884,1.5950526315789475,0.10442764833910852,38.43576141580132,183.0693838827535,True,
3,30.75,10.25,52.06853377719593,52.06853377719593,15.282561345219037,45.84768403565711,0.8,1669.7681620465482,1335.8145296372386,1289.9668456015816,24.774403118809133,0.5342763034108524,1.5950526315789475,0.10457344377167843,38.489423051880436,183.0693838827535,True,
3,31.0,10.333333333333334,52.14142960896993,52.14142960896993,15.359443903546437,46.07833171063931,0.8,1669.7681620465482,1335.8145296372386,1289.7361979265993,24.735343998023502,0.5364966431844167,1.5950526315789475,0.10471984636096253,38.54330815876426,183.0693838827535,True,
3,31.25,10.416666666666666,52.214627752293964,52.214627752293964,15.436409384433963,46.30922815330189,0.8,1669.7681620465482,1335.8145296372386,1289.5053014839368,24.696246186056253,0.5387169829579808,1.5950526315789475,0.1048668561069608,38.597416736452786,183.0693838827535,True,
3,31.5,10.5,52.28812820716805,52.28812820716805,15.513457616820414,46.54037285046124,0.8,1669.7681620465482,1335.8145296372386,1289.2741567867774,24.6571105333626,0.5409373227315449,1.5950526315789475,0.10501447300967323,38.65174878494602,183.0693838827535,True,
3,31.75,10.583333333333334,52.36193097359219,52.36193097359219,15.590588430698896,46.77176529209669,0.8,1669.7681620465482,1335.8145296372386,1289.042764345142,24.617937886882892,0.5431576625051092,1.5950526315789475,0.10516269706909986,38.70630430424397,183.0693838827535,True,
3,32.0,10.666666666666666,52.43603605156636,52.43603605156636,15.667801657106027,47.00340497131808,0.8,1669.7681620465482,1335.8145296372386,1288.8111246659205,24.578729090019024,0.5453780022786734,1.5950526315789475,0.10531152828524065,38.76108329434662,183.0693838827535,True,
3,32.25,10.75,52.51044344109056,52.51044344109056,15.745097128111308,47.23529138433392,0.8,1669.7681620465482,1335.8145296372386,1288.5792382529046,24.539484982611352,0.5475983420522375,1.5950526315789475,0.1054609666580956,38.816085755253965,183.0693838827535,True,
3,32.5,10.833333333333334,52.58515314216482,52.58515314216482,15.822474676806653,47.46742403041996,0.8,1669.7681620465482,1335.8145296372386,1288.3471056068186,24.500206400916074,0.5498186818258017,1.5950526315789475,0.10561101218766475,38.87131168696603,183.0693838827535,True,
3,32.75,10.916666666666666,52.66016515478912,52.66016515478912,15.89993413729603,47.69980241188809,0.8,1669.7681620465482,1335.8145296372386,1288.1147272253504,24.460894177583192,0.5520390215993658,1.5950526315789475,0.10576166487394804,38.926761089482795,183.0693838827535,True,
3,33.0,11.0,52.73547947896347,52.73547947896347,15.97747534468531,47.93242603405593,0.8,1669.7681620465482,1335.8145296372386,1287.8821036031827,24.421549141634852,0.55425936137293,1.5950526315789475,0.10591292471694552,38.98243396280427,183.0693838827535,True,
3,33.25,11.083333333333334,52.811096114687864,52.811096114687864,16.055098135072196,48.165294405216585,0.8,1669.7681620465482,1335.8145296372386,1287.649235232022,24.382172118444252,0.5564797011464943,1.5950526315789475,0.1060647917166572,39.03833030693046,183.0693838827535,True,
3,33.5,11.166666666666666,52.887015061962295,52.887015061962295,16.132802345536323,48.39840703660897,0.8,1669.7681620465482,1335.8145296372386,1287.4161226006297,24.342763929715,0.5587000409200583,1.5950526315789475,0.10621726587308301,39.09445012186135,183.0693838827535,True,
3,33.75,11.25,52.96323632078675,52.96323632078675,16.210587814129497,48.63176344238849,0.8,1669.7681620465482,1335.8145296372386,1287.18276619485,24.303325393460952,0.5609203806936225,1.5950526315789475,0.10637034718622301,39.150793407596936,183.0693838827535,True,
3,34.0,11.333333333333334,53.039759891161275,53.039759891161275,16.288454379866078,48.86536313959823,0.8,1669.7681620465482,1335.8145296372386,1286.9491664976404,24.263857323986528,0.5631407204671867,1.5950526315789475,0.10652403565607718,39.20736016413724,183.0693838827535,True,
3,34.25,11.416666666666666,53.116585773085845,53.116585773085845,16.366401882713454,49.09920564814036,0.8,1669.7681620465482,1335.8145296372386,1286.7153239890981,24.22436053186755,0.5653610602407508,1.5950526315789475,0.10667833128264553,39.264150391482254,183.0693838827535,True,
3,34.5,11.5,53.19371396656044,53.19371396656044,16.444430163582698,49.3332904907481,0.8,1669.7681620465482,1335.8145296372386,1286.4812391464905,24.18483582393252,0.567581400014315,1.5950526315789475,0.10683323406592805,39.321164089631964,183.0693838827535,True,
3,34.75,11.583333333333334,53.27114447158509,53.27114447158509,16.522539064319318,49.567617192957954,0.8,1669.7681620465482,1335.8145296372386,1286.2469124442807,24.145284003244324,0.5698017397878792,1.5950526315789475,0.10698874400592476,39.37840125858639,183.0693838827535,True,
3,35.0,11.666666666666666,53.348877288159784,53.348877288159784,16.600728427694154,49.802185283082466,0.8,1669.7681620465482,1335.8145296372386,1286.012344354156,24.105705869082513,0.5720220795614434,1.5950526315789475,0.10714486110263563,39.43586189834552,183.0693838827535,True,
3,35.25,11.75,53.4269124162845,53.4269124162845,16.67899809739438,50.03699429218314,0.8,1669.7681620465482,1335.8145296372386,1285.7775353450554,24.066102216925994,0.5742424193350074,1.5950526315789475,0.10730158535606066,39.49354600890935,183.0693838827535,True,
3,35.5,11.833333333333334,53.5052498559593,53.5052498559593,16.757347918014652,50.272043754043956,0.8,1669.7681620465482,1335.8145296372386,1285.5424858831946,24.02647383843613,0.5764627591085717,1.5950526315789475,0.10745891676619988,39.5514535902779,183.0693838827535,True,
3,35.75,11.916666666666666,53.583889607184105,53.583889607184105,16.83577773504834,50.50733320514502,0.8,1669.7681620465482,1335.8145296372386,1285.3071964320936,23.98682152144046,0.5786830988821358,1.5950526315789475,0.10761685533305326,39.609584642451146,183.0693838827535,True,
3,36.0,12.0,53.662831669958976,53.662831669958976,16.9142873948789,50.74286218463671,0.8,1669.7681620465482,1335.8145296372386,1285.0716674526018,23.94714604991668,0.5809034386556999,1.5950526315789475,0.10777540105662083,39.667939165429104,183.0693838827535,True,
3,36.25,12.083333333333334,53.74207604428387,53.74207604428387,16.99287674477141,50.97863023431424,0.8,1669.7681620465482,1335.8145296372386,1284.8358994029243,23.90744820397727,0.5831237784292641,1.5950526315789475,0.10793455393690256,39.72651715921176,183.0693838827535,True,
3,36.5,12.166666666666666,53.82162273015883,53.82162273015883,17.071545632864094,51.21463689859228,0.8,1669.7681620465482,1335.8145296372386,1284.5998927386463,23.867728759854423,0.5853441182028283,1.5950526315789475,0.10809431397389846,39.78531862379913,183.0693838827535,True,
3,36.75,12.25,53.90147172758383,53.90147172758383,17.15029390816008,51.45088172448024,0.8,1669.7681620465482,1335.8145296372386,1284.3636479127583,23.827988489885538,0.5875644579763925,1.5950526315789475,0.10825468116760856,39.84434355919121,183.0693838827535,True,
3,37.0,12.333333333333334,53.98162303655887,53.98162303655887,17.229121420519217,51.68736426155765,0.8,1669.7681620465482,1335.8145296372386,1284.127165375681,23.78822816249912,0.5897847977499566,1.5950526315789475,0.10841565551803281,39.903591965387996,183.0693838827535,True,
3,37.25,12.416666666666666,54.06207665708394,54.06207665708394,17.308028020650006,51.92408406195002,0.8,1669.7681620465482,1335.8145296372386,1283.8904455752886,23.74844854220109,0.5920051375235208,1.5950526315789475,0.10857723702517123,39.96306384238948,183.0693838827535,True,
3,37.5,12.5,54.14283258915906,54.14283258915906,17.38701356010161,52.161040680304836,0.8,1669.7681620465482,1335.8145296372386,1283.6534889569339,23.708650389561587,0.5942254772970849,1.5950526315789475,0.10873942568902382,40.02275919019567,183.0693838827535,True,
3,37.75,12.583333333333334,54.22389083278424,54.22389083278424,17.46607789125603,52.39823367376809,0.8,1669.7681620465482,1335.8145296372386,1283.4162959634705,23.668834461202213,0.5964458170706491,1.5950526315789475,0.10890222150959061,40.08267800880658,183.0693838827535,True,
3,38.0,12.666666666666666,54.30525138795945,54.30525138795945,17.545220867320317,52.63566260196095,0.8,1669.7681620465482,1335.8145296372386,1283.1788670352776,23.629001509783706,0.5986661568442132,1.5950526315789475,0.10906562448687156,40.14282029822219,183.0693838827535,True,
3,38.25,12.75,54.386914254684704,54.386914254684704,17.62444234231892,52.87332702695676,0.8,1669.7681620465482,1335.8145296372386,1282.9412026102818,23.589152283994007,0.6008864966177774,1.5950526315789475,0.10922963462086668,40.203186058442505,183.0693838827535,True,
3,38.5,12.833333333333334,54.46887943296,54.46887943296,17.703742171086166,53.1112265132585,0.8,1669.7681620465482,1335.8145296372386,1282.70330312398,23.54928752853681,0.6031068363913415,1.5950526315789475,0.10939425191157598,40.26377528946753,183.0693838827535,True,
3,38.75,12.916666666666666,54.55114692278534,54.55114692278534,17.78312020925873,53.34936062777619,0.8,1669.7681620465482,1335.8145296372386,1282.4651690094624,23.509407984120543,0.6053271761649057,1.5950526315789475,0.10955947635899944,40.32458799129726,183.0693838827535,True,
3,39.0,13.0,54.63371672416073,54.63371672416073,17.862576313268338,53.58772893980502,0.8,1669.7681620465482,1335.8145296372386,1282.2268006974336,23.469514387447727,0.6075475159384699,1.5950526315789475,0.10972530796313709,40.385624163931695,183.0693838827535,True,
3,39.25,13.083333333333334,54.71658883708615,54.71658883708615,17.942110340334448,53.82633102100334,0.8,1669.7681620465482,1335.8145296372386,1281.9881986162352,23.429607471204807,0.6097678557120341,1.5950526315789475,0.1098917467239889,40.44688380737083,183.0693838827535,True,
3,39.5,13.166666666666666,54.799763261561615,54.799763261561615,18.02172214845709,54.065166445371275,0.8,1669.7681620465482,1335.8145296372386,1281.7493631918674,23.389687964052378,0.6119881954855982,1.5950526315789475,0.11005879264155488,40.50836692161468,183.0693838827535,True,
3,39.75,13.25,54.88323999758713,54.88323999758713,18.10141159640981,54.30423478922943,0.8,1669.7681620465482,1335.8145296372386,1281.5102948480092,23.349756590615804,0.6142085352591624,1.5950526315789475,0.11022644571583505,40.57007350666324,183.0693838827535,True,
3,40.0,13.333333333333334,54.96701904516269,54.96701904516269,18.181178543732603,54.54353563119781,0.8,1669.7681620465482,1335.8145296372386,1281.2709940060408,23.309814071476335,0.6164288750327266,1.5950526315789475,0.11039470594682939,40.6320035625165,183.0693838827535,True,
3,40.25,13.416666666666666,55.0511004042883,55.0511004042883,18.261022850725073,54.78306855217522,0.8,1669.7681620465482,1335.8145296372386,1281.0314610850633,23.269861123162492,0.6186492148062908,1.5950526315789475,0.1105635733345379,40.694157089174475,183.0693838827535,True,
3,40.5,13.5,55.135484074963934,55.135484074963934,18.34094437843958,55.02283313531874,0.8,1669.7681620465482,1335.8145296372386,1280.79169650192,23.229898458142042,0.6208695545798548,1.5950526315789475,0.11073304787896057,40.756534086637146,183.0693838827535,True,
3,40.75,13.583333333333334,55.22017005718962,55.22017005718962,18.420942988674504,55.26282896602351,0.8,1669.7681620465482,1335.8145296372386,1280.551700671215,23.189926784814173,0.6230898943534191,1.5950526315789475,0.11090312958009743,40.81913455490453,183.0693838827535,True,
3,41.0,13.666666666666666,55.30515835096536,55.30515835096536,18.501018543967604,55.50305563190281,0.8,1669.7681620465482,1335.8145296372386,1280.3114740053359,23.149946807502232,0.6253102341269832,1.5950526315789475,0.11107381843794846,40.88195849397662,183.0693838827535,True,
3,41.25,13.75,55.390448956291124,55.390448956291124,18.581170907589424,55.74351272276827,0.8,1669.7681620465482,1335.8145296372386,1280.0710169144704,23.109959226446797,0.6275305739005473,1.5950526315789475,0.11124511445251366,40.94500590385341,183.0693838827535,True,
3,41.5,13.833333333333334,55.47604187316694,55.47604187316694,18.66139994353685,55.98419983061055,0.8,1669.7681620465482,1335.8145296372386,1279.830329806628,23.069964737799108,0.6297509136741116,1.5950526315789475,0.11141701762379305,41.00827678453492,183.0693838827535,True,
3,41.75,13.916666666666666,55.56193710159281,55.56193710159281,18.74170551652664,56.22511654957992,0.8,1669.7681620465482,1335.8145296372386,1279.5894130876586,23.029964033614952,0.6319712534476758,1.5950526315789475,0.11158952795178659,41.071771136021134,183.0693838827535,True,
3,42.0,14.0,55.64813464156871,55.64813464156871,18.82208749198917,56.46626247596751,0.8,1669.7681620465482,1335.8145296372386,1279.348267161271,22.989957801848906,0.6341915932212399,1.5950526315789475,0.1117626454364943,41.135488958312045,183.0693838827535,True,
3,42.25,14.083333333333334,55.73463449309465,55.73463449309465,18.902545736062116,56.70763720818635,0.8,1669.7681620465482,1335.8145296372386,1279.1068924290523,22.94994672634894,0.6364119329948041,1.5950526315789475,0.11193637007791621,41.19943025140767,183.0693838827535,True,
3,42.5,14.166666666666666,55.82143665617066,55.82143665617066,18.98308011558432,56.94924034675296,0.8,1669.7681620465482,1335.8145296372386,1278.8652892904856,22.90993148685141,0.6386322727683682,1.5950526315789475,0.11211070187605228,41.263595015308006,183.0693838827535,True,
3,42.75,14.25,55.90854113079669,55.90854113079669,19.063690498089663,57.19107149426899,0.8,1669.7681620465482,1335.8145296372386,1278.6234581429696,22.869912758976497,0.6408526125419324,1.5950526315789475,0.11228564083090252,41.32798325001304,183.0693838827535,True,
3,43.0,14.333333333333334,55.99594791697275,55.99594791697275,19.144376751801072,57.43313025540321,0.8,1669.7681620465482,1335.8145296372386,1278.3813993818353,22.8298912142239,0.6430729523154965,1.5950526315789475,0.11246118694246693,41.392594955522775,183.0693838827535,True,
3,43.25,14.416666666666666,56.083657014698886,56.083657014698886,19.225138745624534,57.6754162368736,0.8,1669.7681620465482,1335.8145296372386,1278.139113400365,22.78986751996895,0.6452932920890607,1.5950526315789475,0.11263734021074553,41.457430131837235,183.0693838827535,True,
3,43.5,14.5,56.171668423975056,56.171668423975056,19.30597634914323,57.91792904742969,0.8,1669.7681620465482,1335.8145296372386,1277.896600589809,22.74984233945916,0.6475136318626249,1.5950526315789475,0.1128141006357383,41.522488778956394,183.0693838827535,True,
3,43.75,14.583333333333334,56.259982144801256,56.259982144801256,19.386889432611735,58.1606682978352,0.8,1669.7681620465482,1335.8145296372386,1277.6538613394034,22.70981633181101,0.6497339716361891,1.5950526315789475,0.11299146821744523,41.58777089688025,183.0693838827535,True,
3,44.0,14.666666666666666,56.348598177177514,56.348598177177514,19.467877866950253,58.40363360085076,0.8,1669.7681620465482,1335.8145296372386,1277.4108960363878,22.669790152007167,0.6519543114097532,1.5950526315789475,0.11316944295586634,41.65327648560883,183.0693838827535,True,
3,44.25,14.75,56.437516521103795,56.437516521103795,19.548941523738964,58.6468245712169,0.8,1669.7681620465482,1335.8145296372386,1277.1677050660217,22.629764450894076,0.6541746511833173,1.5950526315789475,0.11334802485100161,41.719005545142096,183.0693838827535,True,
3,44.5,14.833333333333334,56.52673717658014,56.52673717658014,19.63008027521243,58.890240825637285,0.8,1669.7681620465482,1335.8145296372386,1276.9242888116014,22.58973987517981,0.6563949909568816,1.5950526315789475,0.11352721390285107,41.784958075480084,183.0693838827535,True,
3,44.75,14.916666666666666,56.61626014360652,56.61626014360652,19.711293994254007,59.13388198276202,0.8,1669.7681620465482,1335.8145296372386,1276.6806476544766,22.5497170674324,0.6586153307304456,1.5950526315789475,0.1137070101114147,41.85113407662277,183.0693838827535,True,
3,45.0,15.0,56.70608542218295,56.70608542218295,19.79258255439043,59.37774766317129,0.8,1669.7681620465482,1335.8145296372386,1276.4367819740673,22.50969666607838,0.6608356705040098,1.5950526315789475,0.1138874134766925,41.91753354857017,183.0693838827535,True,
3,45.25,15.083333333333334,56.7962130123094,56.7962130123094,19.87394582978637,59.62183748935911,0.8,1669.7681620465482,1335.8145296372386,1276.1926921478794,22.469679305401772,0.663056010277574,1.5950526315789475,0.11406842399868447,41.98415649132227,183.0693838827535,True,
3,45.5,15.166666666666666,56.88664291398592,56.88664291398592,19.9553836952391,59.8661510857173,0.8,1669.7681620465482,1335.8145296372386,1275.9483785515213,22.42966561554332,0.6652763500511382,1.5950526315789475,0.11425004167739063,42.051002904879084,183.0693838827535,True,
3,45.75,15.25,56.97737512721248,56.97737512721248,20.036896026173203,60.11068807851961,0.8,1669.7681620465482,1335.8145296372386,1275.703841558719,22.389656222500165,0.6674966898247023,1.5950526315789475,0.11443226651281095,42.11807278924061,183.0693838827535,True,
3,46.0,15.333333333333334,57.06840965198908,57.06840965198908,20.118482698635376,60.35544809590613,0.8,1669.7681620465482,1335.8145296372386,1275.4590815413326,22.349651748125723,0.6697170295982665,1.5950526315789475,0.11461509850494545,42.18536614440683,183.0693838827535,True,
3,46.25,15.416666666666666,57.15974648831572,57.15974648831572,20.20014358928924,60.60043076786772,0.8,1669.7681620465482,1335.8145296372386,1275.214098869371,22.309652810129997,0.6719373693718307,1.5950526315789475,0.11479853765379411,42.252882970377755,183.0693838827535,True,
3,46.5,15.5,57.2513856361924,57.2513856361924,20.281878575410254,60.84563572623076,0.8,1669.7681620465482,1335.8145296372386,1274.9688939110079,22.269660022080153,0.6741577091453949,1.5950526315789475,0.11498258395935695,42.320623267153394,183.0693838827535,True,
3,46.75,15.583333333333334,57.343327095619124,57.343327095619124,20.36368753488067,61.091062604642005,0.8,1669.7681620465482,1335.8145296372386,1274.7234670325965,22.22967399340144,0.676378048918959,1.5950526315789475,0.11516723742163397,42.38858703473373,183.0693838827535,True,
3,47.0,15.666666666666666,57.43557086659591,57.43557086659591,20.44557034618454,61.33671103855362,0.8,1669.7681620465482,1335.8145296372386,1274.477818598685,22.18969532937839,0.6785983886925232,1.5950526315789475,0.11535249804062517,42.45677427311879,183.0693838827535,True,
3,47.25,15.75,57.52811694912272,57.52811694912272,20.527526888402807,61.582580665208425,0.8,1669.7681620465482,1335.8145296372386,1274.23194897203,22.14972463115641,0.6808187284660873,1.5950526315789475,0.11553836581633052,42.525184982308545,183.0693838827535,True,
3,47.5,15.833333333333334,57.62096534319957,57.62096534319957,20.609557041208443,61.82867112362533,0.8,1669.7681620465482,1335.8145296372386,1273.9858585136133,22.10976249574356,0.6830390682396515,1.5950526315789475,0.11572484074875006,42.59381916230301,183.0693838827535,True,
3,47.75,15.916666666666666,57.71411604882647,57.71411604882647,20.691660684861596,62.07498205458479,0.8,1669.7681620465482,1335.8145296372386,1273.7395475826538,22.069809516012736,0.6852594080132156,1.5950526315789475,0.11591192283788376,42.66267681310217,183.0693838827535,True,
3,48.0,16.0,57.80756906600342,57.80756906600342,20.773837700204844,62.32151310061453,0.8,1669.7681620465482,1335.8145296372386,1273.493016536624,22.029866280704134,0.6874797477867798,1.5950526315789475,0.11609961208373165,42.73175793470605,183.0693838827535,True,
3,48.25,16.083333333333332,57.901324394730395,57.901324394730395,20.856087968658507,62.56826390597552,0.8,1669.7681620465482,1335.8145296372386,1273.246265731263,21.989933374427984,0.689700087560344,1.5950526315789475,0.11628790848629371,42.80106252711464,183.0693838827535,True,
3,48.5,16.166666666666668,57.995382035007445,57.995382035007445,20.938411372215995,62.815234116647986,0.8,1669.7681620465482,1335.8145296372386,1272.9992955205905,21.950011377667565,0.6919204273339082,1.5950526315789475,0.11647681204556995,42.870590590327936,183.0693838827535,True,
3,48.75,16.25,58.08974198683452,58.08974198683452,21.02080779343916,63.06242338031748,0.8,1669.7681620465482,1335.8145296372386,1272.752106256921,21.910100866782606,0.6941407671074723,1.5950526315789475,0.11666632276156035,42.94034212434593,183.0693838827535,True,
3,49.0,16.333333333333332,58.18440425021164,58.18440425021164,21.103277115453828,63.309831346361484,0.8,1669.7681620465482,1335.8145296372386,1272.504698290877,21.87020241401283,0.6963611068810365,1.5950526315789475,0.11685644063426492,43.01031712916864,183.0693838827535,True,
3,49.25,16.416666666666668,58.27936882513879,58.27936882513879,21.1858192219452,63.5574576658356,0.8,1669.7681620465482,1335.8145296372386,1272.257071971403,21.830316587481903,0.6985814466546006,1.5950526315789475,0.11704716566368367,43.08051560479604,183.0693838827535,True,
3,49.5,16.5,58.374635711615994,58.374635711615994,21.268433997153476,63.805301991460425,0.8,1669.7681620465482,1335.8145296372386,1272.009227645778,21.790443951201574,0.7008017864281647,1.5950526315789475,0.11723849784981658,43.150937551228154,183.0693838827535,True,
3,49.75,16.583333333333332,58.47020490964326,58.47020490964326,21.351121325869457,64.05336397760837,0.8,1669.7681620465482,1335.8145296372386,1271.7611656596303,21.750585065076173,0.703022126201729,1.5950526315789475,0.11743043719266369,43.22158296846499,183.0693838827535,True,
3,50.0,16.666666666666668,58.566076419220536,58.566076419220536,21.433881093430152,64.30164328029045,0.8,1669.7681620465482,1335.8145296372386,1271.5128863569482,21.710740484907337,0.7052424659752932,1.5950526315789475,0.11762298369222496,43.29245185650652,183.0693838827535,True,
3,50.25,16.75,58.662250240347866,58.662250240347866,21.516713185714476,64.55013955714342,0.8,1669.7681620465482,1335.8145296372386,1271.2643900800952,21.670910762398954,0.7074628057488572,1.5950526315789475,0.1178161373485004,43.36354421535275,183.0693838827535,True,
3,50.5,16.833333333333332,58.75872637302525,58.75872637302525,21.599617489139046,64.79885246741713,0.8,1669.7681620465482,1335.8145296372386,1271.0156771698214,21.63109644516248,0.7096831455224214,1.5950526315789475,0.11800989816149,43.434860045003695,183.0693838827535,True,
3,50.75,16.916666666666668,58.855504817252665,58.855504817252665,21.682593890653944,65.04778167196183,0.8,1669.7681620465482,1335.8145296372386,1270.7667479652769,21.59129807672246,0.7119034852959857,1.5950526315789475,0.11820426613119381,43.50639934545935,183.0693838827535,True,
3,51.0,17.0,58.95258557303013,58.95258557303013,21.76564227773851,65.29692683321554,0.8,1669.7681620465482,1335.8145296372386,1270.517602804023,21.551516196522254,0.7141238250695497,1.5950526315789475,0.11839924125761175,43.5781621167197,183.0693838827535,True,
3,51.25,17.083333333333332,59.04996864035765,59.04996864035765,21.84876253839732,65.54628761519196,0.8,1669.7681620465482,1335.8145296372386,1270.2682420220467,21.511751339930147,0.7163441648431139,1.5950526315789475,0.11859482354074391,43.650148358784776,183.0693838827535,True,
3,51.5,17.166666666666668,59.1476540192352,59.1476540192352,21.931954561156008,65.79586368346803,0.8,1669.7681620465482,1335.8145296372386,1270.0186659537706,21.47200403824558,0.7185645046166781,1.5950526315789475,0.11879101298059021,43.72235807165454,183.0693838827535,True,
3,51.75,17.25,59.245641709662785,59.245641709662785,22.015218235057322,66.04565470517197,0.8,1669.7681620465482,1335.8145296372386,1269.7688749320666,21.432274818705714,0.7207848443902422,1.5950526315789475,0.11898780957715069,43.79479125532902,183.0693838827535,True,
3,52.0,17.333333333333332,59.34393171164042,59.34393171164042,22.098553449657096,66.2956603489713,0.8,1669.7681620465482,1335.8145296372386,1269.5188692882673,21.39256420449218,0.7230051841638064,1.5950526315789475,0.11918521333042535,43.867447909808206,183.0693838827535,True,
3,52.25,17.416666666666668,59.44252402516811,59.44252402516811,22.18196009502029,66.54588028506087,0.8,1669.7681620465482,1335.8145296372386,1269.2686493521778,21.35287271473813,0.7252255239373706,1.5950526315789475,0.11938322424041418,43.9403280350921,183.0693838827535,True,
3,52.5,17.5,59.541418650245824,59.541418650245824,22.26543806171717,66.79631418515152,0.8,1669.7681620465482,1335.8145296372386,1269.0182154520871,21.31320086453546,0.7274458637109347,1.5950526315789475,0.11958184230711717,44.013431631180694,183.0693838827535,True,
3,52.75,17.583333333333332,59.640615586873594,59.640615586873594,22.348987240819344,67.04696172245804,0.8,1669.7681620465482,1335.8145296372386,1268.7675679147806,21.273549164942317,0.729666203484499,1.5950526315789475,0.11978106753053436,44.08675869807399,183.0693838827535,True,
3,53.0,17.666666666666668,59.74011483505141,59.74011483505141,22.43260752389604,67.29782257168812,0.8,1669.7681620465482,1335.8145296372386,1268.5167070655505,21.233918122990815,0.7318865432580631,1.5950526315789475,0.11998089991066571,44.16030923577201,183.0693838827535,True,
3,53.25,17.75,59.839916394779266,59.839916394779266,22.516298803010237,67.5488964090307,0.8,1669.7681620465482,1335.8145296372386,1268.265633228208,21.194308241694966,0.7341068830316272,1.5950526315789475,0.12018133944751122,44.23408324427473,183.0693838827535,True,
3,53.5,17.833333333333332,59.94002026605716,59.94002026605716,22.600060970715024,67.80018291214508,0.8,1669.7681620465482,1335.8145296372386,1268.0143467250934,21.154720020058864,0.7363272228051914,1.5950526315789475,0.12038238614107093,44.30808072358215,183.0693838827535,True,
3,53.75,17.916666666666668,60.04042644888512,60.04042644888512,22.683893920049833,68.0516817601495,0.8,1669.7681620465482,1335.8145296372386,1267.7628478770891,21.115153953085056,0.7385475625787556,1.5950526315789475,0.12058403999134482,44.38230167369429,183.0693838827535,True,
3,54.0,18.0,60.1411349432631,60.1411349432631,22.7677975445368,68.3033926336104,0.8,1669.7681620465482,1335.8145296372386,1267.5111370036282,21.075610531783163,0.7407679023523197,1.5950526315789475,0.12078630099833285,44.45674609461112,183.0693838827535,True,
3,54.25,18.083333333333332,60.24214574919112,60.24214574919112,22.85177173817718,68.55531521453155,0.8,1669.7681620465482,1335.8145296372386,1267.2592144227071,21.036090243178677,0.7429882421258839,1.5950526315789475,0.12098916916203506,44.531413986332666,183.0693838827535,True,
3,54.5,18.166666666666668,60.3434588666692,60.3434588666692,22.935816395447695,68.80744918634309,0.8,1669.7681620465482,1335.8145296372386,1267.0070804508955,20.99659357032198,0.7452085818994483,1.5950526315789475,0.12119264448245148,44.60630534885893,183.0693838827535,True,
3,54.75,18.25,60.44507429569732,60.44507429569732,23.019931411297033,69.0597942338911,0.8,1669.7681620465482,1335.8145296372386,1266.7547354033475,20.957120992297618,0.7474289216730121,1.5950526315789475,0.12139672695958201,44.68142018218988,183.0693838827535,True,
3,55.0,18.333333333333332,60.54699203627547,60.54699203627547,23.10411668114237,69.3123500434271,0.8,1669.7681620465482,1335.8145296372386,1266.5021795938114,20.917672984233686,0.7496492614465764,1.5950526315789475,0.12160141659342674,44.756758486325545,183.0693838827535,True,
3,55.25,18.416666666666668,60.64921208840367,60.64921208840367,23.18837210086584,69.56511630259752,0.8,1669.7681620465482,1335.8145296372386,1266.249413334641,20.878250017311473,0.7518696012201407,1.5950526315789475,0.12180671338398567,44.83232026126592,183.0693838827535,True,
3,55.5,18.5,60.751734452081905,60.751734452081905,23.272697566811104,69.81809270043331,0.8,1669.7681620465482,1335.8145296372386,1265.9964369368054,20.838852558775315,0.7540899409937046,1.5950526315789475,0.12201261733125873,44.90810550701099,183.0693838827535,True,
3,55.75,18.583333333333332,60.85455912731021,60.85455912731021,23.357092975780024,70.07127892734007,0.8,1669.7681620465482,1335.8145296372386,1265.7432507098986,20.79948107194257,0.756310280767269,1.5950526315789475,0.12221912843524602,44.98411422356079,183.0693838827535,True,
3,56.0,18.666666666666668,60.95768611408854,60.95768611408854,23.441558225029205,70.3246746750876,0.8,1669.7681620465482,1335.8145296372386,1265.489854962151,20.76013601621389,0.7585306205408332,1.5950526315789475,0.12242624669594745,45.06034641091528,183.0693838827535,True,
3,56.25,18.75,61.06111541241691,61.06111541241691,23.526093212266684,70.57827963680005,0.8,1669.7681620465482,1335.8145296372386,1265.2362500004385,20.72081784708358,0.7607509603143972,1.5950526315789475,0.12263397211336304,45.13680206907447,183.0693838827535,True,
3,56.5,18.833333333333332,61.16484702229533,61.16484702229533,23.610697835648725,70.83209350694618,0.8,1669.7681620465482,1335.8145296372386,1264.9824361302924,20.681527016150156,0.7629713000879614,1.5950526315789475,0.12284230468749283,45.21348119803838,183.0693838827535,True,
3,56.75,18.916666666666668,61.268880943723794,61.268880943723794,23.695371993776412,71.08611598132924,0.8,1669.7681620465482,1335.8145296372386,1264.7284136559094,20.642263971127164,0.7651916398615257,1.5950526315789475,0.12305124441833679,45.290383797806996,183.0693838827535,True,
3,57.0,19.0,61.373217176702305,61.373217176702305,23.780115585692528,71.34034675707758,0.8,1669.7681620465482,1335.8145296372386,1264.474182880161,20.603029155854063,0.7674119796350898,1.5950526315789475,0.1232607913058949,45.36750986838031,183.0693838827535,True,
3,57.25,19.083333333333332,61.477855721230846,61.477855721230846,23.864928510878315,71.59478553263494,0.8,1669.7681620465482,1335.8145296372386,1264.2197441046037,20.563823010307374,0.769632319408654,1.5950526315789475,0.1234709453501672,45.44485940975834,183.0693838827535,True,
3,57.5,19.166666666666668,61.582796577309445,61.582796577309445,23.949810669250326,71.84943200775098,0.8,1669.7681620465482,1335.8145296372386,1263.9650976294877,20.524645970611918,0.7718526591822182,1.5950526315789475,0.12368170655115368,45.52243242194107,183.0693838827535,True,
3,57.75,19.25,61.688039744938074,61.688039744938074,24.034761961157248,72.10428588347175,0.8,1669.7681620465482,1335.8145296372386,1263.710243753767,20.48549846905231,0.7740729989557822,1.5950526315789475,0.12389307490885429,45.6002289049285,183.0693838827535,True,
3,58.0,19.333333333333332,61.793585224116754,61.793585224116754,24.11978228737688,72.35934686213064,0.8,1669.7681620465482,1335.8145296372386,1263.455182775108,20.446380934084523,0.7762933387293465,1.5950526315789475,0.12410505042326912,45.67824885872065,183.0693838827535,True,
3,58.25,19.416666666666668,61.89943301484548,61.89943301484548,24.20487154911298,72.61461464733894,0.8,1669.7681620465482,1335.8145296372386,1263.1999149898998,20.407293790347705,0.7785136785029106,1.5950526315789475,0.12431763309439811,45.756492283317506,183.0693838827535,True,
3,58.5,19.5,62.00558311712424,62.00558311712424,24.290029647992295,72.87008894397688,0.8,1669.7681620465482,1335.8145296372386,1262.9444406932616,20.368237458676056,0.7807340182764747,1.5950526315789475,0.12453082292224127,45.83495917871906,183.0693838827535,True,
3,58.75,19.583333333333332,62.112035530953044,62.112035530953044,24.3752564860615,73.1257694581845,0.8,1669.7681620465482,1335.8145296372386,1262.688760179054,20.32921235611097,0.782954358050039,1.5950526315789475,0.12474461990679862,45.91364954492533,183.0693838827535,True,
3,59.0,19.666666666666668,62.2187902563319,62.2187902563319,24.46055196578424,73.38165589735272,0.8,1669.7681620465482,1335.8145296372386,1262.432873739886,20.290218895913206,0.7851746978236032,1.5950526315789475,0.12495902404807013,45.9925633819363,183.0693838827535,True,
3,59.25,19.75,62.325847293260786,62.325847293260786,24.54591599003817,73.63774797011452,0.8,1669.7681620465482,1335.8145296372386,1262.176781667124,20.25125748757533,0.7873950375971672,1.5950526315789475,0.1251740353460558,46.07170068975198,183.0693838827535,True,
3,59.5,19.833333333333332,62.43320664173974,62.43320664173974,24.631348462112083,73.89404538633624,0.8,1669.7681620465482,1335.8145296372386,1261.9204842509023,20.212328536834196,0.7896153773707314,1.5950526315789475,0.12538965380075567,46.15106146837236,183.0693838827535,True,
3,59.75,19.916666666666668,62.540868301768725,62.540868301768725,24.71684928570293,74.15054785710879,0.8,1669.7681620465482,1335.8145296372386,1261.6639817801297,20.173432445683655,0.7918357171442957,1.5950526315789475,0.12560587941216972,46.230645717797465,183.0693838827535,True,
3,60.0,20.0,62.648832273347736,62.648832273347736,24.80241836491302,74.40725509473906,0.8,1669.7681620465482,1335.8145296372386,1261.4072745424996,20.134569612387356,0.7940560569178597,1.5950526315789475,0.1258227121802979,46.31045343802725,183.0693838827535,True,
3,60.25,20.083333333333332,62.75709855647681,62.75709855647681,24.888055604247185,74.66416681274156,0.8,1669.7681620465482,1335.8145296372386,1261.150362824497,20.095740431491645,0.7962763966914239,1.5950526315789475,0.12604015210514027,46.39048462906176,183.0693838827535,True,
3,60.5,20.166666666666668,62.865667151155925,62.865667151155925,24.97376090860994,74.92128272582983,0.8,1669.7681620465482,1335.8145296372386,1260.8932469114088,20.05694529383873,0.7984967364649881,1.5950526315789475,0.12625819918669684,46.47073929090098,183.0693838827535,True,
3,60.75,20.25,62.97453805738508,62.97453805738508,25.059534183302713,75.17860254990813,0.8,1669.7681620465482,1335.8145296372386,1260.6359270873304,20.01818458657982,0.8007170762385522,1.5950526315789475,0.12647685342496756,46.5512174235449,183.0693838827535,True,
3,61.0,20.333333333333332,63.083711275164276,63.083711275164276,25.145375334021114,75.43612600206335,0.8,1669.7681620465482,1335.8145296372386,1260.3784036351753,19.979458693188516,0.8029374160121164,1.5950526315789475,0.12669611481995247,46.63191902699352,183.0693838827535,True,
3,61.25,20.416666666666668,63.19318680449352,63.19318680449352,25.23128426685218,75.69385280055654,0.8,1669.7681620465482,1335.8145296372386,1260.1206768366822,19.940767993474225,0.8051577557856806,1.5950526315789475,0.12691598337165153,46.71284410124685,183.0693838827535,True,
3,61.5,20.5,63.3029646453728,63.3029646453728,25.317260888271694,75.95178266481508,0.8,1669.7681620465482,1335.8145296372386,1259.8627469724236,19.90211286359579,0.8073780955592447,1.5950526315789475,0.12713645908006477,46.79399264630489,183.0693838827535,True,
3,61.75,20.583333333333332,63.41304479780212,63.41304479780212,25.40330510514149,76.20991531542447,0.8,1669.7681620465482,1335.8145296372386,1259.604614321814,19.863493676075173,0.8095984353328088,1.5950526315789475,0.12735754194519217,46.875364662167634,183.0693838827535,True,
3,62.0,20.666666666666668,63.52342726178149,63.52342726178149,25.489416824706826,76.46825047412048,0.8,1669.7681620465482,1335.8145296372386,1259.3462791631182,19.82491079981128,0.8118187751063731,1.5950526315789475,0.12757923196703377,46.95696014883509,183.0693838827535,True,
3,62.25,20.75,63.63411203731092,63.63411203731092,25.575595954593723,76.72678786378117,0.8,1669.7681620465482,1335.8145296372386,1259.0877417734573,19.78636460009389,0.8140391148799372,1.5950526315789475,0.12780152914558954,47.03877910630725,183.0693838827535,True,
3,62.5,20.833333333333332,63.74509912439038,63.74509912439038,25.661842402806453,76.98552720841936,0.8,1669.7681620465482,1335.8145296372386,1258.8290024288192,19.747855438617737,0.8162594546535014,1.5950526315789475,0.12802443348085948,47.12082153458412,183.0693838827535,True,
3,62.75,20.916666666666668,63.85638852301987,63.85638852301987,25.748156077724875,77.24446823317463,0.8,1669.7681620465482,1335.8145296372386,1258.570061404064,19.70938367349661,0.8184797944270655,1.5950526315789475,0.12824794497284359,47.20308743366569,183.0693838827535,True,
3,63.0,21.0,63.967980233199405,63.967980233199405,25.834536888101887,77.50361066430565,0.8,1669.7681620465482,1335.8145296372386,1258.310918972933,19.670949659277646,0.8207001342006296,1.5950526315789475,0.12847206362154184,47.285576803551955,183.0693838827535,True,
3,63.25,21.083333333333332,64.07987425492901,64.07987425492901,25.920984743060973,77.76295422918292,0.8,1669.7681620465482,1335.8145296372386,1258.0515754080557,19.632553746955686,0.8229204739741939,1.5950526315789475,0.12869678942695434,47.36828964424296,183.0693838827535,True,
3,63.5,21.166666666666668,64.19207058820864,64.19207058820864,26.00749955209365,78.02249865628094,0.8,1669.7681620465482,1335.8145296372386,1257.7920309809576,19.59419628398776,0.825140813747758,1.5950526315789475,0.12892212238908096,47.45122595573864,183.0693838827535,True,
3,63.75,21.25,64.30456923303832,64.30456923303832,26.094081225056982,78.28224367517095,0.8,1669.7681620465482,1335.8145296372386,1257.5322859620676,19.555877614307605,0.8273611535213221,1.5950526315789475,0.12914806250792177,47.53438573803905,183.0693838827535,True,
3,64.0,21.333333333333332,64.41737018941802,64.41737018941802,26.18072967217119,78.54218901651356,0.8,1669.7681620465482,1335.8145296372386,1257.2723406207251,19.517598078340367,0.8295814932948863,1.5950526315789475,0.12937460978347673,47.617768991144146,183.0693838827535,True,
3,64.25,21.416666666666668,64.5304734573478,64.5304734573478,26.267444804017142,78.80233441205142,0.8,1669.7681620465482,1335.8145296372386,1257.0121952251873,19.47935801301729,0.8318018330684506,1.5950526315789475,0.1296017642157459,47.70137571505397,183.0693838827535,True,
3,64.5,21.5,64.6438790368276,64.6438790368276,26.35422653153396,79.06267959460189,0.8,1669.7681620465482,1335.8145296372386,1256.7518500426368,19.44115775179063,0.8340221728420146,1.5950526315789475,0.1298295258047292,47.78520590976848,183.0693838827535,True,
3,64.75,21.583333333333332,64.75758692785746,64.75758692785746,26.44107476601669,79.32322429805006,0.8,1669.7681620465482,1335.8145296372386,1256.4913053391886,19.402997624648524,0.8362425126155788,1.5950526315789475,0.1300578945504267,47.869259575287714,183.0693838827535,True,
3,65.0,21.666666666666668,64.87159713043734,64.87159713043734,26.527989419113887,79.58396825734167,0.8,1669.7681620465482,1335.8145296372386,1256.230561379897,19.364877958130023,0.8384628523891431,1.5950526315789475,0.13028687045283838,47.95353671161164,183.0693838827535,True,
3,65.25,21.75,64.98590964456729,64.98590964456729,26.614970402825275,79.84491120847582,0.8,1669.7681620465482,1335.8145296372386,1255.9696184287627,19.32679907534017,0.8406831921627071,1.5950526315789475,0.13051645351196423,48.03803731874029,183.0693838827535,True,
3,65.5,21.833333333333332,65.10052447024725,65.10052447024725,26.702017629499448,80.10605288849834,0.8,1669.7681620465482,1335.8145296372386,1255.7084767487402,19.288761295965195,0.8429035319362713,1.5950526315789475,0.13074664372780426,48.12276139667363,183.0693838827535,True,
3,65.75,21.916666666666668,65.21544160747729,65.21544160747729,26.789131011831568,80.3673930354947,0.8,1669.7681620465482,1335.8145296372386,1255.447136601744,19.250764936287734,0.8451238717098355,1.5950526315789475,0.13097744110035844,48.20770894541169,183.0693838827535,True,
3,66.0,22.0,65.33066105625734,65.33066105625734,26.876310462861063,80.6289313885832,0.8,1669.7681620465482,1335.8145296372386,1255.1855982486554,19.212810309202194,0.8473442114833996,1.5950526315789475,0.13120884562962679,48.29287996495444,183.0693838827535,True,
3,66.25,22.083333333333332,65.44618281658745,65.44618281658745,26.963555895969403,80.8906676879082,0.8,1669.7681620465482,1335.8145296372386,1254.9238619493303,19.174897724230107,0.8495645512569638,1.5950526315789475,0.13144085731560934,48.378274455301906,183.0693838827535,True,
3,66.5,22.166666666666668,65.56200688846761,65.56200688846761,27.050867224877827,81.15260167463347,0.8,1669.7681620465482,1335.8145296372386,1254.6619279626052,19.137027487535633,0.851784891030528,1.5950526315789475,0.13167347615830605,48.46389241645409,183.0693838827535,True,
3,66.75,22.25,65.6781332718978,65.6781332718978,27.138244363645164,81.4147330909355,0.8,1669.7681620465482,1335.8145296372386,1254.3997965463032,19.09919990194107,0.8540052308040921,1.5950526315789475,0.13190670215771694,48.549733848410966,183.0693838827535,True,
3,67.0,22.333333333333332,65.79456196687804,65.79456196687804,27.225687226665627,81.67706167999688,0.8,1669.7681620465482,1335.8145296372386,1254.1374679572418,19.061415266942475,0.8562255705776562,1.5950526315789475,0.13214053531384198,48.63579875117255,183.0693838827535,True,
3,67.25,22.416666666666668,65.91129297340831,65.91129297340831,27.313195728666628,81.93958718599988,0.8,1669.7681620465482,1335.8145296372386,1253.8749424512387,19.023673878725308,0.8584459103512205,1.5950526315789475,0.1323749756266812,48.722087124738835,183.0693838827535,True,
3,67.5,22.5,66.02832629148865,66.02832629148865,27.400769784706604,82.20230935411982,0.8,1669.7681620465482,1335.8145296372386,1253.6122202831189,18.985976030180172,0.8606662501247846,1.5950526315789475,0.13261002309623462,48.80859896910984,183.0693838827535,True,
3,67.75,22.583333333333332,66.14566192111903,66.14566192111903,27.488409310172933,82.46522793051881,0.8,1669.7681620465482,1335.8145296372386,1253.3493017067199,18.9483220109186,0.8628865898983488,1.5950526315789475,0.13284567772250222,48.89533428428556,183.0693838827535,True,
3,68.0,22.666666666666668,66.26329986229945,66.26329986229945,27.57611422077978,82.72834266233934,0.8,1669.7681620465482,1335.8145296372386,1253.0861869748992,18.910712107288873,0.8651069296719129,1.5950526315789475,0.13308193950548397,48.982293070265975,183.0693838827535,True,
3,68.25,22.75,66.38124011502988,66.38124011502988,27.663884432565983,82.99165329769795,0.8,1669.7681620465482,1335.8145296372386,1252.8228763395407,18.873146602391955,0.867327269445477,1.5950526315789475,0.13331880844517988,49.06947532705108,183.0693838827535,True,
3,68.5,22.833333333333332,66.49948267931038,66.49948267931038,27.75171986189302,83.25515958567905,0.8,1669.7681620465482,1335.8145296372386,1252.5593700515597,18.835625776097377,0.8695476092190413,1.5950526315789475,0.13355628454158996,49.156881054640905,183.0693838827535,True,
3,68.75,22.916666666666668,66.61802755514091,66.61802755514091,27.839620425442913,83.51886127632874,0.8,1669.7681620465482,1335.8145296372386,1252.2956683609098,18.798149905059297,0.8717679489926055,1.5950526315789475,0.13379436779471426,49.24451025303544,183.0693838827535,True,
3,69.0,23.0,66.73687474252151,66.73687474252151,27.9275860402162,83.78275812064861,0.8,1669.7681620465482,1335.8145296372386,1252.03177151659,18.76071926273251,0.8739882887661695,1.5950526315789475,0.1340330582045527,49.33236292223468,183.0693838827535,True,
3,69.25,23.083333333333332,66.85602424145213,66.85602424145213,28.01561662352991,84.04684987058972,0.8,1669.7681620465482,1335.8145296372386,1251.7676797666488,18.72333411938855,0.8762086285397337,1.5950526315789475,0.1342723557711053,49.42043906223862,183.0693838827535,True,
3,69.5,23.166666666666668,66.9754760519328,66.9754760519328,28.103712093015545,84.31113627904664,0.8,1669.7681620465482,1335.8145296372386,1251.503393358192,18.685994742131818,0.878428968313298,1.5950526315789475,0.1345122604943721,49.508738673047276,183.0693838827535,True,
3,69.75,23.25,67.09523017396353,67.09523017396353,28.191872366617115,84.57561709985134,0.8,1669.7681620465482,1335.8145296372386,1251.2389125373873,18.648701394915754,0.880649308086862,1.5950526315789475,0.13475277237435307,49.59726175466064,183.0693838827535,True,
3,70.0,23.333333333333332,67.21528660754429,67.21528660754429,28.280097362589142,84.84029208776742,0.8,1669.7681620465482,1335.8145296372386,1250.9742375494711,18.611454338559064,0.8828696478604262,1.5950526315789475,0.1349938914110482,49.68600830707871,183.0693838827535,True,
3,70.25,23.416666666666668,67.33564535267509,67.33564535267509,28.368386999494714,85.10516099848414,0.8,1669.7681620465482,1335.8145296372386,1250.7093686387545,18.57425383076197,0.8850899876339904,1.5950526315789475,0.13523561760445751,49.77497833030149,183.0693838827535,True,
3,70.5,23.5,67.45630640935593,67.45630640935593,28.456741196203534,85.3702235886106,0.8,1669.7681620465482,1335.8145296372386,1250.444306048628,18.537100126122475,0.8873103274075544,1.5950526315789475,0.13547795095458098,49.86417182432896,183.0693838827535,True,
3,70.75,23.583333333333332,67.57726977758684,67.57726977758684,28.545159871890096,85.63547961567029,0.8,1669.7681620465482,1335.8145296372386,1250.1790500215684,18.499993476152714,0.8895306671811187,1.5950526315789475,0.13572089146141866,49.95358878916116,183.0693838827535,True,
3,71.0,23.666666666666668,67.69853545736775,67.69853545736775,28.63364294603161,85.90092883809483,0.8,1669.7681620465482,1335.8145296372386,1249.9136007991438,18.46293412929531,0.8917510069546829,1.5950526315789475,0.1359644391249705,50.04322922479805,183.0693838827535,True,
3,71.25,23.75,67.82010344869873,67.82010344869873,28.722190338406254,86.16657101521876,0.8,1669.7681620465482,1335.8145296372386,1249.6479586220198,18.42592233093972,0.893971346728247,1.5950526315789475,0.1362085939452365,50.13309313123964,183.0693838827535,True,
3,71.5,23.833333333333332,67.94197375157975,67.94197375157975,28.810801969091255,86.43240590727376,0.8,1669.7681620465482,1335.8145296372386,1249.3821237299649,18.38895832343868,0.8961916865018112,1.5950526315789475,0.1364533559222167,50.22318050848596,183.0693838827535,True,
3,71.75,23.916666666666668,68.0641463660108,68.0641463660108,28.899477758461064,86.6984332753832,0.8,1669.7681620465482,1335.8145296372386,1249.1160963618554,18.352042346124634,0.8984120262753754,1.5950526315789475,0.13669872505591102,50.31349135653697,183.0693838827535,True,
3,72.0,24.0,68.1866212919919,68.1866212919919,28.98821762718545,86.96465288155635,0.8,1669.7681620465482,1335.8145296372386,1248.8498767556823,18.315174635326184,0.9006323660489395,1.5950526315789475,0.13694470134631953,50.40402567539268,183.0693838827535,True,
3,72.25,24.083333333333332,68.30939852952307,68.30939852952307,29.077021496227772,87.23106448868332,0.8,1669.7681620465482,1335.8145296372386,1248.5834651485552,18.278355424384568,0.9028527058225037,1.5950526315789475,0.13719128479344223,50.49478346505311,183.0693838827535,True,
3,72.5,24.166666666666668,68.43247807860426,68.43247807860426,29.165889286843083,87.49766786052925,0.8,1669.7681620465482,1335.8145296372386,1248.3168617767094,18.24158494367021,0.9050730455960679,1.5950526315789475,0.13743847539727913,50.58576472551825,183.0693838827535,True,
3,72.75,24.25,68.55585993923549,68.55585993923549,29.2548209205764,87.76446276172919,0.8,1669.7681620465482,1335.8145296372386,1248.0500668755094,18.20486342059919,0.907293385369632,1.5950526315789475,0.13768627315783016,50.676969456788086,183.0693838827535,True,
3,73.0,24.333333333333332,68.67954411141677,68.67954411141677,29.34381631926094,88.03144895778283,0.8,1669.7681620465482,1335.8145296372386,1247.7830806794557,18.168191079649777,0.9095137251431962,1.5950526315789475,0.13793467807509538,50.768397658862646,183.0693838827535,True,
3,73.25,24.416666666666668,68.80353059514812,68.80353059514812,29.432875405016297,88.2986262150489,0.8,1669.7681620465482,1335.8145296372386,1247.5159034221897,18.13156814237905,0.9117340649167606,1.5950526315789475,0.1381836901490748,50.860049331741905,183.0693838827535,True,
3,73.5,24.5,68.92781939042946,68.92781939042946,29.5219981002467,88.5659943007401,0.8,1669.7681620465482,1335.8145296372386,1247.2485353364984,18.0949948274394,0.9139544046903244,1.5950526315789475,0.13843330937976833,50.951924475425855,183.0693838827535,True,
3,73.75,24.583333333333332,69.05241049726087,69.05241049726087,29.6111843276394,88.8335529829182,0.8,1669.7681620465482,1335.8145296372386,1246.9809766543203,18.058471350595138,0.9161747444638887,1.5950526315789475,0.13868353576717607,51.04402308991452,183.0693838827535,True,
3,74.0,24.666666666666668,69.17730391564231,69.17730391564231,29.70043401016283,89.10130203048848,0.8,1669.7681620465482,1335.8145296372386,1246.71322760675,18.021997924739075,0.918395084237453,1.5950526315789475,0.138934369311298,51.13634517520789,183.0693838827535,True,
3,74.25,24.75,69.30249964557382,69.30249964557382,29.789747071064888,89.36924121319467,0.8,1669.7681620465482,1335.8145296372386,1246.4452884240438,17.98557475990913,0.9206154240110169,1.5950526315789475,0.13918581001213406,51.228890731305974,183.0693838827535,True,
3,74.5,24.833333333333332,69.42799768705538,69.42799768705538,29.879123433871396,89.63737030161418,0.8,1669.7681620465482,1335.8145296372386,1246.1771593356243,17.94920206330493,0.9228357637845813,1.5950526315789475,0.13943785786968435,51.321659758208774,183.0693838827535,True,
3,74.75,24.916666666666668,69.55379804008696,69.55379804008696,29.96856302238429,89.90568906715288,0.8,1669.7681620465482,1335.8145296372386,1245.9088405700857,17.912880039304437,0.9250561035581455,1.5950526315789475,0.1396905128839488,51.41465225591627,183.0693838827535,True,
3,75.0,25.0,69.67990070466857,69.67990070466857,30.058065760679984,90.17419728203996,0.8,1669.7681620465482,1335.8145296372386,1245.6403323551986,17.876608889480526,0.9272764433317094,1.5950526315789475,0.13994377505492736,51.507868224428464,183.0693838827535,True,
3,75.25,25.083333333333332,69.80630568080024,69.80630568080024,30.147631573107844,90.44289471932353,0.8,1669.7681620465482,1335.8145296372386,1245.3716349179151,17.840388812617633,0.9294967831052737,1.5950526315789475,0.14019764438262017,51.601307663745374,183.0693838827535,True,
3,75.5,25.166666666666668,69.93301296848196,69.93301296848196,30.23726038428837,90.71178115286511,0.8,1669.7681620465482,1335.8145296372386,1245.1027484843735,17.804220004728347,0.931717122878838,1.5950526315789475,0.14045212086702713,51.694970573866996,183.0693838827535,True,
3,75.75,25.25,70.0600225677137,70.0600225677137,30.326952119111695,90.98085635733509,0.8,1669.7681620465482,1335.8145296372386,1244.8336732799035,17.768102659070077,0.9339374626524019,1.5950526315789475,0.14070720450814822,51.788856954793296,183.0693838827535,True,
3,76.0,25.333333333333332,70.18733447849552,70.18733447849552,30.416706702736025,91.25012010820808,0.8,1669.7681620465482,1335.8145296372386,1244.5644095290304,17.73203696616159,0.9361578024259662,1.5950526315789475,0.14096289530598355,51.88296680652434,183.0693838827535,True,
3,76.25,25.416666666666668,70.31494870082736,70.31494870082736,30.5065240605859,91.5195721817577,0.8,1669.7681620465482,1335.8145296372386,1244.294957455481,17.696023113799697,0.9383781421995305,1.5950526315789475,0.141219193260533,51.977300129060076,183.0693838827535,True,
3,76.5,25.5,70.44286523470925,70.44286523470925,30.59640411835073,91.78921235505219,0.8,1669.7681620465482,1335.8145296372386,1244.0253172821865,17.660061287075802,0.9405984819730945,1.5950526315789475,0.14147609837179664,52.071856922400514,183.0693838827535,True,
3,76.75,25.583333333333332,70.57108408014118,70.57108408014118,30.686346801983227,92.05904040594967,0.8,1669.7681620465482,1335.8145296372386,1243.755489231289,17.62415166839252,0.9428188217466588,1.5950526315789475,0.14173361063977447,52.166637186545664,183.0693838827535,True,
3,77.0,25.666666666666668,70.69960523712315,70.69960523712315,30.77635203769784,92.32905611309351,0.8,1669.7681620465482,1335.8145296372386,1243.4854735241452,17.588294437480286,0.9450391615202229,1.5950526315789475,0.14199173006446647,52.26164092149552,183.0693838827535,True,
3,77.25,25.75,70.82842870565516,70.82842870565516,30.866419751969136,92.59925925590741,0.8,1669.7681620465482,1335.8145296372386,1243.2152703813313,17.552489771413907,0.947259501293787,1.5950526315789475,0.14225045664587263,52.35686812725008,183.0693838827535,True,
3,77.5,25.833333333333332,70.95755448573722,70.95755448573722,30.95654987153042,92.86964961459125,0.8,1669.7681620465482,1335.8145296372386,1242.9448800226473,17.51673784462914,0.9494798410673513,1.5950526315789475,0.14250979038399297,52.45231880380934,183.0693838827535,True,
3,77.75,25.916666666666668,71.08698257736934,71.08698257736934,31.0467423233721,93.1402269701163,0.8,1669.7681620465482,1335.8145296372386,1242.6743026671222,17.481038828939262,0.9517001808409155,1.5950526315789475,0.1427697312788275,52.547992951173335,183.0693838827535,True,
3,78.0,26.0,71.21671298055146,71.21671298055146,31.136997034740258,93.41099110422077,0.8,1669.7681620465482,1335.8145296372386,1242.4035385330178,17.44539289355162,0.9539205206144795,1.5950526315789475,0.14303027933037615,52.64389056934199,183.0693838827535,True,
3,78.25,26.083333333333332,71.34674569528364,71.34674569528364,31.22731393313514,93.68194179940542,0.8,1669.7681620465482,1335.8145296372386,1242.1325878378332,17.40980020508411,0.9561408603880437,1.5950526315789475,0.14329143453863902,52.74001165831538,183.0693838827535,True,
3,78.5,26.166666666666668,71.4770807215659,71.4770807215659,31.31769294630967,93.953078838929,0.8,1669.7681620465482,1335.8145296372386,1241.8614507983095,17.374260927581755,0.958361200161608,1.5950526315789475,0.14355319690361606,52.83635621809349,183.0693838827535,True,
3,78.75,26.25,71.60771805939817,71.60771805939817,31.408134002267968,94.2244020068039,0.8,1669.7681620465482,1335.8145296372386,1241.5901276304346,17.33877522253318,0.960581539935172,1.5950526315789475,0.14381556642530727,52.93292424867629,183.0693838827535,True,
3,79.0,26.333333333333332,71.73865770878048,71.73865770878048,31.498637029263946,94.49591108779184,0.8,1669.7681620465482,1335.8145296372386,1241.3186185494467,17.303343248887064,0.9628018797087362,1.5950526315789475,0.14407854310371265,53.029715750063794,183.0693838827535,True,
3,79.25,26.416666666666668,71.86989966971284,71.86989966971284,31.589201955799854,94.76760586739957,0.8,1669.7681620465482,1335.8145296372386,1241.046923769839,17.26796516306863,0.9650222194823004,1.5950526315789475,0.1443421269388322,53.126730722256006,183.0693838827535,True,
3,79.5,26.5,72.00144394219525,72.00144394219525,31.67982871062481,95.03948613187444,0.8,1669.7681620465482,1335.8145296372386,1240.7750435053642,17.232641118996067,0.9672425592558644,1.5950526315789475,0.14460631793066592,53.22396916525293,183.0693838827535,True,
3,79.75,26.583333333333332,72.13329052622771,72.13329052622771,31.770517222733453,95.31155166820037,0.8,1669.7681620465482,1335.8145296372386,1240.5029779690383,17.197371268096948,0.9694628990294287,1.5950526315789475,0.14487111607921382,53.32143107905456,183.0693838827535,True,
3,80.0,26.666666666666668,72.2654394218102,72.2654394218102,31.86126742136445,95.58380226409335,0.8,1669.7681620465482,1335.8145296372386,1240.2307273731453,17.162155759324634,0.9716832388029929,1.5950526315789475,0.14513652138447591,53.419116463660906,183.0693838827535,True,
3,80.25,26.75,72.39789062894272,72.39789062894272,31.952079235999157,95.85623770799748,0.8,1669.7681620465482,1335.8145296372386,1239.958291929241,17.126994739174616,0.973903578576557,1.5950526315789475,0.14540253384645213,53.517025319071934,183.0693838827535,True,
3,80.5,26.833333333333332,72.5306441476253,72.5306441476253,32.04295259636025,96.12885778908075,0.8,1669.7681620465482,1335.8145296372386,1239.6856718481579,17.091888351700874,0.9761239183501211,1.5950526315789475,0.14566915346514256,53.61515764528768,183.0693838827535,True,
3,80.75,26.916666666666668,72.66369997785795,72.66369997785795,32.13388743241032,96.40166229723096,0.8,1669.7681620465482,1335.8145296372386,1239.4128673400076,17.056836738532184,0.9783442581236854,1.5950526315789475,0.14593638024054717,53.71351344230815,183.0693838827535,True,
3,81.0,27.0,72.7970581196406,72.7970581196406,32.22488367435048,96.67465102305144,0.8,1669.7681620465482,1335.8145296372386,1239.1398786141872,17.021840038888442,0.9805645978972495,1.5950526315789475,0.1462042141726659,53.8120927101333,183.0693838827535,True,
3,81.25,27.083333333333332,72.9307185729733,72.9307185729733,32.3159412526191,96.9478237578573,0.8,1669.7681620465482,1335.8145296372386,1238.8667058793812,16.98689838959685,0.9827849376708137,1.5950526315789475,0.14647265526149886,53.91089544876317,183.0693838827535,True,
3,81.5,27.166666666666668,73.06468133785604,73.06468133785604,32.4070600978904,97.22118029367121,0.8,1669.7681620465482,1335.8145296372386,1238.5933493435673,16.952011925108216,0.9850052774443778,1.5950526315789475,0.14674170350704596,54.00992165819774,183.0693838827535,True,
3,81.75,27.25,73.19894641428886,73.19894641428886,32.498240141073104,97.49472042321932,0.8,1669.7681620465482,1335.8145296372386,1238.3198092140192,16.917180777513103,0.9872256172179419,1.5950526315789475,0.14701135890930725,54.10917133843703,183.0693838827535,True,
3,82.0,27.333333333333332,73.3335138022717,73.3335138022717,32.589481313309236,97.7684439399277,0.8,1669.7681620465482,1335.8145296372386,1238.046085697311,16.88240507655804,0.9894459569915062,1.5950526315789475,0.14728162146828272,54.208644489481024,183.0693838827535,True,
3,82.25,27.416666666666668,73.46838350180458,73.46838350180458,32.68078354597263,98.04235063791789,0.8,1669.7681620465482,1335.8145296372386,1237.7721789993207,16.847684949661613,0.9916662967650703,1.5950526315789475,0.14755249118397235,54.30834111132972,183.0693838827535,True,
3,82.5,27.5,73.60355551288751,73.60355551288751,32.77214677066781,98.31644031200344,0.8,1669.7681620465482,1335.8145296372386,1237.4980893252352,16.813020521930593,0.9938866365386344,1.5950526315789475,0.14782396805637615,54.40826120398312,183.0693838827535,True,
3,82.75,27.583333333333332,73.73902983552047,73.73902983552047,32.86357091922856,98.59071275768568,0.8,1669.7681620465482,1335.8145296372386,1237.223816879553,16.778411916175983,0.9961069763121986,1.5950526315789475,0.14809605208549412,54.50840476744122,183.0693838827535,True,
3,83.0,27.666666666666668,73.87480646970349,73.87480646970349,32.95505592371678,98.86516777115034,0.8,1669.7681620465482,1335.8145296372386,1236.9493618660883,16.74385925292906,0.9983273160857629,1.5950526315789475,0.1483687432713263,54.608771801704044,183.0693838827535,True,
3,83.25,27.75,74.01088541543653,74.01088541543653,33.046601716421044,99.13980514926314,0.8,1669.7681620465482,1335.8145296372386,1236.6747244879755,16.709362650457372,1.000547655859327,1.5950526315789475,0.1486420416138726,54.70936230677156,183.0693838827535,True,
3,83.5,27.833333333333332,74.14726667271964,74.14726667271964,33.13820822985556,99.41462468956666,0.8,1669.7681620465482,1335.8145296372386,1236.399904947672,16.674922224780673,1.0027679956328912,1.5950526315789475,0.1489159471131331,54.81017628264379,183.0693838827535,True,
3,83.75,27.916666666666668,74.28395024155279,74.28395024155279,33.229875396758715,99.68962619027614,0.8,1669.7681620465482,1335.8145296372386,1236.1249034469624,16.640538089686856,1.0049883354064553,1.5950526315789475,0.14919045976910777,54.91121372932073,183.0693838827535,True,
3,84.0,28.0,74.42093612193597,74.42093612193597,33.32160315009194,99.96480945027582,0.8,1669.7681620465482,1335.8145296372386,1235.8497201869627,16.606210356747845,1.0072086751800193,1.5950526315789475,0.14946557958179663,55.012474646802374,183.0693838827535,True,
3,84.25,28.083333333333332,74.55822431386922,74.55822431386922,33.4133914230385,100.2401742691155,0.8,1669.7681620465482,1335.8145296372386,1235.5743553681232,16.57193913533538,1.0094290149535836,1.5950526315789475,0.14974130655119966,55.113959035088726,183.0693838827535,True,
3,84.5,28.166666666666668,74.6958148173525,74.6958148173525,33.50524014900219,100.51572044700657,0.8,1669.7681620465482,1335.8145296372386,1235.298809190232,16.537724532636883,1.011649354727148,1.5950526315789475,0.15001764067731688,55.21566689417979,183.0693838827535,True,
3,84.75,28.25,74.83370763238581,74.83370763238581,33.5971492616062,100.79144778481859,0.8,1669.7681620465482,1335.8145296372386,1235.02308185242,16.503566653671168,1.013869694500712,1.5950526315789475,0.15029458196014822,55.317598224075546,183.0693838827535,True,
3,85.0,28.333333333333332,74.97190275896915,74.97190275896915,33.68911869469187,101.06735608407561,0.8,1669.7681620465482,1335.8145296372386,1234.747173553163,16.46946560130416,1.016090034274276,1.5950526315789475,0.15057213039969375,55.41975302477601,183.0693838827535,True,
3,85.25,28.416666666666668,75.11040019710255,75.11040019710255,33.781148382317525,101.34344514695258,0.8,1669.7681620465482,1335.8145296372386,1234.471084490286,16.435421476264573,1.0183103740478403,1.5950526315789475,0.15085028599595346,55.52213129628118,183.0693838827535,True,
3,85.5,28.5,75.24919994678602,75.24919994678602,33.87323825875727,101.6197147762718,0.8,1669.7681620465482,1335.8145296372386,1234.1948148609667,16.40143437715952,1.0205307138214044,1.5950526315789475,0.15112904874892735,55.624733038591074,183.0693838827535,True,
3,85.75,28.583333333333332,75.38830200801951,75.38830200801951,33.96538825849983,101.89616477549949,0.8,1669.7681620465482,1335.8145296372386,1233.918364861739,16.36750440049014,1.0227510535949687,1.5950526315789475,0.15140841865861543,55.727558251705666,183.0693838827535,True,
3,86.0,28.666666666666668,75.52770638080302,75.52770638080302,34.05759831624737,102.17279494874211,0.8,1669.7681620465482,1335.8145296372386,1233.6417346884964,16.33363164066707,1.0249713933685327,1.5950526315789475,0.15168839572501763,55.83060693562494,183.0693838827535,True,
3,86.25,28.75,75.66741306513659,75.66741306513659,34.14986836691434,102.44960510074301,0.8,1669.7681620465482,1335.8145296372386,1233.3649245364957,16.299816190025968,1.0271917331420968,1.5950526315789475,0.15196897994813402,55.93387909034894,183.0693838827535,True,
3,86.5,28.833333333333332,75.80742206102025,75.80742206102025,34.24219834562638,102.72659503687913,0.8,1669.7681620465482,1335.8145296372386,1233.0879346003594,16.26605813884293,1.029412072915661,1.5950526315789475,0.15225017132796465,56.037374715877675,183.0693838827535,True,
3,86.75,28.916666666666668,75.9477333684539,75.9477333684539,34.33458818771908,103.00376456315723,0.8,1669.7681620465482,1335.8145296372386,1232.8107650740812,16.232357575349955,1.0316324126892253,1.5950526315789475,0.1525319698645094,56.14109381221109,183.0693838827535,True,
3,87.0,29.0,76.0883469874376,76.0883469874376,34.4270378287369,103.2811134862107,0.8,1669.7681620465482,1335.8145296372386,1232.533416151028,16.198714585750203,1.0338527524627894,1.5950526315789475,0.1528143755577683,56.2450363793492,183.0693838827535,True,
3,87.25,29.083333333333332,76.22926291797134,76.22926291797134,34.51954720443213,103.55864161329639,0.8,1669.7681620465482,1335.8145296372386,1232.2558880239421,16.165129254233324,1.0360730922363535,1.5950526315789475,0.1530973884077414,56.34920241729203,183.0693838827535,True,
3,87.5,29.166666666666668,76.37048116005514,76.37048116005514,34.61211625076362,103.83634875229086,0.8,1669.7681620465482,1335.8145296372386,1231.9781808849477,16.131601662990732,1.0382934320099177,1.5950526315789475,0.15338100841442867,56.45359192603957,183.0693838827535,True,
3,87.75,29.25,76.51200171368897,76.51200171368897,34.70474490389579,104.11423471168736,0.8,1669.7681620465482,1335.8145296372386,1231.7002949255511,16.09813189223076,1.0405137717834818,1.5950526315789475,0.15366523557783013,56.558204905591815,183.0693838827535,True,
3,88.0,29.333333333333332,76.65382457887284,76.65382457887284,34.79743310019746,104.39229930059238,0.8,1669.7681620465482,1335.8145296372386,1231.4222303366462,16.064720020193853,1.042734111557046,1.5950526315789475,0.15395006989794574,56.66304135594876,183.0693838827535,True,
3,88.25,29.416666666666668,76.79594975560677,76.79594975560677,34.89018077624086,104.67054232872258,0.8,1669.7681620465482,1335.8145296372386,1231.143987308516,16.031366123167608,1.0449544513306102,1.5950526315789475,0.15423551137477554,56.76810127711042,183.0693838827535,True,
3,88.5,29.5,76.93837724389073,76.93837724389073,34.98298786880044,104.94896360640132,0.8,1669.7681620465482,1335.8145296372386,1230.8655660308373,15.998070275501863,1.0471747911041742,1.5950526315789475,0.15452156000831946,56.87338466907676,183.0693838827535,True,
3,88.75,29.583333333333332,77.08110704372474,77.08110704372474,35.07585431485186,105.22756294455559,0.8,1669.7681620465482,1335.8145296372386,1230.586966692683,15.964832549623669,1.0493951308777385,1.5950526315789475,0.15480821579857762,56.97889153184784,183.0693838827535,True,
3,89.0,29.666666666666668,77.2241391551088,77.2241391551088,35.16878005157091,105.50634015471275,0.8,1669.7681620465482,1335.8145296372386,1230.308189482526,15.931653016052225,1.0516154706513028,1.5950526315789475,0.15509547874554996,57.08462186542363,183.0693838827535,True,
3,89.25,29.75,77.3674735780429,77.3674735780429,35.26176501633243,105.7852950489973,0.8,1669.7681620465482,1335.8145296372386,1230.0292345882413,15.89853174341377,1.0538358104248668,1.5950526315789475,0.15538334884923644,57.19057566980411,183.0693838827535,True,
3,89.5,29.833333333333332,77.51111031252704,77.51111031252704,35.354809146709314,106.06442744012794,0.8,1669.7681620465482,1335.8145296372386,1229.7501021971107,15.86546879845641,1.056056150198431,1.5950526315789475,0.1556718261096371,57.296752944989294,183.0693838827535,True,
3,89.75,29.916666666666668,77.65504935856121,77.65504935856121,35.44791238047143,106.3437371414143,0.8,1669.7681620465482,1335.8145296372386,1229.4707924958243,15.832464246064886,1.0582764899719952,1.5950526315789475,0.15596091052675193,57.40315369097919,183.0693838827535,True,
3,90.0,30.0,77.79929071614544,77.79929071614544,35.54107465558458,106.62322396675374,0.8,1669.7681620465482,1335.8145296372386,1229.1913056704848,15.799518149275295,1.0604968297455593,1.5950526315789475,0.15625060210058092,57.509777907773795,183.0693838827535,True,
3,90.25,30.083333333333332,77.94383438527971,77.94383438527971,35.6342959102095,106.9028877306285,0.8,1669.7681620465482,1335.8145296372386,1228.9116419066102,15.766630569289768,1.0627171695191235,1.5950526315789475,0.15654090083112412,57.61662559537311,183.0693838827535,True,
3,90.5,30.166666666666668,78.08868036596404,78.08868036596404,35.72757608270083,107.18272824810248,0.8,1669.7681620465482,1335.8145296372386,1228.6318013891362,15.733801565491062,1.0649375092926876,1.5950526315789475,0.15683180671838148,57.723696753777126,183.0693838827535,True,
3,90.75,30.25,78.23382865819839,78.23382865819839,35.820915111606105,107.46274533481832,0.8,1669.7681620465482,1335.8145296372386,1228.3517843024204,15.701031195457123,1.0671578490662517,1.5950526315789475,0.157123319762353,57.83099138298585,183.0693838827535,True,
3,91.0,30.333333333333332,78.37927926198279,78.37927926198279,35.91431293566472,107.74293880699415,0.8,1669.7681620465482,1335.8145296372386,1228.0715908302445,15.668319514975565,1.069378188839816,1.5950526315789475,0.1574154399630387,57.93850948299928,183.0693838827535,True,
3,91.25,30.416666666666668,78.52503217731724,78.52503217731724,36.00776949380701,108.02330848142103,0.8,1669.7681620465482,1335.8145296372386,1227.7912211558175,15.63566657805812,1.0715985286133802,1.5950526315789475,0.15770816732043857,58.046251053817414,183.0693838827535,True,
3,91.5,30.5,78.67108740420171,78.67108740420171,36.10128472515316,108.30385417545946,0.8,1669.7681620465482,1335.8145296372386,1227.510675461779,15.60307243695502,1.0738188683869443,1.5950526315789475,0.1580015018345526,58.154216095440255,183.0693838827535,True,
3,91.75,30.583333333333332,78.81744494263623,78.81744494263623,36.19485856901233,108.584575707037,0.8,1669.7681620465482,1335.8145296372386,1227.2299539302016,15.570537142169306,1.0760392081605084,1.5950526315789475,0.15829544350538083,58.2624046078678,183.0693838827535,True,
3,92.0,30.666666666666668,78.96410479262083,78.96410479262083,36.28849096488159,108.86547289464477,0.8,1669.7681620465482,1335.8145296372386,1226.9490567425937,15.538060742471075,1.0782595479340726,1.5950526315789475,0.15858999233292323,58.370816591100066,183.0693838827535,True,
3,92.25,30.75,79.11106695415543,79.11106695415543,36.38218185244496,109.14654555733487,0.8,1669.7681620465482,1335.8145296372386,1226.6679840799038,15.505643284911747,1.0804798877076367,1.5950526315789475,0.1588851483171798,58.47945204513702,183.0693838827535,True,
3,92.5,30.833333333333332,79.25833142724012,79.25833142724012,36.47593117157256,109.42779351471768,0.8,1669.7681620465482,1335.8145296372386,1226.386736122521,15.473284814838113,1.082700227481201,1.5950526315789475,0.15918091145815055,58.58831096997871,183.0693838827535,True,
3,92.75,30.916666666666668,79.40589821187481,79.40589821187481,36.56973886231948,109.70921658695845,0.8,1669.7681620465482,1335.8145296372386,1226.10531305028,15.440985375906513,1.0849205672547653,1.5950526315789475,0.15947728175583548,58.69739336562508,183.0693838827535,True,
3,93.0,31.0,79.55376730805955,79.55376730805955,36.66360486492499,109.99081459477497,0.8,1669.7681620465482,1335.8145296372386,1225.8237150424636,15.408745010096789,1.087140907028329,1.5950526315789475,0.15977425921023453,58.806699232076156,183.0693838827535,True,
3,93.25,31.083333333333332,79.70193871579433,79.70193871579433,36.7575291198115,110.27258735943451,0.8,1669.7681620465482,1335.8145296372386,1225.541942277804,15.376563757726279,1.0893612468018934,1.5950526315789475,0.1600718438213478,58.91622856933194,183.0693838827535,True,
3,93.5,31.166666666666668,79.8504124350792,79.8504124350792,36.85151156758369,110.55453470275108,0.8,1669.7681620465482,1335.8145296372386,1225.2599949344876,15.34444165746371,1.091581586575458,1.5950526315789475,0.16037003558917529,59.02598137739247,183.0693838827535,True,
3,93.75,31.25,79.99918846591405,79.99918846591405,36.94555214902749,110.83665644708248,0.8,1669.7681620465482,1335.8145296372386,1224.977873190156,15.312378746343072,1.0938019263490217,1.5950526315789475,0.16066883451371683,59.135957656257645,183.0693838827535,True,
3,94.0,31.333333333333332,80.14826680829896,80.14826680829896,37.039650805109304,111.11895241532791,0.8,1669.7681620465482,1335.8145296372386,1224.6955772219108,15.280375059777333,1.096022266122586,1.5950526315789475,0.1609682405949726,59.246157405927555,183.0693838827535,True,
3,94.25,31.416666666666668,80.29764746223394,80.29764746223394,37.133807476974965,111.4014224309249,0.8,1669.7681620465482,1335.8145296372386,1224.4131072063137,15.2484306315722,1.0982426058961503,1.5950526315789475,0.1612682538329426,59.356580626402184,183.0693838827535,True,
3,94.5,31.5,80.44733042771892,80.44733042771892,37.22802210594887,111.6840663178466,0.8,1669.7681620465482,1335.8145296372386,1224.130463319392,15.216545493939792,1.1004629456697141,1.5950526315789475,0.16156887422762667,59.46722731768149,183.0693838827535,True,
3,94.75,31.583333333333332,80.59731570475401,80.59731570475401,37.32229463353313,111.9668839005994,0.8,1669.7681620465482,1335.8145296372386,1223.8476457366392,15.184719677512174,1.1026832854432786,1.5950526315789475,0.16187010177902503,59.578097479765546,183.0693838827535,True,
3,95.0,31.666666666666668,80.7476032933391,80.7476032933391,37.41662500140658,112.24987500421975,0.8,1669.7681620465482,1335.8145296372386,1223.5646546330188,15.152953211354957,1.1049036252168427,1.5950526315789475,0.1621719364871375,59.68919111265428,183.0693838827535,True,
3,95.25,31.75,80.89819319347423,80.89819319347423,37.51101315142397,112.5330394542719,0.8,1669.7681620465482,1335.8145296372386,1223.2814901829668,15.121246122980711,1.1071239649904068,1.5950526315789475,0.16247437835196413,59.800508216347716,183.0693838827535,True,
3,95.5,31.833333333333332,81.04908540515942,81.04908540515942,37.60545902561506,112.81637707684519,0.8,1669.7681620465482,1335.8145296372386,1222.9981525603935,15.089598438362389,1.109344304763971,1.5950526315789475,0.16277742737350498,59.91204879084587,183.0693838827535,True,
3,95.75,31.916666666666668,81.20027992839464,81.20027992839464,37.699962566183714,113.09988769855114,0.8,1669.7681620465482,1335.8145296372386,1222.7146419386875,15.058010181946685,1.1115646445375353,1.5950526315789475,0.16308108355176,60.023812836148736,183.0693838827535,True,
3,96.0,32.0,81.3517767631799,81.3517767631799,37.79452371550706,113.38357114652118,0.8,1669.7681620465482,1335.8145296372386,1222.4309584907173,15.026481376667288,1.1137849843110994,1.5950526315789475,0.16338534688672912,60.1358003522563,183.0693838827535,True,
3,96.25,32.083333333333336,81.50357590951519,81.50357590951519,37.88914241613465,113.66742724840395,0.8,1669.7681620465482,1335.8145296372386,1222.1471023888346,14.995012043958113,1.1160053240846635,1.5950526315789475,0.16369021737841244,60.24801133916855,183.0693838827535,True,
3,96.5,32.166666666666664,81.65567736740057,81.65567736740057,37.98381861078751,113.95145583236253,0.8,1669.7681620465482,1335.8145296372386,1221.863073804876,14.963602203766433,1.1182256638582275,1.5950526315789475,0.16399569502680997,60.36044579688554,183.0693838827535,True,
3,96.75,32.25,81.80808113683597,81.80808113683597,38.07855224235743,114.2356567270723,0.8,1669.7681620465482,1335.8145296372386,1221.5788729101664,14.932251874566001,1.1204460036317918,1.5950526315789475,0.16430177983192168,60.47310372540723,183.0693838827535,True,
3,97.0,32.333333333333336,81.9607872178214,81.9607872178214,38.17334325390596,114.5200297617179,0.8,1669.7681620465482,1335.8145296372386,1221.2944998755206,14.900961073370029,1.122666343405356,1.5950526315789475,0.16460847179374755,60.58598512473362,183.0693838827535,True,
3,97.25,32.416666666666664,82.11379561035687,82.11379561035687,38.26819158866368,114.80457476599105,0.8,1669.7681620465482,1335.8145296372386,1221.0099548712476,14.869729815744185,1.1248866831789202,1.5950526315789475,0.16491577091228754,60.69908999486471,183.0693838827535,True,
3,97.5,32.5,82.2671063144424,82.2671063144424,38.36309719002937,115.08929157008811,0.8,1669.7681620465482,1335.8145296372386,1220.7252380671505,14.838558115819446,1.1271070229524842,1.5950526315789475,0.16522367718754175,60.81241833580051,183.0693838827535,True,
3,97.75,32.583333333333336,82.42071933007797,82.42071933007797,38.4580600015691,115.37418000470731,0.8,1669.7681620465482,1335.8145296372386,1220.4403496325313,14.807445986304966,1.1293273627260485,1.5950526315789475,0.16553219061951013,60.92597014754102,183.0693838827535,True,
3,98.0,32.666666666666664,82.57463465726357,82.57463465726357,38.55307996701543,115.65923990104628,0.8,1669.7681620465482,1335.8145296372386,1220.1552897361923,14.776393438500826,1.1315477024996126,1.5950526315789475,0.16584131120819268,61.039745430086235,183.0693838827535,True,
3,98.25,32.75,82.72885229599925,82.72885229599925,38.64815703026669,115.94447109080006,0.8,1669.7681620465482,1335.8145296372386,1219.8700585464385,14.745400482310707,1.1337680422731768,1.5950526315789475,0.16615103895358943,61.15374418343617,183.0693838827535,True,
3,98.5,32.833333333333336,82.88337224628494,82.88337224628494,38.74329113538603,116.22987340615809,0.8,1669.7681620465482,1335.8145296372386,1219.5846562310805,14.714467126254576,1.135988382046741,1.5950526315789475,0.1664613738557003,61.26796640759079,183.0693838827535,True,
3,98.75,32.916666666666664,83.03819450812068,83.03819450812068,38.83848222660069,116.51544667980207,0.8,1669.7681620465482,1335.8145296372386,1219.2990829574364,14.683593377481198,1.138208721820305,1.5950526315789475,0.16677231591452538,61.38241210255013,183.0693838827535,True,
3,99.0,33.0,83.19331908150647,83.19331908150647,38.93373024830121,116.80119074490364,0.8,1669.7681620465482,1335.8145296372386,1219.013338892335,14.652779241780685,1.1404290615938693,1.5950526315789475,0.16708386513006462,61.497081268314176,183.0693838827535,True,
3,99.25,33.083333333333336,83.34874596644231,83.34874596644231,39.0290351450406,117.0871054351218,0.8,1669.7681620465482,1335.8145296372386,1218.7274242021167,14.6220247235969,1.1426494013674335,1.5950526315789475,0.16739602150231808,61.61197390488294,183.0693838827535,True,
3,99.5,33.166666666666664,83.50447516292819,83.50447516292819,39.124396861533526,117.37319058460058,0.8,1669.7681620465482,1335.8145296372386,1218.441339052638,14.591329826039852,1.1448697411409976,1.5950526315789475,0.16770878503128567,61.72709001225639,183.0693838827535,True,
3,99.75,33.25,83.66050667096408,83.66050667096408,39.21981534265563,117.65944602796688,0.8,1669.7681620465482,1335.8145296372386,1218.1550836092717,14.560694550897992,1.1470900809145617,1.5950526315789475,0.1680221557169674,61.84242959043454,183.0693838827535,True,
3,100.0,33.333333333333336,83.81684049055008,83.81684049055008,39.31529053344263,117.94587160032788,0.8,1669.7681620465482,1335.8145296372386,1217.8686580369108,14.530118898650436,1.149310420688126,1.5950526315789475,0.1683361335593634,61.957992639417434,183.0693838827535,True,
3,100.25,33.416666666666664,83.97347662168605,83.97347662168605,39.41082237908961,118.23246713726883,0.8,1669.7681620465482,1335.8145296372386,1217.5820624999697,14.499602868479196,1.15153076046169,1.5950526315789475,0.16865071855847347,62.073779159204996,183.0693838827535,True,
3,100.5,33.5,84.13041506437212,84.13041506437212,39.506410824950244,118.51923247485072,0.8,1669.7681620465482,1335.8145296372386,1217.295297162388,14.469146458281209,1.1537511002352543,1.5950526315789475,0.16896591071429778,62.18978914979729,183.0693838827535,True,
3,100.75,33.583333333333336,84.2876558186082,84.2876558186082,39.60205581653603,118.8061674496081,0.8,1669.7681620465482,1335.8145296372386,1217.0083621876306,14.438749664680453,1.1559714400088184,1.5950526315789475,0.16928171002683623,62.30602261119428,183.0693838827535,True,
3,101.0,33.666666666666664,84.44519888439433,84.44519888439433,39.697757299515516,119.09327189854655,0.8,1669.7681620465482,1335.8145296372386,1216.721257738692,14.408412483039873,1.1581917797823824,1.5950526315789475,0.16959811649608886,62.42247954339597,183.0693838827535,True,
3,101.25,33.75,84.6030442617305,84.6030442617305,39.793515219713605,119.38054565914081,0.8,1669.7681620465482,1335.8145296372386,1216.4339839780978,14.37813490747332,1.1604121195559467,1.5950526315789475,0.16991513012205567,62.53915994640238,183.0693838827535,True,
3,101.5,33.833333333333336,84.76119195061675,84.76119195061675,39.88932952311072,119.66798856933215,0.8,1669.7681620465482,1335.8145296372386,1216.1465410679064,14.34791693085738,1.162632459329511,1.5950526315789475,0.17023275090473666,62.656063820213504,183.0693838827535,True,
3,101.75,33.916666666666664,84.91964195105301,84.91964195105301,39.985200155842094,119.95560046752628,0.8,1669.7681620465482,1335.8145296372386,1215.8589291697124,14.317758544843178,1.164852799103075,1.5950526315789475,0.1705509788441318,62.77319116482932,183.0693838827535,True,
3,102.0,34.0,85.0783942630393,85.0783942630393,40.08112706419708,120.24338119259123,0.8,1669.7681620465482,1335.8145296372386,1215.5711484446474,14.28765973986805,1.167073138876639,1.5950526315789475,0.17086981394024112,62.89054198024983,183.0693838827535,True,
3,102.25,34.083333333333336,85.23744888657565,85.23744888657565,40.177110194618365,120.5313305838551,0.8,1669.7681620465482,1335.8145296372386,1215.2831990533834,14.257620505167216,1.1692934786502034,1.5950526315789475,0.17118925619306463,63.008116266475064,183.0693838827535,True,
3,102.5,34.166666666666664,85.39680582166204,85.39680582166204,40.273149493701254,120.81944848110376,0.8,1669.7681620465482,1335.8145296372386,1214.9950811561348,14.227640828785367,1.1715138184237675,1.5950526315789475,0.1715093056026023,63.125914023505004,183.0693838827535,True,
3,102.75,34.25,85.5564650682985,85.5564650682985,40.369244908192954,121.10773472457886,0.8,1669.7681620465482,1335.8145296372386,1214.7067949126597,14.197720697588156,1.1737341581973317,1.5950526315789475,0.17182996216885416,63.24393525133966,183.0693838827535,True,
3,103.0,34.333333333333336,85.71642662648496,85.71642662648496,40.46539638499184,121.39618915497553,0.8,1669.7681620465482,1335.8145296372386,1214.4183404822631,14.167860097273676,1.1759544979708958,1.5950526315789475,0.17215122589182016,63.362179949979,183.0693838827535,True,
3,103.25,34.416666666666664,85.87669049622149,85.87669049622149,40.561603871146765,121.6848116134403,0.8,1669.7681620465482,1335.8145296372386,1214.1297180237982,14.138059012383797,1.1781748377444599,1.5950526315789475,0.17247309677150036,63.48064811942306,183.0693838827535,True,
3,103.5,34.5,86.03725667750805,86.03725667750805,40.65786731385633,121.97360194156899,0.8,1669.7681620465482,1335.8145296372386,1213.8409276956695,14.108317426315535,1.1803951775180241,1.5950526315789475,0.17279557480789473,63.59933975967182,183.0693838827535,True,
3,103.75,34.583333333333336,86.19812517034467,86.19812517034467,40.75418666046819,122.26255998140458,0.8,1669.7681620465482,1335.8145296372386,1213.551969655834,14.078635321332262,1.1826155172915884,1.5950526315789475,0.1731186600010033,63.7182548707253,183.0693838827535,True,
3,104.0,34.666666666666664,86.35929597473131,86.35929597473131,40.85056185847834,122.55168557543503,0.8,1669.7681620465482,1335.8145296372386,1213.2628440618037,14.049012678574913,1.1848358570651525,1.5950526315789475,0.173442352350826,63.83739345258348,183.0693838827535,True,
3,104.25,34.75,86.52076909066801,86.52076909066801,40.94699285553045,122.84097856659136,0.8,1669.7681620465482,1335.8145296372386,1212.9735510706473,14.019449478073081,1.1870561968387165,1.5950526315789475,0.17376665185736287,63.956755505246356,183.0693838827535,True,
3,104.5,34.833333333333336,86.68254451815476,86.68254451815476,41.04347959941514,123.13043879824542,0.8,1669.7681620465482,1335.8145296372386,1212.6840908389931,13.989945698756099,1.1892765366122808,1.5950526315789475,0.17409155852061395,64.07634102871395,183.0693838827535,True,
3,104.75,34.916666666666664,86.84462225719155,86.84462225719155,41.1400220380693,123.42006611420788,0.8,1669.7681620465482,1335.8145296372386,1212.3944635230307,13.960501318464,1.191496876385845,1.5950526315789475,0.17441707234057918,64.19615002298626,183.0693838827535,True,
3,105.0,35.0,87.00700230777835,87.00700230777835,41.23662011957545,123.70986035872635,0.8,1669.7681620465482,1335.8145296372386,1212.1046692785123,13.93111631395846,1.1937172161594092,1.5950526315789475,0.17474319331725857,64.31618248806325,183.0693838827535,True,
3,105.25,35.083333333333336,87.16968466991524,87.16968466991524,41.33327379216096,123.99982137648288,0.8,1669.7681620465482,1335.8145296372386,1211.8147082607557,13.901790660933614,1.1959375559329735,1.5950526315789475,0.1750699214506522,64.43643842394498,183.0693838827535,True,
3,105.5,35.166666666666664,87.33266934360213,87.33266934360213,41.42998300419754,124.28994901259261,0.8,1669.7681620465482,1335.8145296372386,1211.524580624646,13.872524334026904,1.1981578957065373,1.5950526315789475,0.1753972567407599,64.55691783063138,183.0693838827535,True,
3,105.75,35.25,87.4959563288391,87.4959563288391,41.52674770420043,124.5802431126013,0.8,1669.7681620465482,1335.8145296372386,1211.2342865246374,13.84331730682974,1.2003782354801016,1.5950526315789475,0.17572519918758184,64.6776207081225,183.0693838827535,True,
3,106.0,35.333333333333336,87.65954562562611,87.65954562562611,41.623567840827754,124.87070352248327,0.8,1669.7681620465482,1335.8145296372386,1210.9438261147552,13.8141695518982,1.2025985752536659,1.5950526315789475,0.17605374879111796,64.79854705641834,183.0693838827535,True,
3,106.25,35.416666666666664,87.82343723396316,87.82343723396316,41.720443362879934,125.1613300886398,0.8,1669.7681620465482,1335.8145296372386,1210.6531995485989,13.785081040763615,1.20481891502723,1.5950526315789475,0.17638290555136824,64.9196968755189,183.0693838827535,True,
3,106.5,35.5,87.98763115385026,87.98763115385026,41.817374219298976,125.45212265789692,0.8,1669.7681620465482,1335.8145296372386,1210.3624069793416,13.756051743943072,1.2070392548007942,1.5950526315789475,0.1767126694683327,65.04107016542414,183.0693838827535,True,
3,106.75,35.583333333333336,88.1521273852874,88.1521273852874,41.91436035916785,125.74308107750355,0.8,1669.7681620465482,1335.8145296372386,1210.071448559735,13.727081630949908,1.2092595945743583,1.5950526315789475,0.1770430405420113,65.1626669261341,183.0693838827535,True,
3,107.0,35.666666666666664,88.31692592827454,88.31692592827454,42.01140173170977,126.0342051951293,0.8,1669.7681620465482,1335.8145296372386,1209.7803244421093,13.698170670304092,1.2114799343479223,1.5950526315789475,0.17737401877240408,65.28448715764874,183.0693838827535,True,
3,107.25,35.75,88.48202678281177,88.48202678281177,42.108498286287684,126.32549485886305,0.8,1669.7681620465482,1335.8145296372386,1209.4890347783755,13.669318829542531,1.2137002741214866,1.5950526315789475,0.1777056041595111,65.40653085996811,183.0693838827535,True,
3,107.5,35.833333333333336,88.64742994889903,88.64742994889903,42.20564997240347,126.6169499172104,0.8,1669.7681620465482,1335.8145296372386,1209.1975797200282,13.640526075229392,1.215920613895051,1.5950526315789475,0.17803779670333222,65.52879803309219,183.0693838827535,True,
3,107.75,35.916666666666664,88.81313542653633,88.81313542653633,42.30285673969746,126.90857021909238,0.8,1669.7681620465482,1335.8145296372386,1208.9059594181463,13.611792372966253,1.218140953668615,1.5950526315789475,0.17837059640386752,65.65128867702096,183.0693838827535,True,
3,108.0,36.0,88.97914321572367,88.97914321572367,42.40011853794772,127.20035561384316,0.8,1669.7681620465482,1335.8145296372386,1208.6141740233954,13.583117687402266,1.220361293442179,1.5950526315789475,0.178704003261117,65.77400279175444,183.0693838827535,True,
3,108.25,36.083333333333336,89.14545331646106,89.14545331646106,42.4974353170694,127.49230595120821,0.8,1669.7681620465482,1335.8145296372386,1208.3222236860304,13.554501982244213,1.2225816332157433,1.5950526315789475,0.17903801727508067,65.89694037729264,183.0693838827535,True,
3,108.5,36.166666666666664,89.31206572874852,89.31206572874852,42.59480702711421,127.78442108134263,0.8,1669.7681620465482,1335.8145296372386,1208.030108555896,13.525945220266529,1.2248019729893074,1.5950526315789475,0.17937263844575851,66.02010143363555,183.0693838827535,True,
3,108.75,36.25,89.478980452586,89.478980452586,42.692233618269704,128.0767008548091,0.8,1669.7681620465482,1335.8145296372386,1207.7378287824295,13.497447363321237,1.2270223127628717,1.5950526315789475,0.17970786677315054,66.14348596078315,183.0693838827535,True,
3,109.0,36.333333333333336,89.6461974879735,89.6461974879735,42.78971504085872,128.36914512257616,0.8,1669.7681620465482,1335.8145296372386,1207.4453845146625,13.469008372347835,1.2292426525364357,1.5950526315789475,0.1800437022572567,66.26709395873546,183.0693838827535,True,
3,109.25,36.416666666666664,89.81371683491106,89.81371683491106,42.887251245338724,128.66175373601618,0.8,1669.7681620465482,1335.8145296372386,1207.1527759012224,13.440628207383082,1.2314629923099998,1.5950526315789475,0.18038014489807702,66.39092542749246,183.0693838827535,True,
3,109.5,36.5,89.98153849339866,89.98153849339866,42.984842182301264,128.9545265469038,0.8,1669.7681620465482,1335.8145296372386,1206.8600030903349,13.412306827570792,1.233683332083564,1.5950526315789475,0.18071719469561157,66.51498036705419,183.0693838827535,True,
3,109.75,36.583333333333336,90.14966246343633,90.14966246343633,43.082487802471334,129.247463407414,0.8,1669.7681620465482,1335.8145296372386,1206.5670662298246,13.38404419117148,1.2359036718571283,1.5950526315789475,0.1810548516498603,66.63925877742064,183.0693838827535,True,
3,110.0,36.666666666666664,90.31808874502401,90.31808874502401,43.18018805670676,129.5405641701203,0.8,1669.7681620465482,1335.8145296372386,1206.2739654671184,13.355840255572025,1.2381240116306924,1.5950526315789475,0.18139311576082315,66.76376065859176,183.0693838827535,True,
3,110.25,36.75,90.48681733816176,90.48681733816176,43.27794289599761,129.83382868799282,0.8,1669.7681620465482,1335.8145296372386,1205.9807009492458,13.327694977295192,1.2403443514042565,1.5950526315789475,0.18173198702850019,66.88848601056762,183.0693838827535,True,
3,110.5,36.833333333333336,90.65584824284953,90.65584824284953,43.37575227146563,130.1272568143969,0.8,1669.7681620465482,1335.8145296372386,1205.6872728228418,13.299608312009152,1.2425646911778208,1.5950526315789475,0.18207146545289143,67.01343483334817,183.0693838827535,True,
3,110.75,36.916666666666664,90.82518145908735,90.82518145908735,43.473616134363624,130.42084840309087,0.8,1669.7681620465482,1335.8145296372386,1205.3936812341476,13.271580214536904,1.2447850309513848,1.5950526315789475,0.1824115510339968,67.13860712693342,183.0693838827535,True,
3,111.0,37.0,90.99481698687524,90.99481698687524,43.571534436074906,130.71460330822472,0.8,1669.7681620465482,1335.8145296372386,1205.099926329014,13.243610638865652,1.247005370724949,1.5950526315789475,0.1827522437718164,67.2640028913234,183.0693838827535,True,
3,111.25,37.083333333333336,91.16475482621313,91.16475482621313,43.669507128112635,131.0085213843379,0.8,1669.7681620465482,1335.8145296372386,1204.8060082529007,13.21569953815612,1.2492257104985132,1.5950526315789475,0.1830935436663501,67.38962212651806,183.0693838827535,True,
3,111.5,37.166666666666664,91.33499497710109,91.33499497710109,43.76753416211934,131.302602486358,0.8,1669.7681620465482,1335.8145296372386,1204.5119271508806,13.187846864751764,1.2514460502720772,1.5950526315789475,0.18343545071759804,67.51546483251745,183.0693838827535,True,
3,111.75,37.25,91.5055374395391,91.5055374395391,43.865615489866315,131.59684646959894,0.8,1669.7681620465482,1335.8145296372386,1204.2176831676397,13.16005257018799,1.2536663900456415,1.5950526315789475,0.18377796492556014,67.64153100932154,183.0693838827535,True,
3,112.0,37.333333333333336,91.67638221352715,91.67638221352715,43.96375106325302,131.89125318975906,0.8,1669.7681620465482,1335.8145296372386,1203.9232764474796,13.132316605201256,1.2558867298192058,1.5950526315789475,0.1841210862902364,67.76782065693034,183.0693838827535,True,
3,112.25,37.416666666666664,91.84752929906522,91.84752929906522,44.061940834306476,132.18582250291942,0.8,1669.7681620465482,1335.8145296372386,1203.6287071343193,13.104638919738141,1.2581070695927699,1.5950526315789475,0.18446481481162683,67.89433377534382,183.0693838827535,True,
3,112.5,37.5,92.01897869615334,92.01897869615334,44.160184755180865,132.4805542655426,0.8,1669.7681620465482,1335.8145296372386,1203.333975371696,13.077019462964316,1.260327409366334,1.5950526315789475,0.18480915048973143,68.02107036456204,183.0693838827535,True,
3,112.75,37.583333333333336,92.19073040479152,92.19073040479152,44.25848277815678,132.77544833447035,0.8,1669.7681620465482,1335.8145296372386,1203.0390813027682,13.049458183273504,1.2625477491398982,1.5950526315789475,0.18515409332455024,68.14803042458495,183.0693838827535,True,
3,113.0,37.666666666666664,92.36278442497972,92.36278442497972,44.35683485564076,133.0705045669223,0.8,1669.7681620465482,1335.8145296372386,1202.7440250703162,13.021955028296347,1.2647680889134623,1.5950526315789475,0.18549964331608315,68.27521395541255,183.0693838827535,True,
3,113.25,37.75,92.53514075671798,92.53514075671798,44.455240940164785,133.36572282049434,0.8,1669.7681620465482,1335.8145296372386,1202.4488068167443,12.994509944909199,1.2669884286870265,1.5950526315789475,0.1858458004643303,68.40262095704489,183.0693838827535,True,
3,113.5,37.833333333333336,92.7077994000063,92.7077994000063,44.553700984385586,133.66110295315676,0.8,1669.7681620465482,1335.8145296372386,1202.1534266840818,12.967122879242888,1.2692087684605908,1.5950526315789475,0.18619256476929164,68.53025142948194,183.0693838827535,True,
3,113.75,37.916666666666664,92.88076035484463,92.88076035484463,44.652214941084196,133.9566448232526,0.8,1669.7681620465482,1335.8145296372386,1201.857884813986,12.939793776691424,1.2714291082341547,1.5950526315789475,0.18653993623096707,68.65810537272365,183.0693838827535,True,
3,114.0,38.0,93.05402362123303,93.05402362123303,44.75078276316549,134.25234828949647,0.8,1669.7681620465482,1335.8145296372386,1201.5621813477421,12.912522581920575,1.273649448007719,1.5950526315789475,0.18688791484935674,68.78618278677011,183.0693838827535,True,
3,114.25,38.083333333333336,93.22758919917146,93.22758919917146,44.84940440365742,134.54821321097225,0.8,1669.7681620465482,1335.8145296372386,1201.2663164262663,12.885309238876491,1.2758697877812832,1.5950526315789475,0.18723650062446057,68.91448367162127,183.0693838827535,True,
3,114.5,38.166666666666664,93.40145708865992,93.40145708865992,44.94807981571062,134.84423944713186,0.8,1669.7681620465482,1335.8145296372386,1200.9702901901067,12.858153690794179,1.2780901275548473,1.5950526315789475,0.18758569355627855,69.04300802727712,183.0693838827535,True,
3,114.75,38.25,93.57562728969845,93.57562728969845,45.046808952598006,135.140426857794,0.8,1669.7681620465482,1335.8145296372386,1200.6741027794446,12.83105588020594,1.2803104673284116,1.5950526315789475,0.1879354936448107,69.1717558537377,183.0693838827535,True,
3,115.0,38.333333333333336,93.75009980228701,93.75009980228701,45.145591767713896,135.4367753031417,0.8,1669.7681620465482,1335.8145296372386,1200.3777543340968,12.804015748949784,1.2825308071019759,1.5950526315789475,0.1882859008900571,69.30072715100297,183.0693838827535,True,
3,115.25,38.416666666666664,93.9248746264256,93.9248746264256,45.24442821457382,135.73328464372148,0.8,1669.7681620465482,1335.8145296372386,1200.0812449935172,12.777033238177742,1.2847511468755397,1.5950526315789475,0.18863691529201757,69.42992191907294,183.0693838827535,True,
3,115.5,38.5,94.09995176211424,94.09995176211424,45.34331824681384,136.0299547404415,0.8,1669.7681620465482,1335.8145296372386,1199.784574896797,12.750108288364123,1.286971486649104,1.5950526315789475,0.18898853685069228,69.55934015794763,183.0693838827535,True,
3,115.75,38.583333333333336,94.27533120935296,94.27533120935296,45.44226181819001,136.32678545457003,0.8,1669.7681620465482,1335.8145296372386,1199.4877441826686,12.723240839313739,1.2891918264226683,1.5950526315789475,0.18934076556608115,69.68898186762704,183.0693838827535,True,
3,116.0,38.666666666666664,94.45101296814167,94.45101296814167,45.54125888257797,136.6237766477339,0.8,1669.7681620465482,1335.8145296372386,1199.1907529895047,12.696430830170046,1.2914121661962323,1.5950526315789475,0.18969360143818417,69.81884704811112,183.0693838827535,True,
3,116.25,38.75,94.62699703848047,94.62699703848047,45.64030939397229,136.92092818191685,0.8,1669.7681620465482,1335.8145296372386,1198.8936014553217,12.66967819942322,1.2936325059697966,1.5950526315789475,0.1900470444670014,69.94893569939994,183.0693838827535,True,
3,116.5,38.833333333333336,94.80328342036928,94.80328342036928,45.73941330648612,137.21823991945837,0.8,1669.7681620465482,1335.8145296372386,1198.59628971778,12.64298288491822,1.2958528457433607,1.5950526315789475,0.19040109465253277,70.07924782149345,183.0693838827535,True,
3,116.75,38.916666666666664,94.97987211380814,94.97987211380814,45.838570574350484,137.51571172305145,0.8,1669.7681620465482,1335.8145296372386,1198.298817914187,12.616344823862727,1.2980731855169247,1.5950526315789475,0.1907557519947783,70.20978341439167,183.0693838827535,True,
3,117.0,39.0,95.15676311879706,95.15676311879706,45.93778115191402,137.81334345574206,0.8,1669.7681620465482,1335.8145296372386,1198.0011861814965,12.589763952835066,1.300293525290489,1.5950526315789475,0.19111101649373807,70.3405424780946,183.0693838827535,True,
3,117.25,39.083333333333336,95.33395643533603,95.33395643533603,46.03704499364222,138.11113498092666,0.8,1669.7681620465482,1335.8145296372386,1197.703394656312,12.563240207792077,1.3025138650640533,1.5950526315789475,0.19146688814941198,70.47152501260224,183.0693838827535,True,
3,117.5,39.166666666666664,95.511452063425,95.511452063425,46.13636205411714,138.40908616235143,0.8,1669.7681620465482,1335.8145296372386,1197.405443474887,12.536773524076906,1.3047342048376174,1.5950526315789475,0.19182336696180002,70.60273101791456,183.0693838827535,True,
3,117.75,39.25,95.68925000306405,95.68925000306405,46.2357322880368,138.70719686411041,0.8,1669.7681620465482,1335.8145296372386,1197.1073327731283,12.510363836426725,1.3069545446111817,1.5950526315789475,0.1921804529309023,70.73416049403163,183.0693838827535,True,
3,118.0,39.333333333333336,95.86735025425313,95.86735025425313,46.335155650214695,139.0054669506441,0.8,1669.7681620465482,1335.8145296372386,1196.8090626865944,12.48401107898044,1.3091748843847457,1.5950526315789475,0.1925381460567187,70.86581344095337,183.0693838827535,True,
3,118.25,39.416666666666664,96.04575281699225,96.04575281699225,46.434632095579325,139.30389628673797,0.8,1669.7681620465482,1335.8145296372386,1196.5106333505007,12.45771518528632,1.3113952241583098,1.5950526315789475,0.1928964463392493,70.99768985867983,183.0693838827535,True,
3,118.5,39.5,96.22445769128142,96.22445769128142,46.53416157917374,139.60248473752122,0.8,1669.7681620465482,1335.8145296372386,1196.2120448997173,12.431476088309534,1.313615563931874,1.5950526315789475,0.19325535377849407,71.129789747211,183.0693838827535,True,
3,118.75,39.583333333333336,96.40346487712063,96.40346487712063,46.63374405615498,139.90123216846496,0.8,1669.7681620465482,1335.8145296372386,1195.9132974687736,12.4052937204397,1.3158359037054383,1.5950526315789475,0.19361486837445302,71.26211310654688,183.0693838827535,True,
3,119.0,39.666666666666664,96.5827743745099,96.5827743745099,46.73337948179365,140.20013844538096,0.8,1669.7681620465482,1335.8145296372386,1195.6143911918575,12.379168013498314,1.3180562434790024,1.5950526315789475,0.19397499012712616,71.39465993668746,183.0693838827535,True,
3,119.25,39.75,96.76238618344918,96.76238618344918,46.83306781147342,140.49920343442025,0.8,1669.7681620465482,1335.8145296372386,1195.3153262028184,12.353098898746177,1.3202765832525665,1.5950526315789475,0.19433571903651342,71.52743023763274,183.0693838827535,True,
3,119.5,39.833333333333336,96.94230030393852,96.94230030393852,46.93280900069059,140.79842700207178,0.8,1669.7681620465482,1335.8145296372386,1195.0161026351668,12.3270863068907,1.3224969230261308,1.5950526315789475,0.1946970551026149,71.66042400938274,183.0693838827535,True,
3,119.75,39.916666666666664,97.1225167359779,97.1225167359779,47.03260300505352,141.09780901516055,0.8,1669.7681620465482,1335.8145296372386,1194.7167206220781,12.301130168093238,1.3247172627996948,1.5950526315789475,0.1950589983254305,71.79364125193743,183.0693838827535,True,
3,120.0,40.0,97.30303547956737,97.30303547956737,47.13244978028229,141.3973493408469,0.8,1669.7681620465482,1335.8145296372386,1194.4171802963917,12.275230411976274,1.326937602573259,1.5950526315789475,0.19542154870496037,71.92708196529686,183.0693838827535,True,
4,0.0,0.0,13.05407032090374,13.05407032090374,5.351448072855684,21.405792291422735,0.8,2226.3575493953977,1781.0860395163181,1759.6802472248953,134.79935406867577,0.26117451126246033,1.5950526315789475,0.019663158192661123,7.237244819686744,183.0693838827535,True,
4,0.25,0.0625,48.70696565202568,48.70696565202568,6.279166570812731,25.116666283250925,0.8,2226.3575493953977,1781.0860395163181,1755.9693732330672,36.05170943675975,0.2628397660926335,1.5950526315789475,0.07336660115631953,27.003396349360173,183.0693838827535,True,
4,0.5,0.125,48.74286610786313,48.74286610786313,6.325049868700678,25.300199474802714,0.8,2226.3575493953977,1781.0860395163181,1755.7858400415155,36.02139103096924,0.2645050209228066,1.5950526315789475,0.07342067749610988,27.023299749728555,183.0693838827535,True,
4,0.75,0.1875,48.778993297363094,48.778993297363094,6.370990689841398,25.483962759365593,0.8,2226.3575493953977,1781.0860395163181,1755.6020767569526,35.9909452426493,0.26617027575297975,1.5950526315789475,0.07347509536155195,27.043328852424576,183.0693838827535,True,
4,1.0,0.25,48.81534722052561,48.81534722052561,6.41698885400794,25.66795541603176,0.8,2226.3575493953977,1781.0860395163181,1755.4180841002863,35.960372793623755,0.2678355305831529,1.5950526315789475,0.07352985475264574,27.063483657448256,183.0693838827535,True,
4,1.25,0.3125,48.851927877350654,48.851927877350654,6.463044182656834,25.852176730627335,0.8,2226.3575493953977,1781.0860395163181,1755.2338627856907,35.92967440696387,0.269500785413326,1.5950526315789475,0.07358495566939126,27.08376416479958,183.0693838827535,True,
4,1.5,0.375,48.88873526783822,48.88873526783822,6.50915649890204,26.03662599560816,0.8,2226.3575493953977,1781.0860395163181,1755.04941352071,35.89885080695227,0.2711660402434991,1.5950526315789475,0.07364039811178849,27.104170374478546,183.0693838827535,True,
4,1.75,0.4375,48.92576939198833,48.92576939198833,6.5553256274894744,26.221302509957898,0.8,2226.3575493953977,1781.0860395163181,1754.8647370063602,35.8679027190469,0.27283129507367226,1.5950526315789475,0.07369618207983746,27.124702286485164,183.0693838827535,True,
4,2.0,0.5,48.96303024980096,48.96303024980096,6.60155139477205,26.4062055790882,0.8,2226.3575493953977,1781.0860395163181,1754.67983393723,35.83683086984517,0.27449654990384537,1.5950526315789475,0.07375230757353814,27.145359900819425,183.0693838827535,True,
4,2.25,0.5625,49.000517841276135,49.000517841276135,6.647833628685284,26.591334514741135,0.8,2226.3575493953977,1781.0860395163181,1754.494705001577,35.80563598704785,0.27616180473401847,1.5950526315789475,0.07380877459289054,27.166143217481338,183.0693838827535,True,
4,2.5,0.625,49.03823216641384,49.03823216641384,6.694172158723388,26.776688634893553,0.8,2226.3575493953977,1781.0860395163181,1754.3093508814245,35.77431879942333,0.2778270595641916,1.5950526315789475,0.07386558313789467,27.1870522364709,183.0693838827535,True,
4,2.75,0.6875,49.07617322521408,49.07617322521408,6.740566815915885,26.96226726366354,0.8,2226.3575493953977,1781.0860395163181,1754.1237722526546,35.74288003677171,0.2794923143943647,1.5950526315789475,0.07392273320855053,27.208086957788108,183.0693838827535,True,
4,3.0,0.75,49.114341017676836,49.114341017676836,6.787017432804711,27.148069731218843,0.8,2226.3575493953977,1781.0860395163181,1753.9379697850993,35.71132042988903,0.28115756922453783,1.5950526315789475,0.0739802248048581,27.22924738143296,183.0693838827535,True,
4,3.25,0.8125,49.15273554380214,49.15273554380214,6.833523843421773,27.33409537368709,0.8,2226.3575493953977,1781.0860395163181,1753.7519441426311,35.679640710531494,0.282822824054711,1.5950526315789475,0.07403805792681739,27.25053350740546,183.0693838827535,True,
4,3.5,0.875,49.191356803589976,49.191356803589976,6.880085883266987,27.520343533067948,0.8,2226.3575493953977,1781.0860395163181,1753.5656959832502,35.647841611379896,0.2844880788848841,1.5950526315789475,0.0740962325744284,27.271945335705613,183.0693838827535,True,
4,3.75,0.9375,49.23020479704035,49.23020479704035,6.926703389286779,27.706813557147115,0.8,2226.3575493953977,1781.0860395163181,1753.379225959171,35.61592386600394,0.2861533337150572,1.5950526315789475,0.07415474874769115,27.293482866333413,183.0693838827535,True,
4,4.0,1.0,49.269279524153234,49.269279524153234,6.973376199852986,27.893504799411943,0.8,2226.3575493953977,1781.0860395163181,1753.1925347169063,35.583888208826764,0.28781858854523035,1.5950526315789475,0.0742136064466056,27.315146099288853,183.0693838827535,True,
4,4.25,1.0625,49.308580984928675,49.308580984928675,7.020104154742224,28.080416618968897,0.8,2226.3575493953977,1781.0860395163181,1753.0056228973492,35.5517353750894,0.28948384337540345,1.5950526315789475,0.0742728056711718,27.336935034571948,183.0693838827535,True,
4,4.5,1.125,49.348109179366624,49.348109179366624,7.066887095115649,28.267548380462596,0.8,2226.3575493953977,1781.0860395163181,1752.8184911358555,35.519466100815514,0.2911490982055766,1.5950526315789475,0.0743323464213897,27.358849672182682,183.0693838827535,True,
4,4.75,1.1875,49.38786410746713,49.38786410746713,7.113724863499135,28.45489945399654,0.8,2226.3575493953977,1781.0860395163181,1752.6311400623215,35.48708112277597,0.2928143530357497,1.5950526315789475,0.07439222869725934,27.380890012121075,183.0693838827535,True,
4,5.0,1.25,49.42784576923015,49.42784576923015,7.160617303763837,28.64246921505535,0.8,2226.3575493953977,1781.0860395163181,1752.4435703012628,35.454581178453765,0.2944796078659228,1.5950526315789475,0.07445245249878069,27.403056054387108,183.0693838827535,True,
4,5.25,1.3125,49.46805416465572,49.46805416465572,7.207564261107152,28.83025704442861,0.8,2226.3575493953977,1781.0860395163181,1752.2557824718895,35.421967006008764,0.29614486269609597,1.5950526315789475,0.07451301782595376,27.42534779898079,183.0693838827535,True,
4,5.5,1.375,49.5084892937438,49.5084892937438,7.254565582034039,29.018262328136156,0.8,2226.3575493953977,1781.0860395163181,1752.067777188182,35.38923934424281,0.29781011752626907,1.5950526315789475,0.07457392467877855,27.447765245902115,183.0693838827535,True,
4,5.75,1.4375,49.549151156494425,49.549151156494425,7.301621114338728,29.20648445735491,0.8,2226.3575493953977,1781.0860395163181,1751.8795550589632,35.35639893256464,0.29947537235644217,1.5950526315789475,0.07463517305725507,27.470308395151093,183.0693838827535,True,
4,6.0,1.5,49.59003975290759,49.59003975290759,7.348730707086756,29.394922828347024,0.8,2226.3575493953977,1781.0860395163181,1751.691116687971,35.32344651095515,0.30114062718661533,1.5950526315789475,0.07469676296138332,27.492977246727722,183.0693838827535,True,
4,6.25,1.5625,49.63115508298328,49.63115508298328,7.395894210597382,29.58357684238953,0.8,2226.3575493953977,1781.0860395163181,1751.5024626739287,35.2903828199327,0.30280588201678843,1.5950526315789475,0.07475869439116328,27.515771800631992,183.0693838827535,True,
4,6.5,1.625,49.6724971467215,49.6724971467215,7.443111476426311,29.772445905705244,0.8,2226.3575493953977,1781.0860395163181,1751.3135936106128,35.25720860051836,0.30447113684696153,1.5950526315789475,0.07482096734659496,27.53869205686391,183.0693838827535,True,
4,6.75,1.6875,49.714065944122254,49.714065944122254,7.490382357348781,29.961529429395124,0.8,2226.3575493953977,1781.0860395163181,1751.124510086923,35.2239245942015,0.3061363916771347,1.5950526315789475,0.07488358182767837,27.561738015423476,183.0693838827535,True,
4,7.0,1.75,49.755861475185554,49.755861475185554,7.53770670734294,30.15082682937176,0.8,2226.3575493953977,1781.0860395163181,1750.9352126869464,35.190531542905354,0.30780164650730785,1.5950526315789475,0.07494653783441352,27.584909676310698,183.0693838827535,True,
4,7.25,1.8125,49.79788373991136,49.79788373991136,7.585084381573563,30.340337526294253,0.8,2226.3575493953977,1781.0860395163181,1750.745701990024,35.15703018895277,0.30946690133748095,1.5950526315789475,0.07500983536680036,27.608207039525556,183.0693838827535,True,
4,7.5,1.875,49.840132738299715,49.840132738299715,7.632515236376066,30.530060945504264,0.8,2226.3575493953977,1781.0860395163181,1750.5559785708137,35.12342127503197,0.31113215616765405,1.5950526315789475,0.07507347442483894,27.631630105068066,183.0693838827535,True,
4,7.75,1.9375,49.88260847035062,49.88260847035062,7.679999129240818,30.71999651696327,0.8,2226.3575493953977,1781.0860395163181,1750.366042999355,35.08970554416261,0.3127974109978272,1.5950526315789475,0.07513745500852925,27.65517887293823,183.0693838827535,True,
4,8.0,2.0,49.92531093606402,49.92531093606402,7.727535918797746,30.910143675190984,0.8,2226.3575493953977,1781.0860395163181,1750.1758958411272,35.055883739661816,0.3144626658280003,1.5950526315789475,0.07520177711787127,27.67885334313603,183.0693838827535,True,
4,8.25,2.0625,49.96824013543997,49.96824013543997,7.775125464801242,31.100501859204968,0.8,2226.3575493953977,1781.0860395163181,1749.9855376571131,35.021956605110375,0.3161279206581734,1.5950526315789475,0.07526644075286501,27.70265351566148,183.0693838827535,True,
4,8.5,2.125,50.01139606847846,50.01139606847846,7.822767628115313,31.291070512461253,0.8,2226.3575493953977,1781.0860395163181,1749.794969003857,34.98792488431912,0.31779317548834657,1.5950526315789475,0.07533144591351049,27.726579390514583,183.0693838827535,True,
4,8.75,2.1875,50.05477873517947,50.05477873517947,7.870462270699043,31.48184908279617,0.8,2226.3575493953977,1781.0860395163181,1749.604190433522,34.95378932129544,0.31945843031851967,1.5950526315789475,0.07539679259980767,27.750630967695326,183.0693838827535,True,
4,9.0,2.25,50.098388135543026,50.098388135543026,7.918209255592302,31.672837022369208,0.8,2226.3575493953977,1781.0860395163181,1749.413202493949,34.919550660209815,0.32112368514869283,1.5950526315789475,0.07546248081175659,27.774808247203726,183.0693838827535,True,
4,9.25,2.3125,50.1422242695691,50.1422242695691,7.9660084469017045,31.864033787606818,0.8,2226.3575493953977,1781.0860395163181,1749.2220057287113,34.88520964536269,0.32278893997886593,1.5950526315789475,0.07552851054935722,27.799111229039767,183.0693838827535,True,
4,9.5,2.375,50.18628713725771,50.18628713725771,8.013859709786844,32.05543883914738,0.8,2226.3575493953977,1781.0860395163181,1749.0306006771707,34.8507670211513,0.32445419480903903,1.5950526315789475,0.07559488181260958,27.823539913203454,183.0693838827535,True,
4,9.75,2.4375,50.23057673860887,50.23057673860887,8.061762910446758,32.24705164178703,0.8,2226.3575493953977,1781.0860395163181,1748.838987874531,34.81622353203674,0.3261194496392122,1.5950526315789475,0.07566159460151367,27.848094299694797,183.0693838827535,True,
4,10.0,2.5,50.27509307362254,50.27509307362254,8.10971791610665,32.4388716644266,0.8,2226.3575493953977,1781.0860395163181,1748.6471678518915,34.78157992251119,0.3277847044693853,1.5950526315789475,0.07572864891606947,27.872774388513783,183.0693838827535,True,
4,10.25,2.5625,50.31983614229875,50.31983614229875,8.157724595004828,32.63089838001931,0.8,2226.3575493953977,1781.0860395163181,1748.4551411362988,34.74683693706528,0.3294499592995584,1.5950526315789475,0.07579604475627699,27.897580179660412,183.0693838827535,True,
4,10.5,2.625,50.36480594463749,50.36480594463749,8.20578281637989,32.82313126551956,0.8,2226.3575493953977,1781.0860395163181,1748.2629082507985,34.711995320155545,0.33111521412973155,1.5950526315789475,0.07586378212213624,27.92251167313469,183.0693838827535,True,
4,10.75,2.6875,50.41000248063877,50.41000248063877,8.253892450458137,33.01556980183255,0.8,2226.3575493953977,1781.0860395163181,1748.0704697144856,34.67705581617212,0.33278046895990465,1.5950526315789475,0.07593186101364721,27.94756886893662,183.0693838827535,True,
4,11.0,2.75,50.45542575030258,50.45542575030258,8.302053368441202,33.20821347376481,0.8,2226.3575493953977,1781.0860395163181,1747.8778260425534,34.6420191694066,0.33444572379007775,1.5950526315789475,0.0760002814308099,27.9727517670662,183.0693838827535,True,
4,11.25,2.8125,50.50107575362892,50.50107575362892,8.35026544249388,33.40106176997552,0.8,2226.3575493953977,1781.0860395163181,1747.6849777463426,34.60688612401999,0.3361109786202509,1.5950526315789475,0.07606904337362431,27.99806036752342,183.0693838827535,True,
4,11.5,2.875,50.5469524906178,50.5469524906178,8.39852854573219,33.59411418292876,0.8,2226.3575493953977,1781.0860395163181,1747.4919253333894,34.57165742401083,0.337776233450424,1.5950526315789475,0.07613814684209046,28.023494670308292,183.0693838827535,True,
4,11.75,2.9375,50.593055961269194,50.593055961269194,8.446842552211649,33.787370208846596,0.8,2226.3575493953977,1781.0860395163181,1747.2986693074715,34.5363338131836,0.3394414882805971,1.5950526315789475,0.07620759183620832,28.049054675420805,183.0693838827535,True,
4,12.0,3.0,50.639386165583126,50.639386165583126,8.495207336915712,33.98082934766285,0.8,2226.3575493953977,1781.0860395163181,1747.1052101686553,34.50091603511713,0.34110674311077027,1.5950526315789475,0.07627737835597789,28.074740382860966,183.0693838827535,True,
4,12.25,3.0625,50.68594310355961,50.68594310355961,8.543622775744455,34.17449110297782,0.8,2226.3575493953977,1781.0860395163181,1746.9115484133404,34.46540483313325,0.3427719979409434,1.5950526315789475,0.0763475064013992,28.100551792628785,183.0693838827535,True,
4,12.5,3.125,50.7327267751986,50.7327267751986,8.592088745503412,34.36835498201365,0.8,2226.3575493953977,1781.0860395163181,1746.7176845343045,34.42980095026573,0.3444372527711165,1.5950526315789475,0.07641797597247223,28.12648890472424,183.0693838827535,True,
4,12.75,3.1875,50.77973718050014,50.77973718050014,8.640605123892627,34.56242049557051,0.8,2226.3575493953977,1781.0860395163181,1746.5236190207477,34.39410512922914,0.34610250760128963,1.5950526315789475,0.07648878706919698,28.15255171914735,183.0693838827535,True,
4,13.0,3.25,50.82697431946421,50.82697431946421,8.689171789495873,34.75668715798349,0.8,2226.3575493953977,1781.0860395163181,1746.3293523583347,34.358318112388154,0.34776776243146273,1.5950526315789475,0.07655993969157346,28.178740235898108,183.0693838827535,True,
4,13.25,3.3125,50.87443819209081,50.87443819209081,8.737788621770072,34.95115448708029,0.8,2226.3575493953977,1781.0860395163181,1746.134885029238,34.32244064172684,0.3494330172616359,1.5950526315789475,0.07663143383960165,28.20505445497651,183.0693838827535,True,
4,13.5,3.375,50.92212879837995,50.92212879837995,8.786455501034862,35.14582200413945,0.8,2226.3575493953977,1781.0860395163181,1745.9402175121786,34.28647345881825,0.35109827209180905,1.5950526315789475,0.07670326951328157,28.231494376382564,183.0693838827535,True,
4,13.75,3.4375,50.97004613833161,50.97004613833161,8.83517230846238,35.34068923384952,0.8,2226.3575493953977,1781.0860395163181,1745.7453502824685,34.250417304794134,0.35276352692198215,1.5950526315789475,0.07677544671261322,28.25806000011626,183.0693838827535,True,
4,14.0,3.5,51.018190211945814,51.018190211945814,8.883938926067163,35.53575570426865,0.8,2226.3575493953977,1781.0860395163181,1745.5502838120494,34.21427292031484,0.35442878175215525,1.5950526315789475,0.07684796543759657,28.284751326177606,183.0693838827535,True,
4,14.25,3.5625,51.06656101922254,51.06656101922254,8.932755236696261,35.731020946785044,0.8,2226.3575493953977,1781.0860395163181,1745.355018569533,34.17804104553945,0.3560940365823284,1.5950526315789475,0.07692082568823166,28.311568354566596,183.0693838827535,True,
4,14.5,3.625,51.1151585601618,51.1151585601618,8.981621124019476,35.926484496077904,0.8,2226.3575493953977,1781.0860395163181,1745.1595550202403,34.141722420096045,0.3577592914125015,1.5950526315789475,0.07699402746451847,28.338511085283237,183.0693838827535,True,
4,14.75,3.6875,51.163982834763594,51.163982834763594,9.030536472519794,36.122145890079175,0.8,2226.3575493953977,1781.0860395163181,1744.963893626239,34.10531778305217,0.3594245462426746,1.5950526315789475,0.077067570766457,28.36557951832752,183.0693838827535,True,
4,15.0,3.75,51.21303384302792,51.21303384302792,9.079501167483938,36.31800466993575,0.8,2226.3575493953977,1781.0860395163181,1744.7680348463823,34.068827872885585,0.36108980107284777,1.5950526315789475,0.07714145559404725,28.392773653699457,183.0693838827535,True,
4,15.25,3.8125,51.26231158495479,51.26231158495479,9.128515094993109,36.514060379972435,0.8,2226.3575493953977,1781.0860395163181,1744.5719791363456,34.03225342745504,0.3627550559030209,1.5950526315789475,0.07721568194728923,28.420093491399044,183.0693838827535,True,
4,15.5,3.875,51.31181606054418,51.31181606054418,9.17757814191384,36.71031256765536,0.8,2226.3575493953977,1781.0860395163181,1744.3757269486628,33.99559518397141,0.364420310733194,1.5950526315789475,0.07729024982618293,28.447539031426274,183.0693838827535,True,
4,15.75,3.9375,51.361547269796105,51.361547269796105,9.226690195889017,36.90676078355607,0.8,2226.3575493953977,1781.0860395163181,1744.179278732762,33.95885387896894,0.36608556556336713,1.5950526315789475,0.07736515923072834,28.47511027378115,183.0693838827535,True,
4,16.0,4.0,51.411505212710566,51.411505212710566,9.275851145329055,37.10340458131622,0.8,2226.3575493953977,1781.0860395163181,1743.982634935002,33.92203024827668,0.36775082039354023,1.5950526315789475,0.07744041016092548,28.502807218463676,183.0693838827535,True,
4,16.25,4.0625,51.461689889287555,51.461689889287555,9.325060879403187,37.30024351761275,0.8,2226.3575493953977,1781.0860395163181,1743.7857959987055,33.88512502699018,0.36941607522371334,1.5950526315789475,0.07751600261677435,28.530629865473852,183.0693838827535,True,
4,16.5,4.125,51.51210129952708,51.51210129952708,9.374319288030897,37.49727715212359,0.8,2226.3575493953977,1781.0860395163181,1743.5887623641945,33.84813894944336,0.3710813300538865,1.5950526315789475,0.07759193659827494,28.55857821481167,183.0693838827535,True,
4,16.75,4.1875,51.56273944342913,51.56273944342913,9.423626261873501,37.694505047494005,0.8,2226.3575493953977,1781.0860395163181,1743.3915344688241,33.81107274918056,0.3727465848840596,1.5950526315789475,0.07766821210542725,28.586652266477138,183.0693838827535,True,
4,17.0,4.25,51.613604320993716,51.613604320993716,9.472981692325863,37.89192676930345,0.8,2226.3575493953977,1781.0860395163181,1743.1941127470147,33.77392715892881,0.37441183971423275,1.5950526315789475,0.07774482913823129,28.614852020470252,183.0693838827535,True,
4,17.25,4.3125,51.66469593222085,51.66469593222085,9.52238547150821,38.08954188603284,0.8,2226.3575493953977,1781.0860395163181,1742.9964976302854,33.736702910570315,0.37607709454440585,1.5950526315789475,0.07782178769668704,28.64317747679102,183.0693838827535,True,
4,17.5,4.375,51.716014277110496,51.716014277110496,9.5718374922581,38.2873499690324,0.8,2226.3575493953977,1781.0860395163181,1742.7986895472857,33.6994007351152,0.37774234937457896,1.5950526315789475,0.07789908778079452,28.67162863543943,183.0693838827535,True,
4,17.75,4.4375,51.767559355662684,51.767559355662684,9.621337648122514,38.48535059249006,0.8,2226.3575493953977,1781.0860395163181,1742.600688923828,33.66202136267432,0.3794076042047521,1.5950526315789475,0.07797672939055372,28.700205496415485,183.0693838827535,True,
4,18.0,4.5,51.819331167877394,51.819331167877394,9.670885833350056,38.68354333340022,0.8,2226.3575493953977,1781.0860395163181,1742.402496182918,33.62456552243242,0.3810728590349252,1.5950526315789475,0.07805471252596465,28.72890805971919,183.0693838827535,True,
4,18.25,4.5625,51.87132971375466,51.87132971375466,9.72048194288328,38.88192777153312,0.8,2226.3575493953977,1781.0860395163181,1742.204111744785,33.587033942621424,0.3827381138650983,1.5950526315789475,0.0781330371870273,28.75773632535055,183.0693838827535,True,
4,18.5,4.625,51.923554993294445,51.923554993294445,9.770125872351135,39.08050348940454,0.8,2226.3575493953977,1781.0860395163181,1742.0055360269137,33.549427350494035,0.3844033686952715,1.5950526315789475,0.07821170337374167,28.78669029330955,183.0693838827535,True,
4,18.75,4.6875,51.976007006496744,51.976007006496744,9.81981751806153,39.27927007224612,0.8,2226.3575493953977,1781.0860395163181,1741.806769444072,33.511746472297396,0.3860686235254446,1.5950526315789475,0.07829071108610774,28.81576996359619,183.0693838827535,True,
4,19.0,4.75,52.02868575336161,52.02868575336161,9.869556776993987,39.47822710797595,0.8,2226.3575493953977,1781.0860395163181,1741.6078124083422,33.47399203324708,0.3877338783556177,1.5950526315789475,0.07837006032412556,28.844975336210492,183.0693838827535,True,
4,19.25,4.8125,52.081591233888986,52.081591233888986,9.919343546792437,39.67737418716975,0.8,2226.3575493953977,1781.0860395163181,1741.4086653291483,33.43616475750132,0.38939913318579084,1.5950526315789475,0.0784497510877951,28.874306411152435,183.0693838827535,True,
4,19.5,4.875,52.1347234480789,52.1347234480789,9.969177725758108,39.87671090303243,0.8,2226.3575493953977,1781.0860395163181,1741.2093286132856,33.39826536813531,0.39106438801596394,1.5950526315789475,0.07852978337711636,28.903763188422026,183.0693838827535,True,
4,19.75,4.9375,52.18808239593134,52.18808239593134,10.01905921284251,40.07623685137004,0.8,2226.3575493953977,1781.0860395163181,1741.009802664948,33.36029458711592,0.39272964284613704,1.5950526315789475,0.07861015719208933,28.93334566801926,183.0693838827535,True,
4,20.0,5.0,52.24166807744631,52.24166807744631,10.068987907640544,40.275951630562176,0.8,2226.3575493953977,1781.0860395163181,1740.810087885756,33.32225313527643,0.3943948976763102,1.5950526315789475,0.07869087253271403,28.963053849944146,183.0693838827535,True,
4,20.25,5.0625,52.29548049262383,52.29548049262383,10.118963710383706,40.475854841534826,0.8,2226.3575493953977,1781.0860395163181,1740.6101846747833,33.28414173229162,0.3960601525064833,1.5950526315789475,0.07877192939899047,28.99288773419668,183.0693838827535,True,
4,20.5,5.125,52.34951964146387,52.34951964146387,10.168986521933371,40.675946087733486,0.8,2226.3575493953977,1781.0860395163181,1740.4100934285846,33.24596109665309,0.3977254073366564,1.5950526315789475,0.07885332779091861,29.02284732077686,183.0693838827535,True,
4,20.75,5.1875,52.40378552396644,52.40378552396644,10.219056243774212,40.87622497509685,0.8,2226.3575493953977,1781.0860395163181,1740.2098145412212,33.20771194564466,0.39939066216682956,1.5950526315789475,0.07893506770849848,29.052932609684685,183.0693838827535,True,
4,21.0,5.25,52.458278140131554,52.458278140131554,10.269172778007686,41.076691112030744,0.8,2226.3575493953977,1781.0860395163181,1740.0093484042873,33.16939499531815,0.40105591699700266,1.5950526315789475,0.07901714915173008,29.083143600920167,183.0693838827535,True,
4,21.25,5.3125,52.51299748995919,52.51299748995919,10.319336027345622,41.27734410938249,0.8,2226.3575493953977,1781.0860395163181,1739.8086954069356,33.13101096046932,0.40272117182717576,1.5950526315789475,0.07909957212061339,29.113480294483285,183.0693838827535,True,
4,21.5,5.375,52.56794357344937,52.56794357344937,10.36954589510392,41.47818358041568,0.8,2226.3575493953977,1781.0860395163181,1739.6078559359025,33.092560554613954,0.4043864266573489,1.5950526315789475,0.07918233661514844,29.14394269037406,183.0693838827535,True,
4,21.75,5.4375,52.62311639060207,52.62311639060207,10.419802285196315,41.67920914078526,0.8,2226.3575493953977,1781.0860395163181,1739.4068303755328,33.05404448996435,0.406051681487522,1.5950526315789475,0.07926544263533519,29.174530788592477,183.0693838827535,True,
4,22.0,5.5,52.67851594141732,52.67851594141732,10.470105102128228,41.88042040851291,0.8,2226.3575493953977,1781.0860395163181,1739.2056191078052,33.01546347740585,0.4077169363176952,1.5950526315789475,0.07934889018117368,29.205244589138545,183.0693838827535,True,
4,22.25,5.5625,52.73414222589508,52.73414222589508,10.520454250990744,42.081817003962975,0.8,2226.3575493953977,1781.0860395163181,1739.0042225123552,32.97681822647374,0.4093821911478683,1.5950526315789475,0.07943267925266388,29.236084092012256,183.0693838827535,True,
4,22.5,5.625,52.78999524403539,52.78999524403539,10.570849637454636,42.28339854981854,0.8,2226.3575493953977,1781.0860395163181,1738.8026409664997,32.93810944533023,0.4110474459780414,1.5950526315789475,0.07951680984980582,29.26704929721362,183.0693838827535,True,
4,22.75,5.6875,52.84607499583823,52.84607499583823,10.621291167764486,42.485164671057944,0.8,2226.3575493953977,1781.0860395163181,1738.6008748452603,32.89933784074181,0.41271270080821454,1.5950526315789475,0.07960128197259947,29.29814020474263,183.0693838827535,True,
4,23.0,5.75,52.90238148130359,52.90238148130359,10.671778748732903,42.68711499493161,0.8,2226.3575493953977,1781.0860395163181,1738.3989245213866,32.86050411805677,0.4143779556383877,1.5950526315789475,0.07968609562104484,29.329356814599283,183.0693838827535,True,
4,23.25,5.8125,52.9589147004315,52.9589147004315,10.722312287734788,42.88924915093915,0.8,2226.3575493953977,1781.0860395163181,1738.196790365379,32.82160898118285,0.41604321046856085,1.5950526315789475,0.07977125079514194,29.36069912678359,183.0693838827535,True,
4,23.5,5.875,53.01567465322193,53.01567465322193,10.772891692701721,43.091566770806885,0.8,2226.3575493953977,1781.0860395163181,1737.9944727455113,32.78265313256535,0.41770846529873396,1.5950526315789475,0.07985674749489076,29.392167141295538,183.0693838827535,True,
4,23.75,5.9375,53.072661339674895,53.072661339674895,10.823516872116414,43.29406748846566,0.8,2226.3575493953977,1781.0860395163181,1737.7919720278524,32.7436372731652,0.41937372012890706,1.5950526315789475,0.0799425857202913,29.42376085813514,183.0693838827535,True,
4,24.0,6.0,53.129874759790404,53.129874759790404,10.874187735007204,43.49675094002882,0.8,2226.3575493953977,1781.0860395163181,1737.5892885762894,32.70456210243745,0.4210389749590802,1.5950526315789475,0.08002876547134356,29.45548027730239,183.0693838827535,True,
4,24.25,6.0625,53.18731491356843,53.18731491356843,10.92490419094269,43.69961676377076,0.8,2226.3575493953977,1781.0860395163181,1737.3864227525473,32.66542831830995,0.4227042297892533,1.5950526315789475,0.08011528674804755,29.487325398797278,183.0693838827535,True,
4,24.5,6.125,53.24498180100898,53.24498180100898,10.975666150026358,43.90266460010543,0.8,2226.3575493953977,1781.0860395163181,1737.1833749162126,32.62623661716217,0.4243694846194264,1.5950526315789475,0.08020214955040325,29.519296222619815,183.0693838827535,True,
4,24.75,6.1875,53.30287542211208,53.30287542211208,11.026473522891397,44.10589409156559,0.8,2226.3575493953977,1781.0860395163181,1736.9801454247524,32.586987693804346,0.4260347394495996,1.5950526315789475,0.08028935387841069,29.551392748770006,183.0693838827535,True,
4,25.0,6.25,53.360995776877715,53.360995776877715,11.077326220695445,44.30930488278178,0.8,2226.3575493953977,1781.0860395163181,1736.7767346335363,32.54768224145684,0.4276999942797726,1.5950526315789475,0.08037689973206984,29.583614977247844,183.0693838827535,True,
4,25.25,6.3125,53.41934286530588,53.41934286530588,11.12822415511553,44.51289662046212,0.8,2226.3575493953977,1781.0860395163181,1736.573142895856,32.50832095172971,0.4293652491099457,1.5950526315789475,0.08046478711138072,29.61596290805333,183.0693838827535,True,
4,25.5,6.375,53.47791668739657,53.47791668739657,11.179167238343013,44.71666895337205,0.8,2226.3575493953977,1781.0860395163181,1736.3693705629462,32.468904514602485,0.4310305039401188,1.5950526315789475,0.08055301601634332,29.64843654118646,183.0693838827535,True,
4,25.75,6.4375,53.536717243149795,53.536717243149795,11.2301553830786,44.9206215323144,0.8,2226.3575493953977,1781.0860395163181,1736.1654179840036,32.42943361840423,0.432695758770292,1.5950526315789475,0.08064158644695764,29.68103587664724,183.0693838827535,True,
4,26.0,6.5,53.595744532565554,53.595744532565554,11.281188502527472,45.12475401010989,0.8,2226.3575493953977,1781.0860395163181,1735.9612855062082,32.38990894979382,0.4343610136004651,1.5950526315789475,0.08073049840322367,29.713760914435664,183.0693838827535,True,
4,26.25,6.5625,53.654998555643836,53.654998555643836,11.332266510394405,45.32906604157762,0.8,2226.3575493953977,1781.0860395163181,1735.7569734747406,32.350331193740395,0.43602626843063824,1.5950526315789475,0.08081975188514144,29.746611654551735,183.0693838827535,True,
4,26.5,6.625,53.71447931238466,53.71447931238466,11.383389320879022,45.53355728351609,0.8,2226.3575493953977,1781.0860395163181,1735.552482232802,32.31070103350411,0.43769152326081134,1.5950526315789475,0.08090934689271093,29.779588096995457,183.0693838827535,True,
4,26.75,6.6875,53.774186802788016,53.774186802788016,11.434556848671079,45.738227394684316,0.8,2226.3575493953977,1781.0860395163181,1735.3478121216338,32.27101915061711,0.43935677809098445,1.5950526315789475,0.08099928342593214,29.812690241766823,183.0693838827535,True,
4,27.0,6.75,53.83412102685391,53.83412102685391,11.485769008945802,45.94307603578321,0.8,2226.3575493953977,1781.0860395163181,1735.142963480535,32.23128622486469,0.4410220329211576,1.5950526315789475,0.08108956148480508,29.845918088865844,183.0693838827535,True,
4,27.25,6.8125,53.89428198458233,53.89428198458233,11.537025717359317,46.14810286943727,0.8,2226.3575493953977,1781.0860395163181,1734.9379366468809,32.19150293426674,0.4426872877513307,1.5950526315789475,0.08118018106932973,29.879271638292504,183.0693838827535,True,
4,27.5,6.875,53.95466967597328,53.95466967597328,11.588326890044106,46.353307560176425,0.8,2226.3575493953977,1781.0860395163181,1734.7327319561416,32.15166995505935,0.4443525425815038,1.5950526315789475,0.08127114217950611,29.912750890046816,183.0693838827535,True,
4,27.75,6.9375,54.01528410102678,54.01528410102678,11.639672443604566,46.55868977441826,0.8,2226.3575493953977,1781.0860395163181,1734.5273497418998,32.111787961676725,0.44601779741167696,1.5950526315789475,0.08136244481533422,29.94635584412878,183.0693838827535,True,
4,28.0,7.0,54.07612525974279,54.07612525974279,11.691062295112557,46.76424918045023,0.8,2226.3575493953977,1781.0860395163181,1734.321790335868,32.07185762673332,0.44768305224185007,1.5950526315789475,0.08145408897681404,29.980086500538384,183.0693838827535,True,
4,28.25,7.0625,54.13719315212135,54.13719315212135,11.74249636210311,46.96998544841244,0.8,2226.3575493953977,1781.0860395163181,1734.1160540679057,32.03187962100608,0.44934830707202317,1.5950526315789475,0.08154607466394559,30.01394285927564,183.0693838827535,True,
4,28.5,7.125,54.19848777816244,54.19848777816244,11.793974562570073,47.17589825028029,0.8,2226.3575493953977,1781.0860395163181,1733.9101412660377,31.991854613417125,0.4510135619021963,1.5950526315789475,0.08163840187672886,30.047924920340545,183.0693838827535,True,
4,28.75,7.1875,54.26000913786605,54.26000913786605,11.845496814961901,47.381987259847605,0.8,2226.3575493953977,1781.0860395163181,1733.7040522564705,31.95178327101649,0.4526788167323694,1.5950526315789475,0.08173107061516385,30.082032683733093,183.0693838827535,True,
4,29.0,7.25,54.32175723123219,54.32175723123219,11.897063038177489,47.588252152709956,0.8,2226.3575493953977,1781.0860395163181,1733.4977873636083,31.91166625896515,0.45434407156254253,1.5950526315789475,0.08182408087925055,30.116266149453285,183.0693838827535,True,
4,29.25,7.3125,54.38373205826086,54.38373205826086,11.948673151561986,47.79469260624794,0.8,2226.3575493953977,1781.0860395163181,1733.2913469100702,31.871504240518266,0.4560093263927157,1.5950526315789475,0.08191743266898899,30.150625317501124,183.0693838827535,True,
4,29.5,7.375,54.445933618952076,54.445933618952076,12.000327074902783,48.00130829961113,0.8,2226.3575493953977,1781.0860395163181,1733.084731216707,31.831297877008723,0.4576745812228888,1.5950526315789475,0.08201112598437915,30.185110187876617,183.0693838827535,True,
4,29.75,7.4375,54.508361913305826,54.508361913305826,12.05202472842543,48.20809891370172,0.8,2226.3575493953977,1781.0860395163181,1732.8779406026165,31.791047827830802,0.4593398360530619,1.5950526315789475,0.08210516082542103,30.219720760579758,183.0693838827535,True,
4,30.0,7.5,54.571016941322114,54.571016941322114,12.103766032789705,48.41506413115882,0.8,2226.3575493953977,1781.0860395163181,1732.6709753851594,31.750754750424143,0.46100509088323505,1.5950526315789475,0.08219953719211465,30.25445703561055,183.0693838827535,True,
4,30.25,7.5625,54.633898703000916,54.633898703000916,12.155550909085655,48.62220363634262,0.8,2226.3575493953977,1781.0860395163181,1732.4638358799755,31.710419300257904,0.46267034571340815,1.5950526315789475,0.08229425508445996,30.289319012968978,183.0693838827535,True,
4,30.5,7.625,54.69700719834227,54.69700719834227,12.207379278829743,48.82951711531897,0.8,2226.3575493953977,1781.0860395163181,1732.256522400999,31.670042130815148,0.4643356005435813,1.5950526315789475,0.08238931450245701,30.324306692655064,183.0693838827535,True,
4,30.75,7.6875,54.76034242734613,54.76034242734613,12.259251063961015,49.03700425584406,0.8,2226.3575493953977,1781.0860395163181,1732.049035260474,31.62962389357752,0.4660008553737544,1.5950526315789475,0.08248471544610578,30.359420074668787,183.0693838827535,True,
4,31.0,7.75,54.82390439001256,54.82390439001256,12.311166186837317,49.24466474734927,0.8,2226.3575493953977,1781.0860395163181,1731.8413747689688,31.589165238010004,0.4676661102039276,1.5950526315789475,0.08258045791540629,30.39465915901017,183.0693838827535,True,
4,31.25,7.8125,54.8876930863415,54.8876930863415,12.363124570231566,49.452498280926264,0.8,2226.3575493953977,1781.0860395163181,1731.633541235392,31.548666811546127,0.4693313650341007,1.5950526315789475,0.0826765419103585,30.430023945679196,183.0693838827535,True,
4,31.5,7.875,54.951708516332964,54.951708516332964,12.415126137328066,49.660504549312265,0.8,2226.3575493953977,1781.0860395163181,1731.425534967006,31.508129259573153,0.4709966198642738,1.5950526315789475,0.08277296743096244,30.465514434675864,183.0693838827535,True,
4,31.75,7.9375,55.01595067998698,55.01595067998698,12.46717081171887,49.86868324687548,0.8,2226.3575493953977,1781.0860395163181,1731.2173562694427,31.467553225417653,0.472661874694447,1.5950526315789475,0.0828697344772181,30.501130626000187,183.0693838827535,True,
4,32.0,8.0,55.080419577303516,55.080419577303516,12.519258517400187,50.07703406960075,0.8,2226.3575493953977,1781.0860395163181,1731.0090054467173,31.42693935033128,0.4743271295246201,1.5950526315789475,0.0829668430491255,30.536872519652153,183.0693838827535,True,
4,32.25,8.0625,55.14511520828258,55.14511520828258,12.571389178768825,50.2855567150753,0.8,2226.3575493953977,1781.0860395163181,1730.8004828012429,31.38628827347673,0.4759923843547932,1.5950526315789475,0.08306429314668459,30.572740115631767,183.0693838827535,True,
4,32.5,8.125,55.21003757292418,55.21003757292418,12.623562720618688,50.49425088247475,0.8,2226.3575493953977,1781.0860395163181,1730.5917886338434,31.34560063191392,0.47765763918496634,1.5950526315789475,0.08316208476989542,30.608733413939024,183.0693838827535,True,
4,32.75,8.1875,55.27518667122832,55.27518667122832,12.6757790681373,50.7031162725492,0.8,2226.3575493953977,1781.0860395163181,1730.382923243769,31.304877060586445,0.47932289401513944,1.5950526315789475,0.08326021791875797,30.644852414573933,183.0693838827535,True,
4,33.0,8.25,55.34056250319499,55.34056250319499,12.728038146902417,50.91215258760967,0.8,2226.3575493953977,1781.0860395163181,1730.1738869287085,31.264118192308217,0.48098814884531255,1.5950526315789475,0.08335869259327225,30.681097117536492,183.0693838827535,True,
4,33.25,8.3125,55.4061650688242,55.4061650688242,12.780339882878607,51.12135953151443,0.8,2226.3575493953977,1781.0860395163181,1729.9646799848038,31.223324657750332,0.4826534036754857,1.5950526315789475,0.08345750879343825,30.717467522826702,183.0693838827535,True,
4,33.5,8.375,55.47199436811592,55.47199436811592,12.832684202413933,51.33073680965573,0.8,2226.3575493953977,1781.0860395163181,1729.7553027066624,31.182497085428167,0.4843186585056588,1.5950526315789475,0.08355666651925596,30.75396363044455,183.0693838827535,True,
4,33.75,8.4375,55.5380504010702,55.5380504010702,12.88507103223665,51.5402841289466,0.8,2226.3575493953977,1781.0860395163181,1729.5457553873716,31.14163610168865,0.4859839133358319,1.5950526315789475,0.0836561657707254,30.790585440390053,183.0693838827535,True,
4,34.0,8.5,55.60433316768699,55.60433316768699,12.937500299451939,51.750001197807755,0.8,2226.3575493953977,1781.0860395163181,1729.3360383185104,31.100742330697873,0.48764916816600506,1.5950526315789475,0.08375600654784657,30.827332952663195,183.0693838827535,True,
4,34.25,8.5625,55.67084266796633,55.67084266796633,12.9899719315387,51.9598877261548,0.8,2226.3575493953977,1781.0860395163181,1729.1261517901632,31.059816394428733,0.48931442299617817,1.5950526315789475,0.08385618885061946,30.864206167263994,183.0693838827535,True,
4,34.5,8.625,55.737578901908186,55.737578901908186,13.042485856346342,52.16994342538537,0.8,2226.3575493953977,1781.0860395163181,1728.9160960909328,31.018858912649023,0.4909796778263513,1.5950526315789475,0.08395671267904406,30.90120508419243,183.0693838827535,True,
4,34.75,8.6875,55.80454186951258,55.80454186951258,13.095042002091684,52.38016800836674,0.8,2226.3575493953977,1781.0860395163181,1728.7058715079513,30.977870502909486,0.4926449326565244,1.5950526315789475,0.08405757803312039,30.93832970344852,183.0693838827535,True,
4,35.0,8.75,55.87173157077951,55.87173157077951,13.147640297355801,52.590561189423205,0.8,2226.3575493953977,1781.0860395163181,1728.495478326895,30.93685178053234,0.4943101874866975,1.5950526315789475,0.08415878491284845,30.975580025032258,183.0693838827535,True,
4,35.25,8.8125,55.93914800570898,55.93914800570898,13.200280671080975,52.8011226843239,0.8,2226.3575493953977,1781.0860395163181,1728.2849168319942,30.89580335859979,0.4959754423168707,1.5950526315789475,0.08426033331822823,31.012956048943646,183.0693838827535,True,
4,35.5,8.875,56.006791174300965,56.006791174300965,13.252963052567667,53.01185221027067,0.8,2226.3575493953977,1781.0860395163181,1728.0741873060474,30.854725847942955,0.4976406971470438,1.5950526315789475,0.08436222324925972,31.050457775182675,183.0693838827535,True,
4,35.75,8.9375,56.074661076555486,56.074661076555486,13.305687371471503,53.22274948588601,0.8,2226.3575493953977,1781.0860395163181,1727.8632900304322,30.813619857130846,0.4993059519772169,1.5950526315789475,0.08446445470594294,31.08808520374935,183.0693838827535,True,
4,36.0,9.0,56.14275771247256,56.14275771247256,13.358453557800326,53.4338142312013,0.8,2226.3575493953977,1781.0860395163181,1727.6522252851169,30.772485992459632,0.50097120680739,1.5950526315789475,0.0845670276882779,31.125838334643685,183.0693838827535,True,
4,36.25,9.0625,56.21108108205215,56.21108108205215,13.41126154191124,53.64504616764496,0.8,2226.3575493953977,1781.0860395163181,1727.4409933486731,30.73132485794219,0.5026364616375631,1.5950526315789475,0.08466994219626456,31.163717167865656,183.0693838827535,True,
4,36.5,9.125,56.27963118529427,56.27963118529427,13.46411125450776,53.85644501803104,0.8,2226.3575493953977,1781.0860395163181,1727.229594498287,30.690137055297686,0.5043017164677362,1.5950526315789475,0.08477319822990295,31.20172170341528,183.0693838827535,True,
4,36.75,9.1875,56.348408022198925,56.348408022198925,13.517002626636895,54.06801050654758,0.8,2226.3575493953977,1781.0860395163181,1727.0180290097705,30.648923183941548,0.5059669712979094,1.5950526315789475,0.08487679578919305,31.23985194129255,183.0693838827535,True,
4,37.0,9.25,56.41741159276613,56.41741159276613,13.569935589686358,54.27974235874543,0.8,2226.3575493953977,1781.0860395163181,1726.8062971575728,30.60768384097552,0.5076322261280826,1.5950526315789475,0.0849807348741349,31.278107881497473,183.0693838827535,True,
4,37.25,9.3125,56.48664189699584,56.48664189699584,13.622910075381766,54.49164030152706,0.8,2226.3575493953977,1781.0860395163181,1726.594399214791,30.56641962117804,0.5092974809582557,1.5950526315789475,0.08508501548472845,31.316489524030032,183.0693838827535,True,
4,37.5,9.375,56.556098934888084,56.556098934888084,13.675926015783851,54.703704063135405,0.8,2226.3575493953977,1781.0860395163181,1726.3823354531828,30.525131116994697,0.5109627357884288,1.5950526315789475,0.08518963762097373,31.35499686889024,183.0693838827535,True,
4,37.75,9.4375,56.62578270644287,56.62578270644287,13.728983343285766,54.91593337314306,0.8,2226.3575493953977,1781.0860395163181,1726.170106143175,30.483818918528993,0.5126279906186019,1.5950526315789475,0.08529460128287072,31.393629916078098,183.0693838827535,True,
4,38.0,9.5,56.69569321166019,56.69569321166019,13.782081990610342,55.12832796244137,0.8,2226.3575493953977,1781.0860395163181,1725.9577115538768,30.442483613533305,0.514293245448775,1.5950526315789475,0.08539990647041945,31.432388665593606,183.0693838827535,True,
4,38.25,9.5625,56.76583045054006,56.76583045054006,13.835221890807441,55.340887563229764,0.8,2226.3575493953977,1781.0860395163181,1725.7451519530885,30.40112578739998,0.5159585002789481,1.5950526315789475,0.08550555318361991,31.47127311743677,183.0693838827535,True,
4,38.5,9.625,56.83619442308243,56.83619442308243,13.888402977251317,55.55361190900527,0.8,2226.3575493953977,1781.0860395163181,1725.532427607313,30.35974602315274,0.5176237551091213,1.5950526315789475,0.08561154142247207,31.510283271607566,183.0693838827535,True,
4,38.75,9.6875,56.90678512928736,56.90678512928736,13.941625183637996,55.76650073455198,0.8,2226.3575493953977,1781.0860395163181,1725.3195387817661,30.31834490143816,0.5192890099392944,1.5950526315789475,0.08571787118697596,31.54941912810602,183.0693838827535,True,
4,39.0,9.75,56.977602569154804,56.977602569154804,13.994888443982692,55.97955377593077,0.8,2226.3575493953977,1781.0860395163181,1725.1064857403874,30.27692300051749,0.5209542647694675,1.5950526315789475,0.08582454247713159,31.58868068693212,183.0693838827535,True,
4,39.25,9.8125,57.04864674268478,57.04864674268478,14.048192692617265,56.19277077046906,0.8,2226.3575493953977,1781.0860395163181,1724.8932687458491,30.235480896258565,0.5226195195996406,1.5950526315789475,0.08593155529293892,31.62806794808586,183.0693838827535,True,
4,39.5,9.875,57.119917649877294,57.119917649877294,14.101537864187685,56.40615145675074,0.8,2226.3575493953977,1781.0860395163181,1724.6798880595675,30.194019162127983,0.5242847744298137,1.5950526315789475,0.08603890963439798,31.667580911567253,183.0693838827535,True,
4,39.75,9.9375,57.19141529073234,57.19141529073234,14.154923893651551,56.619695574606205,0.8,2226.3575493953977,1781.0860395163181,1724.466343941712,30.152538369183453,0.5259500292599868,1.5950526315789475,0.08614660550150875,31.70721957737629,183.0693838827535,True,
4,40.0,10.0,57.263139665249916,57.263139665249916,14.208350716275598,56.83340286510239,0.8,2226.3575493953977,1781.0860395163181,1724.2526366512157,30.111039086066334,0.52761528409016,1.5950526315789475,0.08625464289427126,31.746983945512977,183.0693838827535,True,
4,40.25,10.0625,57.33509077343003,57.33509077343003,14.261818267633286,57.047273070533144,0.8,2226.3575493953977,1781.0860395163181,1724.038766445785,30.069521878994415,0.5292805389203331,1.5950526315789475,0.08636302181268549,31.786874015977315,183.0693838827535,True,
4,40.5,10.125,57.40726861527268,57.40726861527268,14.315326483602353,57.261305934409414,0.8,2226.3575493953977,1781.0860395163181,1723.8247335819087,30.02798731175482,0.5309457937505062,1.5950526315789475,0.08647174225675144,31.826889788769297,183.0693838827535,True,
4,40.75,10.1875,57.479673190777845,57.479673190777845,14.368875300362463,57.47550120144985,0.8,2226.3575493953977,1781.0860395163181,1723.6105383148683,29.9864359456972,0.5326110485806793,1.5950526315789475,0.0865808042264691,31.867031263888922,183.0693838827535,True,
4,41.0,10.25,57.55230449994555,57.55230449994555,14.422464654392817,57.68985861757127,0.8,2226.3575493953977,1781.0860395163181,1723.396180898747,29.944868339726995,0.5342763034108524,1.5950526315789475,0.0866902077218385,31.9072984413362,183.0693838827535,True,
4,41.25,10.3125,57.6251625427758,57.6251625427758,14.476094482469817,57.90437792987927,0.8,2226.3575493953977,1781.0860395163181,1723.1816615864388,29.903285050299026,0.5359415582410256,1.5950526315789475,0.08679995274285962,31.947691321111126,183.0693838827535,True,
4,41.5,10.375,57.698247319268575,57.698247319268575,14.52976472166477,58.11905888665908,0.8,2226.3575493953977,1781.0860395163181,1722.966980629659,29.861686631411192,0.5376068130711987,1.5950526315789475,0.08691003928953246,31.9882099032137,183.0693838827535,True,
4,41.75,10.4375,57.7715588294239,57.7715588294239,14.583475309341614,58.333901237366454,0.8,2226.3575493953977,1781.0860395163181,1722.7521382789516,29.82007363459836,0.5392720679013718,1.5950526315789475,0.08702046736185703,32.02885418764393,183.0693838827535,True,
4,42.0,10.5,57.84509707324171,57.84509707324171,14.637226183154606,58.548904732618425,0.8,2226.3575493953977,1781.0860395163181,1722.5371347836997,29.778446608926515,0.5409373227315449,1.5950526315789475,0.0871312369598333,32.06962417440178,183.0693838827535,True,
4,42.25,10.5625,57.9188620507221,57.9188620507221,14.691017281046145,58.76406912418458,0.8,2226.3575493953977,1781.0860395163181,1722.3219703921336,29.736806100986936,0.542602577561718,1.5950526315789475,0.08724234808346132,32.110519863487305,183.0693838827535,True,
4,42.5,10.625,57.992853761865,57.992853761865,14.744848541244533,58.97939416497813,0.8,2226.3575493953977,1781.0860395163181,1722.10664535134,29.69515265489081,0.5442678323918911,1.5950526315789475,0.08735380073274104,32.151541254900465,183.0693838827535,True,
4,42.75,10.6875,58.06707220667044,58.06707220667044,14.798719902261777,59.194879609047106,0.8,2226.3575493953977,1781.0860395163181,1721.891159907271,29.65348681226379,0.5459330872220644,1.5950526315789475,0.0874655949076725,32.192688348641276,183.0693838827535,True,
4,43.0,10.75,58.141517385138414,58.141517385138414,14.852631302891433,59.410525211565734,0.8,2226.3575493953977,1781.0860395163181,1721.6755143047524,29.611809112240866,0.5475983420522375,1.5950526315789475,0.08757773060825567,32.23396114470974,183.0693838827535,True,
4,43.25,10.8125,58.21618929726892,58.21618929726892,14.906582682206484,59.626330728825934,0.8,2226.3575493953977,1781.0860395163181,1721.4597087874922,29.57012009146141,0.5492635968824106,1.5950526315789475,0.08769020783449058,32.275359643105844,183.0693838827535,True,
4,43.5,10.875,58.29108794306193,58.29108794306193,14.960573979557179,59.842295918228714,0.8,2226.3575493953977,1781.0860395163181,1721.2437435980894,29.52842028406436,0.5509288517125837,1.5950526315789475,0.08780302658637718,32.31688384382959,183.0693838827535,True,
4,43.75,10.9375,58.36621332251751,58.36621332251751,15.014605134568974,60.0584205382759,0.8,2226.3575493953977,1781.0860395163181,1721.0276189780423,29.486710221683595,0.5525941065427569,1.5950526315789475,0.08791618686391553,32.358533746880994,183.0693838827535,True,
4,44.0,11.0,58.4415654356356,58.4415654356356,15.068676087140433,60.274704348561734,0.8,2226.3575493953977,1781.0860395163181,1720.8113351677564,29.444990433443564,0.55425936137293,1.5950526315789475,0.08802968866710559,32.40030935226004,183.0693838827535,True,
4,44.25,11.0625,58.51714428241623,58.51714428241623,15.1227867774412,60.4911471097648,0.8,2226.3575493953977,1781.0860395163181,1720.5948924065533,29.403261445954968,0.5559246162031031,1.5950526315789475,0.08814353199594738,32.44221065996673,183.0693838827535,True,
4,44.5,11.125,58.592949862859406,58.592949862859406,15.17693714590993,60.70774858363972,0.8,2226.3575493953977,1781.0860395163181,1720.3782909326785,29.361523783310712,0.5575898710332763,1.5950526315789475,0.0882577168504409,32.48423767000108,183.0693838827535,True,
4,44.75,11.1875,58.6689821769651,58.6689821769651,15.231127133252315,60.92450853300926,0.8,2226.3575493953977,1781.0860395163181,1720.161530983309,29.319777967082018,0.5592551258634494,1.5950526315789475,0.08837224323058612,32.52639038236307,183.0693838827535,True,
4,45.0,11.25,58.745241224733334,58.745241224733334,15.285356680439072,61.14142672175629,0.8,2226.3575493953977,1781.0860395163181,1719.9446127945619,29.27802451631467,0.5609203806936225,1.5950526315789475,0.08848711113638308,32.56866879705271,183.0693838827535,True,
4,45.25,11.3125,58.821727006164096,58.821727006164096,15.339625728703995,61.35850291481598,0.8,2226.3575493953977,1781.0860395163181,1719.7275366015022,29.236263947525494,0.5625856355237956,1.5950526315789475,0.08860232056783177,32.61107291406999,183.0693838827535,True,
4,45.5,11.375,58.89843952125738,58.89843952125738,15.393934219541984,61.57573687816794,0.8,2226.3575493953977,1781.0860395163181,1719.5103026381503,29.19449677469896,0.5642508903539687,1.5950526315789475,0.08871787152493216,32.65360273341492,183.0693838827535,True,
4,45.75,11.4375,58.975378770013215,58.975378770013215,15.448282094707126,61.793128378828506,0.8,2226.3575493953977,1781.0860395163181,1719.2929111374897,29.15272350928395,0.5659161451841418,1.5950526315789475,0.08883376400768428,32.69625825508751,183.0693838827535,True,
4,46.0,11.5,59.05254475243158,59.05254475243158,15.502669296210799,62.010677184843196,0.8,2226.3575493953977,1781.0860395163181,1719.075362331475,29.110944660190775,0.567581400014315,1.5950526315789475,0.08894999801608813,32.73903947908774,183.0693838827535,True,
4,46.25,11.5625,59.129937468512466,59.129937468512466,15.557095766319756,62.228383065279026,0.8,2226.3575493953977,1781.0860395163181,1718.857656451039,29.06916073378828,0.5692466548444881,1.5950526315789475,0.08906657355014369,32.78194640541561,183.0693838827535,True,
4,46.5,11.625,59.20755691825588,59.20755691825588,15.611561447554298,62.44624579021719,0.8,2226.3575493953977,1781.0860395163181,1718.6397937261008,29.02737223390112,0.5709119096746612,1.5950526315789475,0.08918349060985098,32.82497903407113,183.0693838827535,True,
4,46.75,11.6875,59.28540310166185,59.28540310166185,15.666066282686376,62.664265130745505,0.8,2226.3575493953977,1781.0860395163181,1718.4217743855727,28.985579661807225,0.5725771645048343,1.5950526315789475,0.08930074919521,32.8681373650543,183.0693838827535,True,
4,47.0,11.75,59.363476018730324,59.363476018730324,15.720610214737787,62.88244085895115,0.8,2226.3575493953977,1781.0860395163181,1718.203598657367,28.943783516235477,0.5742424193350074,1.5950526315789475,0.08941834930622072,32.911421398365114,183.0693838827535,True,
4,47.25,11.8125,59.44177566946136,59.44177566946136,15.775193186978372,63.10077274791349,0.8,2226.3575493953977,1781.0860395163181,1717.9852667684047,28.90198429336343,0.5759076741651805,1.5950526315789475,0.08953629094288318,32.954831134003584,183.0693838827535,True,
4,47.5,11.875,59.52030205385491,59.52030205385491,15.829815142924192,63.319260571696766,0.8,2226.3575493953977,1781.0860395163181,1717.7667789446214,28.86018248681532,0.5775729289953537,1.5950526315789475,0.08965457410519737,32.9983665719697,183.0693838827535,True,
4,47.75,11.9375,59.599055171911004,59.599055171911004,15.884476026335765,63.53790410534306,0.8,2226.3575493953977,1781.0860395163181,1717.548135410975,28.81837858766013,0.5792381838255268,1.5950526315789475,0.08977319879316328,33.04202771226346,183.0693838827535,True,
4,48.0,12.0,59.678035023629626,59.678035023629626,15.939175781216314,63.756703124865254,0.8,2226.3575493953977,1781.0860395163181,1717.329336391453,28.77657308440992,0.5809034386556999,1.5950526315789475,0.0898921650067809,33.08581455488487,183.0693838827535,True,
4,48.25,12.0625,59.75724160901077,59.75724160901077,15.993914351810023,63.97565740724009,0.8,2226.3575493953977,1781.0860395163181,1717.110382109078,28.734766463018193,0.582568693485873,1.5950526315789475,0.09001147274605024,33.12972709983392,183.0693838827535,True,
4,48.5,12.125,59.83667492805445,59.83667492805445,16.04869168260032,64.19476673040128,0.8,2226.3575493953977,1781.0860395163181,1716.891272785917,28.69295920687852,0.5842339483160461,1.5950526315789475,0.09013112201097132,33.173765347110624,183.0693838827535,True,
4,48.75,12.1875,59.91633498076067,59.91633498076067,16.103507718308144,64.41403087323258,0.8,2226.3575493953977,1781.0860395163181,1716.6720086430855,28.65115179682326,0.5858992031462193,1.5950526315789475,0.0902511128015441,33.21792929671498,183.0693838827535,True,
4,49.0,12.25,59.99622176712942,59.99622176712942,16.158362403890298,64.63344961556119,0.8,2226.3575493953977,1781.0860395163181,1716.452589900757,28.609344711122503,0.5875644579763925,1.5950526315789475,0.09037144511776862,33.262218948646975,183.0693838827535,True,
4,49.25,12.3125,60.076335287160695,60.076335287160695,16.213255684537724,64.8530227381509,0.8,2226.3575493953977,1781.0860395163181,1716.2330167781672,28.56753842548306,0.5892297128065656,1.5950526315789475,0.09049211895964486,33.306634302906616,183.0693838827535,True,
4,49.5,12.375,60.15667554085452,60.15667554085452,16.268187505673907,65.07275002269563,0.8,2226.3575493953977,1781.0860395163181,1716.0132894936226,28.52573341304769,0.5908949676367387,1.5950526315789475,0.09061313432717283,33.351175359493915,183.0693838827535,True,
4,49.75,12.4375,60.23724252821086,60.23724252821086,16.3231578129532,65.2926312518128,0.8,2226.3575493953977,1781.0860395163181,1715.7934082645054,28.483930144394463,0.5925602224669118,1.5950526315789475,0.09073449122035249,33.39584211840885,183.0693838827535,True,
4,50.0,12.5,60.31803624922975,60.31803624922975,16.37816655225919,65.51266620903677,0.8,2226.3575493953977,1781.0860395163181,1715.5733733072814,28.442129087536216,0.5942254772970849,1.5950526315789475,0.0908561896391839,33.440634579651444,183.0693838827535,True,
4,50.25,12.5625,60.39905670391115,60.39905670391115,16.43321366970313,65.73285467881252,0.8,2226.3575493953977,1781.0860395163181,1715.3531848375055,28.400330707920272,0.5958907321272581,1.5950526315789475,0.09097822958366703,33.485552743221675,183.0693838827535,True,
4,50.5,12.625,60.480303892255094,60.480303892255094,16.48829911162231,65.95319644648924,0.8,2226.3575493953977,1781.0860395163181,1715.1328430698288,28.358535468428144,0.5975559869574312,1.5950526315789475,0.09110061105380188,33.530596609119556,183.0693838827535,True,
4,50.75,12.6875,60.56177781426158,60.56177781426158,16.543422824578503,66.17369129831401,0.8,2226.3575493953977,1781.0860395163181,1714.9123482180041,28.31674382937554,0.5992212417876043,1.5950526315789475,0.09122333404958846,33.575766177345095,183.0693838827535,True,
4,51.0,12.75,60.643478469930585,60.643478469930585,16.5985847553564,66.3943390214256,0.8,2226.3575493953977,1781.0860395163181,1714.6917004948925,28.274956248512424,0.6008864966177774,1.5950526315789475,0.09134639857102675,33.62106144789827,183.0693838827535,True,
4,51.25,12.8125,60.72540585926213,60.72540585926213,16.65378485096205,66.6151394038482,0.8,2226.3575493953977,1781.0860395163181,1714.47090011247,28.233173181023222,0.6025517514479505,1.5950526315789475,0.09146980461811677,33.6664824207791,183.0693838827535,True,
4,51.5,12.875,60.8075599822562,60.8075599822562,16.709023058621355,66.83609223448542,0.8,2226.3575493953977,1781.0860395163181,1714.2499472818326,28.1913950795272,0.6042170062781236,1.5950526315789475,0.0915935521908585,33.71202909598757,183.0693838827535,True,
4,51.75,12.9375,60.88994083891281,60.88994083891281,16.764299325778534,67.05719730311414,0.8,2226.3575493953977,1781.0860395163181,1714.028842213204,28.149622394078975,0.6058822611082968,1.5950526315789475,0.09171764128925197,33.75770147352369,183.0693838827535,True,
4,52.0,13.0,60.972548429231956,60.972548429231956,16.819613600094627,67.27845440037851,0.8,2226.3575493953977,1781.0860395163181,1713.8075851159397,28.107855572169132,0.6075475159384699,1.5950526315789475,0.09184207191329716,33.80349955338746,183.0693838827535,True,
4,52.25,13.0625,61.05538275321363,61.05538275321363,16.87496582944602,67.49986331778408,0.8,2226.3575493953977,1781.0860395163181,1713.586176198534,28.066095058725026,0.609212770768643,1.5950526315789475,0.09196684406299407,33.84942333557888,183.0693838827535,True,
4,52.5,13.125,61.13844381085784,61.13844381085784,16.930355961922942,67.72142384769177,0.8,2226.3575493953977,1781.0860395163181,1713.3646156686264,28.024341296111672,0.6108780255988161,1.5950526315789475,0.0920919577383427,33.89547282009794,183.0693838827535,True,
4,52.75,13.1875,61.221731602164574,61.221731602164574,16.98578394582805,67.9431357833122,0.8,2226.3575493953977,1781.0860395163181,1713.1429037330058,27.982594724132817,0.6125432804289892,1.5950526315789475,0.09221741293934305,33.941648006944654,183.0693838827535,True,
4,53.0,13.25,61.305246127133834,61.305246127133834,17.041249729674956,68.16499891869982,0.8,2226.3575493953977,1781.0860395163181,1712.9210405976182,27.940855780032106,0.6142085352591624,1.5950526315789475,0.09234320966599513,33.98794889611901,183.0693838827535,True,
4,53.25,13.3125,61.38898738576564,61.38898738576564,17.09675326218678,68.38701304874712,0.8,2226.3575493953977,1781.0860395163181,1712.699026467571,27.89912489849437,0.6158737900893355,1.5950526315789475,0.09246934791829892,34.03437548762101,183.0693838827535,True,
4,53.5,13.375,61.472955378059964,61.472955378059964,17.15229449229478,68.60917796917911,0.8,2226.3575493953977,1781.0860395163181,1712.476861547139,27.85740251164712,0.6175390449195086,1.5950526315789475,0.09259582769625443,34.08092778145066,183.0693838827535,True,
4,53.75,13.4375,61.55715010401684,61.55715010401684,17.207873369136916,68.83149347654766,0.8,2226.3575493953977,1781.0860395163181,1712.2545460397705,27.81568904906206,0.6192042997496817,1.5950526315789475,0.09272264899986168,34.12760577760797,183.0693838827535,True,
4,54.0,13.5,61.64157156363623,61.64157156363623,17.26348984205645,69.0539593682258,0.8,2226.3575493953977,1781.0860395163181,1712.0320801480923,27.77398493775683,0.6208695545798548,1.5950526315789475,0.09284981182912064,34.17440947609291,183.0693838827535,True,
4,54.25,13.5625,61.726219756918155,61.726219756918155,17.3191438606006,69.2765754424024,0.8,2226.3575493953977,1781.0860395163181,1711.8094640739157,27.732290602196798,0.6225348094100279,1.5950526315789475,0.09297731618403132,34.221338876905506,183.0693838827535,True,
4,54.5,13.625,61.81109468386263,61.81109468386263,17.374835374519158,69.49934149807663,0.8,2226.3575493953977,1781.0860395163181,1711.5866980182416,27.69060646429702,0.6242000642402011,1.5950526315789475,0.09310516206459374,34.26839398004575,183.0693838827535,True,
4,54.75,13.6875,61.89619634446963,61.89619634446963,17.430564333763137,69.72225733505255,0.8,2226.3575493953977,1781.0860395163181,1711.3637821812656,27.64893294342431,0.6258653190703742,1.5950526315789475,0.09323334947080789,34.31557478551365,183.0693838827535,True,
4,55.0,13.75,61.98152473873916,61.98152473873916,17.48633068848341,69.94532275393364,0.8,2226.3575493953977,1781.0860395163181,1711.1407167623845,27.607270456399437,0.6275305739005473,1.5950526315789475,0.09336187840267374,34.36288129330919,183.0693838827535,True,
4,55.25,13.8125,62.067079866671236,62.067079866671236,17.54213438902945,70.1685375561178,0.8,2226.3575493953977,1781.0860395163181,1710.9175019602003,27.565619417499427,0.6291958287307204,1.5950526315789475,0.09349074886019132,34.41031350343238,183.0693838827535,True,
4,55.5,13.875,62.15286172826582,62.15286172826582,17.597975385947944,70.39190154379177,0.8,2226.3575493953977,1781.0860395163181,1710.6941379725263,27.523980238460016,0.6308610835608935,1.5950526315789475,0.0936199608433606,34.457871415883204,183.0693838827535,True,
4,55.75,13.9375,62.23887032352294,62.23887032352294,17.653853629981523,70.61541451992609,0.8,2226.3575493953977,1781.0860395163181,1710.470624996392,27.482353328478172,0.6325263383910666,1.5950526315789475,0.09374951435218162,34.50555503066168,183.0693838827535,True,
4,56.0,14.0,62.325105652442595,62.325105652442595,17.709769072067463,70.83907628826985,0.8,2226.3575493953977,1781.0860395163181,1710.2469632280483,27.440739094214784,0.6341915932212399,1.5950526315789475,0.09387940938665437,34.55336434776781,183.0693838827535,True,
4,56.25,14.0625,62.411567715024795,62.411567715024795,17.765721663336425,71.0628866533457,0.8,2226.3575493953977,1781.0860395163181,1710.0231528629724,27.399137939797434,0.635856848051413,1.5950526315789475,0.09400964594677885,34.60129936720159,183.0693838827535,True,
4,56.5,14.125,62.498256511269524,62.498256511269524,17.82171135511116,71.28684542044464,0.8,2226.3575493953977,1781.0860395163181,1709.7991940958734,27.357550266823313,0.6375221028815862,1.5950526315789475,0.09414022403255504,34.649360088963014,183.0693838827535,True,
4,56.75,14.1875,62.58517204117677,62.58517204117677,17.877738098905272,71.51095239562109,0.8,2226.3575493953977,1781.0860395163181,1709.575087120697,27.315976474362223,0.6391873577117593,1.5950526315789475,0.09427114364398295,34.69754651305208,183.0693838827535,True,
4,57.0,14.25,62.672314304746585,62.672314304746585,17.933801846421957,71.73520738568783,0.8,2226.3575493953977,1781.0860395163181,1709.3508321306304,27.27441695895966,0.6408526125419324,1.5950526315789475,0.0944024047810626,34.745858639468814,183.0693838827535,True,
4,57.25,14.3125,62.75968330197889,62.75968330197889,17.989902549552813,71.95961019821125,0.8,2226.3575493953977,1781.0860395163181,1709.1264293181068,27.23287211464013,0.6425178673721055,1.5950526315789475,0.09453400744379395,34.79429646821317,183.0693838827535,True,
4,57.5,14.375,62.84727903287375,62.84727903287375,18.046040160376556,72.18416064150622,0.8,2226.3575493953977,1781.0860395163181,1708.901878874812,27.191342332910395,0.6441831222022786,1.5950526315789475,0.09466595163217703,34.84285999928519,183.0693838827535,True,
4,57.75,14.4375,62.93510149743114,62.93510149743114,18.102214631157857,72.40885852463143,0.8,2226.3575493953977,1781.0860395163181,1708.6771809916868,27.149828002762987,0.6458483770324518,1.5950526315789475,0.09479823734621184,34.89154923268485,183.0693838827535,True,
4,58.0,14.5,63.02315069565105,63.02315069565105,18.158425914346143,72.63370365738457,0.8,2226.3575493953977,1781.0860395163181,1708.4523358589336,27.108329510679738,0.6475136318626249,1.5950526315789475,0.09493086458589836,34.94036416841215,183.0693838827535,True,
4,58.25,14.5625,63.11142662753352,63.11142662753352,18.21467396257435,72.8586958502974,0.8,2226.3575493953977,1781.0860395163181,1708.2273436660207,27.066847240635425,0.649178886692798,1.5950526315789475,0.09506383335123661,34.98930480646712,183.0693838827535,True,
4,58.5,14.625,63.19992929307848,63.19992929307848,18.270958728657828,73.08383491463131,0.8,2226.3575493953977,1781.0860395163181,1708.0022046016868,27.025381574101594,0.6508441415229711,1.5950526315789475,0.09519714364222658,35.03837114684971,183.0693838827535,True,
4,58.75,14.6875,63.28865869228602,63.28865869228602,18.32728016559313,73.30912066237252,0.8,2226.3575493953977,1781.0860395163181,1707.7769188539455,26.983932890050315,0.6525093963531442,1.5950526315789475,0.09533079545886827,35.08756318955997,183.0693838827535,True,
4,59.0,14.75,63.377614825156066,63.377614825156066,18.38363822655684,73.53455290622736,0.8,2226.3575493953977,1781.0860395163181,1707.5514866100907,26.942501564958285,0.6541746511833173,1.5950526315789475,0.09546478880116169,35.13688093459787,183.0693838827535,True,
4,59.25,14.8125,63.46679769168865,63.46679769168865,18.440032864904456,73.76013145961782,0.8,2226.3575493953977,1781.0860395163181,1707.3259080567002,26.901087972810775,0.6558399060134905,1.5950526315789475,0.09559912366910683,35.186324381963416,183.0693838827535,True,
4,59.5,14.875,63.55620729188376,63.55620729188376,18.496464034169243,73.98585613667697,0.8,2226.3575493953977,1781.0860395163181,1707.100183379641,26.85969248510587,0.6575051608436636,1.5950526315789475,0.09573380006270368,35.23589353165661,183.0693838827535,True,
4,59.75,14.9375,63.645843625741406,63.645843625741406,18.552931688061125,74.2117267522445,0.8,2226.3575493953977,1781.0860395163181,1706.8743127640737,26.81831547085869,0.6591704156738367,1.5950526315789475,0.09586881798195226,35.28558838367745,183.0693838827535,True,
4,60.0,15.0,63.73570669326158,63.73570669326158,18.609435780465503,74.43774312186201,0.8,2226.3575493953977,1781.0860395163181,1706.648296394456,26.776957296605776,0.6608356705040098,1.5950526315789475,0.09600417742685258,35.335408938025935,183.0693838827535,True,
4,60.25,15.0625,63.82579649444429,63.82579649444429,18.665976265442243,74.66390506176897,0.8,2226.3575493953977,1781.0860395163181,1706.4221344545492,26.73561832640952,0.6625009253341829,1.5950526315789475,0.0961398783974046,35.38535519470207,183.0693838827535,True,
4,60.5,15.125,63.916113029289534,63.916113029289534,18.72255309722452,74.89021238889808,0.8,2226.3575493953977,1781.0860395163181,1706.19582712742,26.694298921862732,0.664166180164356,1.5950526315789475,0.09627592089360834,35.43542715370585,183.0693838827535,True,
4,60.75,15.1875,64.0066562977973,64.0066562977973,18.779166230217726,75.1166649208709,0.8,2226.3575493953977,1781.0860395163181,1705.9693745954473,26.65299944209327,0.6658314349945292,1.5950526315789475,0.09641230491546382,35.48562481503728,183.0693838827535,True,
4,61.0,15.25,64.09742629996764,64.09742629996764,18.83581561899844,75.34326247599375,0.8,2226.3575493953977,1781.0860395163181,1705.7427770403244,26.61172024376875,0.6674966898247023,1.5950526315789475,0.09654903046297103,35.53594817869637,183.0693838827535,True,
4,61.25,15.3125,64.18842303580048,64.18842303580048,18.892501218313296,75.57000487325318,0.8,2226.3575493953977,1781.0860395163181,1705.516034643065,26.57046168110143,0.6691619446548754,1.5950526315789475,0.09668609753612994,35.5863972446831,183.0693838827535,True,
4,61.5,15.375,64.27964650529584,64.27964650529584,18.949222983077984,75.79689193231194,0.8,2226.3575493953977,1781.0860395163181,1705.2891475840063,26.529224105853036,0.6708271994850485,1.5950526315789475,0.09682350613494058,35.63697201299747,183.0693838827535,True,
4,61.75,15.4375,64.37109670845375,64.37109670845375,19.00598086837616,76.02392347350464,0.8,2226.3575493953977,1781.0860395163181,1705.0621160428134,26.48800786733979,0.6724924543152216,1.5950526315789475,0.09696125625940294,35.68767248363949,183.0693838827535,True,
4,62.0,15.5,64.4627736452742,64.4627736452742,19.062774829458426,76.2510993178337,0.8,2226.3575493953977,1781.0860395163181,1704.8349401984844,26.446813312437524,0.6741577091453949,1.5950526315789475,0.09709934790951702,35.73849865660916,183.0693838827535,True,
4,62.25,15.5625,64.55467731575716,64.55467731575716,19.11960482174129,76.47841928696516,0.8,2226.3575493953977,1781.0860395163181,1704.607620229353,26.40564078558681,0.675822963975568,1.5950526315789475,0.09723778108528283,35.789450531906475,183.0693838827535,True,
4,62.5,15.625,64.64680771990267,64.64680771990267,19.176470800806143,76.70588320322457,0.8,2226.3575493953977,1781.0860395163181,1704.3801563130935,26.364490628798208,0.6774882188057411,1.5950526315789475,0.09737655578670038,35.84052810953144,183.0693838827535,True,
4,62.75,15.6875,64.7391648577107,64.7391648577107,19.23337272239825,76.933490889593,0.8,2226.3575493953977,1781.0860395163181,1704.152548626725,26.323363181657623,0.6791534736359142,1.5950526315789475,0.09751567201376962,35.89173138948405,183.0693838827535,True,
4,63.0,15.75,64.83174872918127,64.83174872918127,19.290310542425743,77.16124216970297,0.8,2226.3575493953977,1781.0860395163181,1703.9247973466152,26.282258781331706,0.6808187284660873,1.5950526315789475,0.0976551297664906,35.94306037176431,183.0693838827535,True,
4,63.25,15.8125,64.92455933431438,64.92455933431438,19.347284216958627,77.38913686783451,0.8,2226.3575493953977,1781.0860395163181,1703.6969026484835,26.241177762573333,0.6824839832962604,1.5950526315789475,0.09779492904486328,35.994515056372215,183.0693838827535,True,
4,63.5,15.875,65.01759667311002,65.01759667311002,19.404293702227772,77.61717480891109,0.8,2226.3575493953977,1781.0860395163181,1703.468864707407,26.20012045772722,0.6841492381264336,1.5950526315789475,0.09793506984888772,36.04609544330778,183.0693838827535,True,
4,63.75,15.9375,65.11086074556819,65.11086074556819,19.46133895462398,77.84535581849592,0.8,2226.3575493953977,1781.0860395163181,1703.2406836978223,26.159087196735523,0.6858144929566067,1.5950526315789475,0.09807555217856387,36.097801532570976,183.0693838827535,True,
4,64.0,16.0,65.20435155168887,65.20435155168887,19.51841993069695,78.0736797227878,0.8,2226.3575493953977,1781.0860395163181,1703.0123597935303,26.118078307143602,0.6874797477867798,1.5950526315789475,0.09821637603389172,36.14963332416182,183.0693838827535,True,
4,64.25,16.0625,65.29806909147212,65.29806909147212,19.575536587154375,78.3021463486175,0.8,2226.3575493953977,1781.0860395163181,1702.7838931677006,26.07709411410579,0.6891450026169529,1.5950526315789475,0.0983575414148713,36.20159081808032,183.0693838827535,True,
4,64.5,16.125,65.39201336491787,65.39201336491787,19.632688880860954,78.53075552344382,0.8,2226.3575493953977,1781.0860395163181,1702.5552839928744,26.03613494039132,0.690810257447126,1.5950526315789475,0.09849904832150261,36.25367401432646,183.0693838827535,True,
4,64.75,16.1875,65.48618437202617,65.48618437202617,19.68987676883745,78.7595070753498,0.8,2226.3575493953977,1781.0860395163181,1702.3265324409683,25.995201106390216,0.6924755122772991,1.5950526315789475,0.09864089675378565,36.30588291290025,183.0693838827535,True,
4,65.0,16.25,65.58058211279702,65.58058211279702,19.747100208259756,78.98840083303902,0.8,2226.3575493953977,1781.0860395163181,1702.097638683279,25.954292930119347,0.6941407671074723,1.5950526315789475,0.09878308671172042,36.3582175138017,183.0693838827535,True,
4,65.25,16.3125,65.67520658723038,65.67520658723038,19.804359156457952,79.21743662583181,0.8,2226.3575493953977,1781.0860395163181,1701.8686028904863,25.91341072722854,0.6958060219376455,1.5950526315789475,0.0989256181953069,36.41067781703079,183.0693838827535,True,
4,65.5,16.375,65.77005779532625,65.77005779532625,19.861653570915397,79.44661428366159,0.8,2226.3575493953977,1781.0860395163181,1701.6394252326565,25.872554811006694,0.6974712767678185,1.5950526315789475,0.09906849120454508,36.463263822587514,183.0693838827535,True,
4,65.75,16.4375,65.86513573708469,65.86513573708469,19.91898340926782,79.67593363707128,0.8,2226.3575493953977,1781.0860395163181,1701.4101058792469,25.831725492388006,0.6991365315979917,1.5950526315789475,0.09921170573943502,36.5159755304719,183.0693838827535,True,
4,66.0,16.5,65.96044041250565,65.96044041250565,19.976348629302382,79.90539451720953,0.8,2226.3575493953977,1781.0860395163181,1701.1806449991086,25.79092307995834,0.7008017864281647,1.5950526315789475,0.09935526179997665,36.56881294068393,183.0693838827535,True,
4,66.25,16.5625,66.05597182158914,66.05597182158914,20.03374918895682,80.13499675582727,0.8,2226.3575493953977,1781.0860395163181,1700.951042760491,25.750147879961514,0.7024670412583379,1.5950526315789475,0.09949915938617003,36.621776053223606,183.0693838827535,True,
4,66.5,16.625,66.15172996433516,66.15172996433516,20.091185046318476,80.3647401852739,0.8,2226.3575493953977,1781.0860395163181,1700.7212993310443,25.709400196305765,0.704132296088511,1.5950526315789475,0.09964339849801512,36.67486486809093,183.0693838827535,True,
4,66.75,16.6875,66.24771484074373,66.24771484074373,20.148656159623524,80.5946246384941,0.8,2226.3575493953977,1781.0860395163181,1700.4914148778241,25.668680330570233,0.7057975509186842,1.5950526315789475,0.09978797913551193,36.7280793852859,183.0693838827535,True,
4,67.0,16.75,66.34392645081482,66.34392645081482,20.206162487256,80.824649949024,0.8,2226.3575493953977,1781.0860395163181,1700.2613895672941,25.62798858201152,0.7074628057488572,1.5950526315789475,0.09993290129866048,36.78141960480853,183.0693838827535,True,
4,67.25,16.8125,66.44036479454846,66.44036479454846,20.26370398774697,81.05481595098787,0.8,2226.3575493953977,1781.0860395163181,1700.0312235653303,25.587325247570295,0.7091280605790304,1.5950526315789475,0.10007816498746074,36.834885526658795,183.0693838827535,True,
4,67.5,16.875,66.53702987194458,66.53702987194458,20.321280619773646,81.28512247909458,0.8,2226.3575493953977,1781.0860395163181,1699.8009170372236,25.54669062187801,0.7107933154092034,1.5950526315789475,0.1002237702019127,36.8884771508367,183.0693838827535,True,
4,67.75,16.9375,66.63392168300328,66.63392168300328,20.378892342158572,81.51556936863429,0.8,2226.3575493953977,1781.0860395163181,1699.5704701476839,25.506084997263542,0.7124585702393766,1.5950526315789475,0.10036971694201641,36.94219447734226,183.0693838827535,True,
4,68.0,17.0,66.7310402277245,66.7310402277245,20.43653911386872,81.74615645547487,0.8,2226.3575493953977,1781.0860395163181,1699.3398830608432,25.465508663760115,0.7141238250695497,1.5950526315789475,0.10051600520777183,36.996037506175476,183.0693838827535,True,
4,68.25,17.0625,66.82838550610826,66.82838550610826,20.49422089401468,81.97688357605873,0.8,2226.3575493953977,1781.0860395163181,1699.1091559402594,25.424961909112064,0.715789079899723,1.5950526315789475,0.10066263499917899,37.05000623733633,183.0693838827535,True,
4,68.5,17.125,66.92595751815455,66.92595751815455,20.551937641849815,82.20775056739926,0.8,2226.3575493953977,1781.0860395163181,1698.878288948919,25.384445018781776,0.717454334729896,1.5950526315789475,0.10080960631623787,37.10410067082484,183.0693838827535,True,
4,68.75,17.1875,67.02375626386336,67.02375626386336,20.609689316769433,82.43875726707773,0.8,2226.3575493953977,1781.0860395163181,1698.6472822492403,25.343958275956638,0.7191195895600692,1.5950526315789475,0.10095691915894844,37.15832080664099,183.0693838827535,True,
4,69.0,17.25,67.12178174323469,67.12178174323469,20.66747587830999,82.66990351323996,0.8,2226.3575493953977,1781.0860395163181,1698.4161360030782,25.303501961556083,0.7207848443902422,1.5950526315789475,0.10110457352731075,37.21266664478478,183.0693838827535,True,
4,69.25,17.3125,67.22003395626858,67.22003395626858,20.7252972861482,82.9011891445928,0.8,2226.3575493953977,1781.0860395163181,1698.1848503717254,25.263076354238613,0.7224500992204154,1.5950526315789475,0.1012525694213248,37.26713818525623,183.0693838827535,True,
4,69.5,17.375,67.318512902965,67.318512902965,20.783153500100322,83.13261400040129,0.8,2226.3575493953977,1781.0860395163181,1697.953425515917,25.222681730408986,0.7241153540505885,1.5950526315789475,0.10140090684099057,37.32173542805533,183.0693838827535,True,
4,69.75,17.4375,67.41721858332396,67.41721858332396,20.841044480121298,83.36417792048519,0.8,2226.3575493953977,1781.0860395163181,1697.721861595833,25.182318364225342,0.7257806088807617,1.5950526315789475,0.10154958578630806,37.376458373182075,183.0693838827535,True,
4,70.0,17.5,67.51615099734543,67.51615099734543,20.89897018630395,83.5958807452158,0.8,2226.3575493953977,1781.0860395163181,1697.4901587711024,25.14198652760646,0.7274458637109347,1.5950526315789475,0.10169860625727725,37.43130702063646,183.0693838827535,True,
4,70.25,17.5625,67.61531014502945,67.61531014502945,20.956930578878236,83.82772231551294,0.8,2226.3575493953977,1781.0860395163181,1697.258317200805,25.10168649023899,0.7291111185411079,1.5950526315789475,0.10184796825389819,37.4862813704185,183.0693838827535,True,
4,70.5,17.625,67.71469602637599,67.71469602637599,21.014925618210444,84.05970247284178,0.8,2226.3575493953977,1781.0860395163181,1697.0263370434764,25.061418519584826,0.730776373371281,1.5950526315789475,0.10199767177617083,37.54138142252818,183.0693838827535,True,
4,70.75,17.6875,67.81430864138507,67.81430864138507,21.072955264802385,84.29182105920954,0.8,2226.3575493953977,1781.0860395163181,1696.7942184571086,25.021182880888432,0.7324416282014541,1.5950526315789475,0.10214771682409521,37.59660717696551,183.0693838827535,True,
4,71.0,17.75,67.91414799005668,67.91414799005668,21.13101947929068,84.52407791716271,0.8,2226.3575493953977,1781.0860395163181,1696.5619615991554,24.980979837184286,0.7341068830316272,1.5950526315789475,0.1022981033976713,37.651958633730494,183.0693838827535,True,
4,71.25,17.8125,68.01421407239083,68.01421407239083,21.189118222445938,84.75647288978375,0.8,2226.3575493953977,1781.0860395163181,1696.3295666265344,24.940809649304313,0.7357721378618004,1.5950526315789475,0.10244883149689912,37.70743579282313,183.0693838827535,True,
4,71.5,17.875,68.1145068883875,68.1145068883875,21.247251455172044,84.98900582068818,0.8,2226.3575493953977,1781.0860395163181,1696.09703369563,24.900672575885434,0.7374373926919734,1.5950526315789475,0.10259990112177866,37.763038654243395,183.0693838827535,True,
4,71.75,17.9375,68.2150264380467,68.2150264380467,21.30541913850539,85.22167655402156,0.8,2226.3575493953977,1781.0860395163181,1695.8643629622966,24.86056887337705,0.7391026475221466,1.5950526315789475,0.10275131227230994,37.81876721799132,183.0693838827535,True,
4,72.0,18.0,68.31577272136845,68.31577272136845,21.363621233614094,85.45448493445637,0.8,2226.3575493953977,1781.0860395163181,1695.6315545818618,24.820498796048696,0.7407679023523197,1.5950526315789475,0.10290306494849291,37.87462148406689,183.0693838827535,True,
4,72.25,18.0625,68.41674573835272,68.41674573835272,21.42185770179733,85.68743080718932,0.8,2226.3575493953977,1781.0860395163181,1695.398608709129,24.78046259599762,0.7424331571824928,1.5950526315789475,0.10305515915032762,37.93060145247011,183.0693838827535,True,
4,72.5,18.125,68.51794548899953,68.51794548899953,21.480128504484515,85.92051401793806,0.8,2226.3575493953977,1781.0860395163181,1695.16552549838,24.74046052315647,0.7440984120126659,1.5950526315789475,0.10320759487781406,37.98670712320098,183.0693838827535,True,
4,72.75,18.1875,68.61937197330887,68.61937197330887,21.53843360323465,86.1537344129386,0.8,2226.3575493953977,1781.0860395163181,1694.9323051033796,24.700492825301048,0.7457636668428391,1.5950526315789475,0.10336037213095221,38.04293849625949,183.0693838827535,True,
4,73.0,18.25,68.72102519128072,68.72102519128072,21.596772959735535,86.38709183894214,0.8,2226.3575493953977,1781.0860395163181,1694.698947677376,24.660559748057985,0.7474289216730121,1.5950526315789475,0.10351349090974207,38.09929557164564,183.0693838827535,True,
4,73.25,18.3125,68.82290514291513,68.82290514291513,21.655146535803098,86.62058614321239,0.8,2226.3575493953977,1781.0860395163181,1694.4654533731057,24.62066153491255,0.7490941765031853,1.5950526315789475,0.10366695121418368,38.15577834935945,183.0693838827535,True,
4,73.5,18.375,68.92501182821206,68.92501182821206,21.713554293380657,86.85421717352263,0.8,2226.3575493953977,1781.0860395163181,1694.2318223427956,24.580798427216525,0.7507594313333584,1.5950526315789475,0.103820753044277,38.212386829400906,183.0693838827535,True,
4,73.75,18.4375,69.02734524717155,69.02734524717155,21.771996194538243,87.08798477815297,0.8,2226.3575493953977,1781.0860395163181,1693.9980547381651,24.540970664195985,0.7524246861635316,1.5950526315789475,0.10397489640002205,38.26912101177002,183.0693838827535,True,
4,74.0,18.5,69.12990539979354,69.12990539979354,21.830472201471824,87.3218888058873,0.8,2226.3575493953977,1781.0860395163181,1693.7641507104308,24.50117848295926,0.7540899409937046,1.5950526315789475,0.10412938128141881,38.32598089646676,183.0693838827535,True,
4,74.25,18.5625,69.23269228607806,69.23269228607806,21.888982276502716,87.55592910601086,0.8,2226.3575493953977,1781.0860395163181,1693.5301104103073,24.46142211850481,0.7557551958238778,1.5950526315789475,0.1042842076884673,38.38296648349115,183.0693838827535,True,
4,74.5,18.625,69.33570590602514,69.33570590602514,21.947526382076806,87.79010552830722,0.8,2226.3575493953977,1781.0860395163181,1693.2959339880108,24.42170180372919,0.7574204506540508,1.5950526315789475,0.10443937562116751,38.4400777728432,183.0693838827535,True,
4,74.75,18.6875,69.43894625963473,69.43894625963473,22.006104480763916,88.02441792305567,0.8,2226.3575493953977,1781.0860395163181,1693.0616215932625,24.382017769435095,0.759085705484224,1.5950526315789475,0.10459488507951945,38.4973147645229,183.0693838827535,True,
4,75.0,18.75,69.54241334690687,69.54241334690687,22.064716535257084,88.25886614102834,0.8,2226.3575493953977,1781.0860395163181,1692.8271733752897,24.342370244339296,0.7607509603143972,1.5950526315789475,0.10475073606352311,38.554677458530236,183.0693838827535,True,
4,75.25,18.8125,69.64610716784154,69.64610716784154,22.123362508371937,88.49345003348775,0.8,2226.3575493953977,1781.0860395163181,1692.5925894828304,24.302759455080782,0.7624162151445704,1.5950526315789475,0.10490692857317849,38.612165854865225,183.0693838827535,True,
4,75.5,18.875,69.75002772243872,69.75002772243872,22.18204236304596,88.72816945218383,0.8,2226.3575493953977,1781.0860395163181,1692.3578700641342,24.263185626228783,0.7640814699747434,1.5950526315789475,0.10506346260848558,38.66977995352786,183.0693838827535,True,
4,75.75,18.9375,69.85417501069847,69.85417501069847,22.24075606233792,88.96302424935168,0.8,2226.3575493953977,1781.0860395163181,1692.1230152669664,24.223648980290875,0.7657467248049166,1.5950526315789475,0.10522033816944441,38.72751975451815,183.0693838827535,True,
4,76.0,19.0,69.95854903262072,69.95854903262072,22.299503569427095,89.19801427770838,0.8,2226.3575493953977,1781.0860395163181,1691.8880252386098,24.184149737721196,0.7674119796350898,1.5950526315789475,0.10537755525605497,38.785385257836076,183.0693838827535,True,
4,76.25,19.0625,70.0631497882055,70.0631497882055,22.358284847612715,89.43313939045086,0.8,2226.3575493953977,1781.0860395163181,1691.6529001258673,24.14468811692851,0.7690772344652628,1.5950526315789475,0.10553511386831722,38.84337646348165,183.0693838827535,True,
4,76.5,19.125,70.16797727745283,70.16797727745283,22.417099860313254,89.66839944125302,0.8,2226.3575493953977,1781.0860395163181,1691.417640075065,24.105264334284442,0.770742489295436,1.5950526315789475,0.10569301400623123,38.901493371454876,183.0693838827535,True,
4,76.75,19.1875,70.2730315003627,70.2730315003627,22.47594857106583,89.90379428426333,0.8,2226.3575493953977,1781.0860395163181,1691.1822452320548,24.065878604131743,0.7724077441256091,1.5950526315789475,0.10585125566979695,38.959735981755756,183.0693838827535,True,
4,77.0,19.25,70.37831245693508,70.37831245693508,22.53483094352552,90.13932377410208,0.8,2226.3575493953977,1781.0860395163181,1690.946715742216,24.02653113879246,0.7740729989557822,1.5950526315789475,0.10600983885901437,39.018104294384266,183.0693838827535,True,
4,77.25,19.3125,70.48382014717,70.48382014717,22.593746941464758,90.37498776585903,0.8,2226.3575493953977,1781.0860395163181,1690.711051750459,23.987222148576222,0.7757382537859553,1.5950526315789475,0.10616876357388352,39.07659830934043,183.0693838827535,True,
4,77.5,19.375,70.58955457106747,70.58955457106747,22.652696528772676,90.6107861150907,0.8,2226.3575493953977,1781.0860395163181,1690.4752534012275,23.947951841788537,0.7774035086161285,1.5950526315789475,0.10632802981440442,39.13521802662426,183.0693838827535,True,
4,77.75,19.4375,70.69551572862744,70.69551572862744,22.711679669454547,90.84671867781819,0.8,2226.3575493953977,1781.0860395163181,1690.2393208385,23.90872042473911,0.7790687634463015,1.5950526315789475,0.10648763758057701,39.19396344623571,183.0693838827535,True,
4,78.0,19.5,70.80170361984997,70.80170361984997,22.77069632763104,91.08278531052416,0.8,2226.3575493953977,1781.0860395163181,1690.003254205794,23.86952810175015,0.7807340182764747,1.5950526315789475,0.10664758687240135,39.252834568174826,183.0693838827535,True,
4,78.25,19.5625,70.90811824473504,70.90811824473504,22.82974646753774,91.31898587015095,0.8,2226.3575493953977,1781.0860395163181,1689.7670536461671,23.830375075164728,0.7823992731066478,1.5950526315789475,0.1068078776898774,39.31183139244159,183.0693838827535,True,
4,78.5,19.625,71.01475960328261,71.01475960328261,22.888830053524448,91.55532021409779,0.8,2226.3575493953977,1781.0860395163181,1689.5307193022204,23.791261545355184,0.784064527936821,1.5950526315789475,0.10696851003300517,39.37095391903599,183.0693838827535,True,
4,78.75,19.6875,71.1216276954927,71.1216276954927,22.947947050054584,91.79178820021833,0.8,2226.3575493953977,1781.0860395163181,1689.2942513160997,23.752187710731455,0.785729782766994,1.5950526315789475,0.10712948390178464,39.430202147958035,183.0693838827535,True,
4,79.0,19.75,71.22872252136538,71.22872252136538,23.00709742170465,92.0283896868186,0.8,2226.3575493953977,1781.0860395163181,1689.0576498294995,23.713153767749503,0.7873950375971672,1.5950526315789475,0.10729079929621588,39.489576079207744,183.0693838827535,True,
4,79.25,19.8125,71.33604408090055,71.33604408090055,23.066281133163532,92.26512453265413,0.8,2226.3575493953977,1781.0860395163181,1688.820914983664,23.674159910919805,0.7890602924273402,1.5950526315789475,0.10745245621629881,39.54907571278509,183.0693838827535,True,
4,79.5,19.875,71.44359237409827,71.44359237409827,23.125498149231984,92.50199259692793,0.8,2226.3575493953977,1781.0860395163181,1688.5840469193902,23.635206332815688,0.7907255472575134,1.5950526315789475,0.10761445466203348,39.60870104869009,183.0693838827535,True,
4,79.75,19.9375,71.55136740095851,71.55136740095851,23.184748434822012,92.73899373928805,0.8,2226.3575493953977,1781.0860395163181,1688.34704577703,23.596293224081872,0.7923908020876865,1.5950526315789475,0.10777679463341985,39.66845208692273,183.0693838827535,True,
4,80.0,20.0,71.65936916148131,71.65936916148131,23.244031954956277,92.97612781982511,0.8,2226.3575493953977,1781.0860395163181,1688.109911696493,23.557420773442896,0.7940560569178597,1.5950526315789475,0.10793947613045797,39.728328827483026,183.0693838827535,True,
4,80.25,20.0625,71.76759765566662,71.76759765566662,23.303348674767545,93.21339469907018,0.8,2226.3575493953977,1781.0860395163181,1687.8726448172479,23.518589167711635,0.7957213117480327,1.5950526315789475,0.10810249915314779,39.78833127037096,183.0693838827535,True,
4,80.5,20.125,71.87605288351446,71.87605288351446,23.362698559498075,93.4507942379923,0.8,2226.3575493953977,1781.0860395163181,1687.6352452783258,23.47979859179778,0.797386566578206,1.5950526315789475,0.10826586370148936,39.84845941558655,183.0693838827535,True,
4,80.75,20.1875,71.98473484502483,71.98473484502483,23.42208157449906,93.68832629799624,0.8,2226.3575493953977,1781.0860395163181,1687.3977132183218,23.44104922871637,0.7990518214083789,1.5950526315789475,0.1084295697754826,39.90871326312977,183.0693838827535,True,
4,81.0,20.25,72.09364354019775,72.09364354019775,23.48149768523011,93.92599074092044,0.8,2226.3575493953977,1781.0860395163181,1687.1600487753976,23.402341259596295,0.8007170762385522,1.5950526315789475,0.10859361737512763,39.96909281300066,183.0693838827535,True,
4,81.25,20.3125,72.2027789690332,72.2027789690332,23.54094685725857,94.16378742903429,0.8,2226.3575493953977,1781.0860395163181,1686.9222520872838,23.36367486368886,0.8023823310687253,1.5950526315789475,0.10875800650042433,40.02959806519919,183.0693838827535,True,
4,81.5,20.375,72.31214113153118,72.31214113153118,23.6004290562591,94.4017162250364,0.8,2226.3575493953977,1781.0860395163181,1686.6843232912818,23.325050218376337,0.8040475858988985,1.5950526315789475,0.10892273715137278,40.09022901972536,183.0693838827535,True,
4,81.75,20.4375,72.42173002769168,72.42173002769168,23.65994424801301,94.63977699205203,0.8,2226.3575493953977,1781.0860395163181,1686.446262524266,23.28646749918049,0.8057128407290715,1.5950526315789475,0.10908780932797293,40.15098567657918,183.0693838827535,True,
4,82.0,20.5,72.53154565751473,72.53154565751473,23.71949239840776,94.87796959363104,0.8,2226.3575493953977,1781.0860395163181,1686.2080699226872,23.247926879771178,0.8073780955592447,1.5950526315789475,0.10925322303022483,40.21186803576066,183.0693838827535,True,
4,82.25,20.5625,72.64158802100029,72.64158802100029,23.77907347343641,95.11629389374563,0.8,2226.3575493953977,1781.0860395163181,1685.9697456225724,23.20942853197493,0.8090433503894177,1.5950526315789475,0.10941897825812844,40.27287609726977,183.0693838827535,True,
4,82.5,20.625,72.7518571181484,72.7518571181484,23.838687439197066,95.35474975678827,0.8,2226.3575493953977,1781.0860395163181,1685.7312897595298,23.170972625783513,0.8107086052195909,1.5950526315789475,0.10958507501168377,40.33400986110654,183.0693838827535,True,
4,82.75,20.6875,72.86235294895903,72.86235294895903,23.89833426189234,95.59333704756936,0.8,2226.3575493953977,1781.0860395163181,1685.4927024687488,23.132559329362547,0.812373860049764,1.5950526315789475,0.10975151329089082,40.39526932727095,183.0693838827535,True,
4,83.0,20.75,72.9730755134322,72.9730755134322,23.958013907828818,95.83205563131527,0.8,2226.3575493953977,1781.0860395163181,1685.2539838850028,23.09418880906009,0.8140391148799372,1.5950526315789475,0.1099182930957496,40.45665449576301,183.0693838827535,True,
4,83.25,20.8125,73.08402481156791,73.08402481156791,24.01772634341654,96.07090537366616,0.8,2226.3575493953977,1781.0860395163181,1685.015134142652,23.055861229415264,0.8157043697101102,1.5950526315789475,0.1100854144262601,40.51816536658272,183.0693838827535,True,
4,83.5,20.875,73.19520084336614,73.19520084336614,24.077471535168435,96.30988614067374,0.8,2226.3575493953977,1781.0860395163181,1684.7761533756443,23.017576753166868,0.8173696245402834,1.5950526315789475,0.11025287728242232,40.579801939730075,183.0693838827535,True,
4,83.75,20.9375,73.3066036088269,73.3066036088269,24.137249449699826,96.5489977987993,0.8,2226.3575493953977,1781.0860395163181,1684.5370417175188,22.979335541261968,0.8190348793704565,1.5950526315789475,0.11042068166423627,40.64156421520508,183.0693838827535,True,
4,84.0,21.0,73.41823310795021,73.41823310795021,24.19706005372794,96.78824021491177,0.8,2226.3575493953977,1781.0860395163181,1684.2977993014063,22.941137752864545,0.8207001342006296,1.5950526315789475,0.11058882757170194,40.703452193007735,183.0693838827535,True,
4,84.25,21.0625,73.53008934073604,73.53008934073604,24.2569033140713,97.0276132562852,0.8,2226.3575493953977,1781.0860395163181,1684.058426260033,22.902983545364144,0.8223653890308027,1.5950526315789475,0.11075731500481932,40.76546587313803,183.0693838827535,True,
4,84.5,21.125,73.64217230718441,73.64217230718441,24.316779197649314,97.26711679059726,0.8,2226.3575493953977,1781.0860395163181,1683.8189227257208,22.864873074384448,0.8240306438609759,1.5950526315789475,0.11092614396358844,40.82760525559598,183.0693838827535,True,
4,84.75,21.1875,73.75448200729531,73.75448200729531,24.376687671481694,97.50675068592678,0.8,2226.3575493953977,1781.0860395163181,1683.5792888303913,22.826806493791967,0.8256958986911489,1.5950526315789475,0.11109531444800927,40.88987034038157,183.0693838827535,True,
4,85.0,21.25,73.86701844106875,73.86701844106875,24.436628702687965,97.74651481075186,0.8,2226.3575493953977,1781.0860395163181,1683.3395247055662,22.788783955704638,0.8273611535213221,1.5950526315789475,0.11126482645808183,40.952261127494815,183.0693838827535,True,
4,85.25,21.3125,73.9797816085047,73.9797816085047,24.496602258487002,97.98640903394801,0.8,2226.3575493953977,1781.0860395163181,1683.0996304823702,22.7508056105005,0.8290264083514952,1.5950526315789475,0.1114346799938061,41.014777616935696,183.0693838827535,True,
4,85.5,21.375,74.09277150960318,74.09277150960318,24.55660830619648,98.22643322478592,0.8,2226.3575493953977,1781.0860395163181,1682.8596062915321,22.712871606826265,0.8306916631816683,1.5950526315789475,0.1116048750551821,41.07741980870423,183.0693838827535,True,
4,85.75,21.4375,74.20598814436423,74.20598814436423,24.616646813232386,98.46658725292954,0.8,2226.3575493953977,1781.0860395163181,1682.6194522633887,22.674982091606037,0.8323569180118414,1.5950526315789475,0.11177541164220983,41.14018770280042,183.0693838827535,True,
4,86.0,21.5,74.31943151278779,74.31943151278779,24.67671774710857,98.70687098843428,0.8,2226.3575493953977,1781.0860395163181,1682.3791685278838,22.637137210049904,0.8340221728420146,1.5950526315789475,0.11194628975488928,41.203081299224245,183.0693838827535,True,
4,86.25,21.5625,74.43310161487388,74.43310161487388,24.736821075436218,98.94728430174487,0.8,2226.3575493953977,1781.0860395163181,1682.1387552145732,22.59933710566259,0.8356874276721876,1.5950526315789475,0.11211750939322043,41.26610059797572,183.0693838827535,True,
4,86.5,21.625,74.5469984506225,74.5469984506225,24.796956765923355,99.18782706369342,0.8,2226.3575493953977,1781.0860395163181,1681.8982124526246,22.561581920252085,0.8373526825023608,1.5950526315789475,0.11228907055720333,41.32924559905485,183.0693838827535,True,
4,86.75,21.6875,74.66112202003367,74.66112202003367,24.857124786374403,99.42849914549761,0.8,2226.3575493953977,1781.0860395163181,1681.6575403708205,22.523871793938277,0.8390179373325339,1.5950526315789475,0.11246097324683796,41.39251630246163,183.0693838827535,True,
4,87.0,21.75,74.77547232310735,74.77547232310735,24.917325104689677,99.66930041875871,0.8,2226.3575493953977,1781.0860395163181,1681.4167390975595,22.486206865161623,0.8406831921627071,1.5950526315789475,0.11263321746212429,41.455912708196045,183.0693838827535,True,
4,87.25,21.8125,74.89004935984357,74.89004935984357,24.977557688864923,99.9102307554597,0.8,2226.3575493953977,1781.0860395163181,1681.1758087608584,22.44858727069171,0.8423484469928801,1.5950526315789475,0.11280580320306234,41.51943481625811,183.0693838827535,True,
4,87.5,21.875,75.00485313024234,75.00485313024234,25.037822506990835,100.15129002796334,0.8,2226.3575493953977,1781.0860395163181,1680.9347494883548,22.41101314563595,0.8440137018230534,1.5950526315789475,0.11297873046965214,41.58308262664784,183.0693838827535,True,
4,87.75,21.9375,75.11988363430362,75.11988363430362,25.098119527252564,100.39247810901026,0.8,2226.3575493953977,1781.0860395163181,1680.693561407308,22.37348462344817,0.8456789566532263,1.5950526315789475,0.11315199926189362,41.64685613936519,183.0693838827535,True,
4,88.0,22.0,75.23514087202744,75.23514087202744,25.158448717929335,100.63379487171734,0.8,2226.3575493953977,1781.0860395163181,1680.4522446446008,22.336001835937225,0.8473442114833996,1.5950526315789475,0.11332560957978687,41.71075535441021,183.0693838827535,True,
4,88.25,22.0625,75.3506248434138,75.3506248434138,25.218810047393863,100.87524018957545,0.8,2226.3575493953977,1781.0860395163181,1680.2107993267427,22.29856491327564,0.8490094663135727,1.5950526315789475,0.11349956142333181,41.774780271782866,183.0693838827535,True,
4,88.5,22.125,75.4663355484627,75.4663355484627,25.27920348411202,101.11681393644808,0.8,2226.3575493953977,1781.0860395163181,1679.96922557987,22.261173984008188,0.8506747211437459,1.5950526315789475,0.11367385479252849,41.83893089148318,183.0693838827535,True,
4,88.75,22.1875,75.5822729871741,75.5822729871741,25.339628996642286,101.35851598656915,0.8,2226.3575493953977,1781.0860395163181,1679.727523529749,22.22382917506053,0.852339975973919,1.5950526315789475,0.11384848968737687,41.90320721351112,183.0693838827535,True,
4,89.0,22.25,75.69843715954805,75.69843715954805,25.40008655363531,101.60034621454125,0.8,2226.3575493953977,1781.0860395163181,1679.4856933017768,22.18653061174776,0.8540052308040921,1.5950526315789475,0.114023466107877,41.967609237866725,183.0693838827535,True,
4,89.25,22.3125,75.81482806558454,75.81482806558454,25.460576123833544,101.84230449533418,0.8,2226.3575493953977,1781.0860395163181,1679.2437350209839,22.149278417783044,0.8556704856342653,1.5950526315789475,0.11419878405402885,42.03213696454998,183.0693838827535,True,
4,89.5,22.375,75.93144570528355,75.93144570528355,25.52109767607067,102.08439070428268,0.8,2226.3575493953977,1781.0860395163181,1679.0016488120355,22.112072715286192,0.8573357404644383,1.5950526315789475,0.1143744435258324,42.09679039356087,183.0693838827535,True,
4,89.75,22.4375,76.04829007864511,76.04829007864511,25.581651179271244,102.32660471708498,0.8,2226.3575493953977,1781.0860395163181,1678.759434799233,22.07491362479221,0.8590009952946115,1.5950526315789475,0.11455044452328769,42.16156952489942,183.0693838827535,True,
4,90.0,22.5,76.16536118566917,76.16536118566917,25.64223660245023,102.56894640980092,0.8,2226.3575493953977,1781.0860395163181,1678.5170931065172,22.037801265259898,0.8606662501247846,1.5950526315789475,0.11472678704639469,42.2264743585656,183.0693838827535,True,
4,90.25,22.5625,76.2826590263558,76.2826590263558,25.702853914712556,102.81141565885022,0.8,2226.3575493953977,1781.0860395163181,1678.274623857468,22.000735754080374,0.8623315049549578,1.5950526315789475,0.11490347109515343,42.29150489455945,183.0693838827535,True,
4,90.5,22.625,76.40018360070495,76.40018360070495,25.763503085252704,103.05401234101082,0.8,2226.3575493953977,1781.0860395163181,1678.0320271753073,21.963717207085665,0.8639967597851308,1.5950526315789475,0.11508049666956388,42.35666113288094,183.0693838827535,True,
4,90.75,22.6875,76.51793490871663,76.51793490871663,25.82418408335423,103.29673633341692,0.8,2226.3575493953977,1781.0860395163181,1677.7893031829012,21.926745738557223,0.865662014615304,1.5950526315789475,0.11525786376962606,42.42194307353007,183.0693838827535,True,
4,91.0,22.75,76.63591295039083,76.63591295039083,25.88489687838938,103.53958751355752,0.8,2226.3575493953977,1781.0860395163181,1677.5464520027606,21.889821461234455,0.867327269445477,1.5950526315789475,0.11543557239533994,42.487350716506846,183.0693838827535,True,
4,91.25,22.8125,76.75411772572757,76.75411772572757,25.94564143981867,103.78256575927468,0.8,2226.3575493953977,1781.0860395163181,1677.3034737570435,21.852944486323246,0.8689925242756502,1.5950526315789475,0.11561362254670557,42.55288406181128,183.0693838827535,True,
4,91.5,22.875,76.87254923472685,76.87254923472685,26.00641773719041,104.02567094876164,0.8,2226.3575493953977,1781.0860395163181,1677.0603685675565,21.81611492350447,0.8706577791058233,1.5950526315789475,0.1157920142237229,42.61854310944335,183.0693838827535,True,
4,91.75,22.9375,76.99120747738867,76.99120747738867,26.06722574014033,104.26890296056132,0.8,2226.3575493953977,1781.0860395163181,1676.8171365557569,21.779332880942498,0.8723230339359965,1.5950526315789475,0.11597074742639199,42.68432785940308,183.0693838827535,True,
4,92.0,23.0,77.110092453713,77.110092453713,26.12806541839116,104.51226167356464,0.8,2226.3575493953977,1781.0860395163181,1676.5737778427535,21.742598465293675,0.8739882887661695,1.5950526315789475,0.11614982215471276,42.750238311690445,183.0693838827535,True,
4,92.25,23.0625,77.22920416369988,77.22920416369988,26.188936741752183,104.75574696700873,0.8,2226.3575493953977,1781.0860395163181,1676.3302925493094,21.705911781714782,0.8756535435963427,1.5950526315789475,0.11632923840868528,42.81627446630547,183.0693838827535,True,
4,92.5,23.125,77.34854260734927,77.34854260734927,26.24983968011888,104.99935872047551,0.8,2226.3575493953977,1781.0860395163181,1676.0866807958425,21.669272933871532,0.8773187984265157,1.5950526315789475,0.11650899618830948,42.88243632324813,183.0693838827535,True,
4,92.75,23.1875,77.46810778466121,77.46810778466121,26.310774203472434,105.24309681388974,0.8,2226.3575493953977,1781.0860395163181,1675.8429427024284,21.632682023946987,0.8789840532566889,1.5950526315789475,0.11668909549358544,42.94872388251844,183.0693838827535,True,
4,93.0,23.25,77.58789969563568,77.58789969563568,26.371740281879408,105.48696112751763,0.8,2226.3575493953977,1781.0860395163181,1675.5990783888005,21.59613915265002,0.880649308086862,1.5950526315789475,0.11686953632451313,43.01513714411641,183.0693838827535,True,
4,93.25,23.3125,77.70791834027268,77.70791834027268,26.43273788549132,105.73095154196528,0.8,2226.3575493953977,1781.0860395163181,1675.355087974353,21.559644419223726,0.8823145629170352,1.5950526315789475,0.11705031868109253,43.08167610804202,183.0693838827535,True,
4,93.5,23.375,77.82816371857221,77.82816371857221,26.49376698454422,105.97506793817688,0.8,2226.3575493953977,1781.0860395163181,1675.1109715781413,21.52319792145382,0.8839798177472082,1.5950526315789475,0.11723144256332366,43.14834077429527,183.0693838827535,True,
4,93.75,23.4375,77.9486358305343,77.9486358305343,26.55482754935828,106.21931019743312,0.8,2226.3575493953977,1781.0860395163181,1674.866729318885,21.486799755677065,0.8856450725773815,1.5950526315789475,0.11741290797120651,43.21513114287618,183.0693838827535,True,
4,94.0,23.5,78.06933467615887,78.06933467615887,26.61591955033743,106.46367820134972,0.8,2226.3575493953977,1781.0860395163181,1674.6223613149684,21.450450016789645,0.8873103274075544,1.5950526315789475,0.11759471490474105,43.28204721378472,183.0693838827535,True,
4,94.25,23.5625,78.19026025544603,78.19026025544603,26.677042957969004,106.70817183187602,0.8,2226.3575493953977,1781.0860395163181,1674.3778676844422,21.41414879825547,0.8889755822377277,1.5950526315789475,0.11777686336392737,43.349088987020934,183.0693838827535,True,
4,94.5,23.625,78.3114125683957,78.3114125683957,26.73819774282323,106.95279097129291,0.8,2226.3575493953977,1781.0860395163181,1674.1332485450253,21.377896192114644,0.8906408370679008,1.5950526315789475,0.11795935334876537,43.416256462584776,183.0693838827535,True,
4,94.75,23.6875,78.4327916150079,78.4327916150079,26.799383875552945,107.19753550221178,0.8,2226.3575493953977,1781.0860395163181,1673.8885040141063,21.34169228899169,0.892306091898074,1.5950526315789475,0.11814218485925512,43.48354964047628,183.0693838827535,True,
4,95.0,23.75,78.55439739528262,78.55439739528262,26.860601326893196,107.44240530757278,0.8,2226.3575493953977,1781.0860395163181,1673.6436342087454,21.305537178103943,0.893971346728247,1.5950526315789475,0.11832535789539655,43.550968520695406,183.0693838827535,True,
4,95.25,23.8125,78.67622990921988,78.67622990921988,26.921850067660806,107.68740027064322,0.8,2226.3575493953977,1781.0860395163181,1673.398639245675,21.269430947269797,0.8956366015584202,1.5950526315789475,0.11850887245718975,43.6185131032422,183.0693838827535,True,
4,95.5,23.875,78.79828915681969,78.79828915681969,26.983130068754043,107.93252027501617,0.8,2226.3575493953977,1781.0860395163181,1673.1535192413019,21.233373682917033,0.8973018563885933,1.5950526315789475,0.11869272854463464,43.68618338811664,183.0693838827535,True,
4,95.75,23.9375,78.92057513808201,78.92057513808201,27.044441301152222,108.17776520460889,0.8,2226.3575493953977,1781.0860395163181,1672.9082743117092,21.197365470091093,0.8989671112187664,1.5950526315789475,0.11887692615773127,43.75397937531872,183.0693838827535,True,
4,96.0,24.0,79.04308785300688,79.04308785300688,27.10578373591534,108.42313494366137,0.8,2226.3575493953977,1781.0860395163181,1672.6629045726568,21.161406392463284,0.9006323660489395,1.5950526315789475,0.11906146529647962,43.82190106484846,183.0693838827535,True,
4,96.25,24.0625,79.16582730159426,79.16582730159426,27.167157344183686,108.66862937673474,0.8,2226.3575493953977,1781.0860395163181,1672.4174101395834,21.12549653233907,0.9022976208791127,1.5950526315789475,0.11924634596087968,43.88994845670583,183.0693838827535,True,
4,96.5,24.125,79.2887934838442,79.2887934838442,27.22856209717748,108.91424838870992,0.8,2226.3575493953977,1781.0860395163181,1672.1717911276082,21.089635970666247,0.9039628757092857,1.5950526315789475,0.11943156815093148,43.958121550890866,183.0693838827535,True,
4,96.75,24.1875,79.41198639975666,79.41198639975666,27.28999796619651,109.15999186478604,0.8,2226.3575493953977,1781.0860395163181,1671.9260476515321,21.053824787043173,0.9056281305394589,1.5950526315789475,0.119617131866635,44.02642034740354,183.0693838827535,True,
4,97.0,24.25,79.53540604933166,79.53540604933166,27.351464922619748,109.40585969047899,0.8,2226.3575493953977,1781.0860395163181,1671.680179825839,21.018063059726927,0.907293385369632,1.5950526315789475,0.11980303710799023,44.09484484624386,183.0693838827535,True,
4,97.25,24.3125,79.65905243256917,79.65905243256917,27.412962937905036,109.65185175162014,0.8,2226.3575493953977,1781.0860395163181,1671.434187764698,20.982350865641482,0.9089586401998051,1.5950526315789475,0.11998928387499719,44.163395047411825,183.0693838827535,True,
4,97.5,24.375,79.78292554946924,79.78292554946924,27.47449198358863,109.89796793435453,0.8,2226.3575493953977,1781.0860395163181,1671.1880715819636,20.946688280385843,0.9106238950299782,1.5950526315789475,0.12017587216765588,44.23207095090745,183.0693838827535,True,
4,97.75,24.4375,79.9070254000318,79.9070254000318,27.536052031284964,110.14420812513985,0.8,2226.3575493953977,1781.0860395163181,1670.9418313911783,20.91107537824219,0.9122891498601514,1.5950526315789475,0.12036280198596627,44.3008725567307,183.0693838827535,True,
4,98.0,24.5,80.03135198425694,80.03135198425694,27.59764305268617,110.39057221074468,0.8,2226.3575493953977,1781.0860395163181,1670.6954673055734,20.87551223218393,0.9139544046903244,1.5950526315789475,0.1205500733299284,44.36979986488162,183.0693838827535,True,
4,98.25,24.5625,80.15590530214459,80.15590530214459,27.659265019561815,110.63706007824726,0.8,2226.3575493953977,1781.0860395163181,1670.4489794380709,20.83999891388386,0.9156196595204976,1.5950526315789475,0.12073768619954225,44.438852875360176,183.0693838827535,True,
4,98.5,24.625,80.28068535369476,80.28068535369476,27.72091790375851,110.88367161503405,0.8,2226.3575493953977,1781.0860395163181,1670.202367901284,20.804535493722167,0.9172849143506707,1.5950526315789475,0.12092564059480782,44.50803158816638,183.0693838827535,True,
4,98.75,24.6875,80.4056921389075,80.4056921389075,27.78260167719957,111.13040670879828,0.8,2226.3575493953977,1781.0860395163181,1669.9556328075198,20.76912204079449,0.9189501691808439,1.5950526315789475,0.12111393651572513,44.577336003300246,183.0693838827535,True,
4,99.0,24.75,80.53092565778275,80.53092565778275,27.844316311884647,111.37726524753859,0.8,2226.3575493953977,1781.0860395163181,1669.7087742687795,20.733758622919964,0.9206154240110169,1.5950526315789475,0.12130257396229413,44.64676612076174,183.0693838827535,True,
4,99.25,24.8125,80.65638591032052,80.65638591032052,27.906061779889416,111.62424711955767,0.8,2226.3575493953977,1781.0860395163181,1669.4617923967605,20.6984453066492,0.9222806788411901,1.5950526315789475,0.12149155293451488,44.71632194055089,183.0693838827535,True,
4,99.5,24.875,80.78207289652086,80.78207289652086,27.967838053365213,111.87135221346085,0.8,2226.3575493953977,1781.0860395163181,1669.2146873028573,20.663182157272267,0.9239459336713631,1.5950526315789475,0.12168087343238734,44.78600346266769,183.0693838827535,True,
4,99.75,24.9375,80.9079866163837,80.9079866163837,28.029645104538695,112.11858041815478,0.8,2226.3575493953977,1781.0860395163181,1668.9674590981633,20.627969238826676,0.9256111885015363,1.5950526315789475,0.12187053545591153,44.85581068711213,183.0693838827535,True,
4,100.0,25.0,81.03412706990908,81.03412706990908,28.091482905711477,112.3659316228459,0.8,2226.3575493953977,1781.0860395163181,1668.7201078934722,20.592806614105292,0.9272764433317094,1.5950526315789475,0.12206053900508743,44.92574361388422,183.0693838827535,True,
4,100.25,25.0625,81.160494257097,81.160494257097,28.15335142925989,112.61340571703956,0.8,2226.3575493953977,1781.0860395163181,1668.4726337992786,20.557694344664252,0.9289416981618827,1.5950526315789475,0.12225088407991508,44.99580224298397,183.0693838827535,True,
4,100.5,25.125,81.28708817794742,81.28708817794742,28.215250647634498,112.86100259053799,0.8,2226.3575493953977,1781.0860395163181,1668.2250369257802,20.5226324908309,0.9306069529920556,1.5950526315789475,0.12244157068039441,45.06598657441135,183.0693838827535,True,
4,100.75,25.1875,81.41390883246041,81.41390883246041,28.2771805333599,113.1087221334396,0.8,2226.3575493953977,1781.0860395163181,1667.9773173828785,20.48762111171159,0.9322722078222289,1.5950526315789475,0.1226325988065255,45.13629660816638,183.0693838827535,True,
4,101.0,25.25,81.5409562206359,81.5409562206359,28.339141059034304,113.35656423613722,0.8,2226.3575493953977,1781.0860395163181,1667.7294752801808,20.452660265199608,0.9339374626524019,1.5950526315789475,0.12282396845830829,45.20673234424906,183.0693838827535,True,
4,101.25,25.3125,81.66823034247398,81.66823034247398,28.40113219732928,113.60452878931711,0.8,2226.3575493953977,1781.0860395163181,1667.481510727001,20.417750007982946,0.9356027174825751,1.5950526315789475,0.12301567963574281,45.2772937826594,183.0693838827535,True,
4,101.5,25.375,81.79573119797455,81.79573119797455,28.46315392098936,113.85261568395744,0.8,2226.3575493953977,1781.0860395163181,1667.2334238323606,20.38289039555215,0.9372679723127483,1.5950526315789475,0.12320773233882906,45.34798092339738,183.0693838827535,True,
4,101.75,25.4375,81.92345878713766,81.92345878713766,28.52520620283176,114.10082481132704,0.8,2226.3575493953977,1781.0860395163181,1666.985214704991,20.34808148220806,0.9389332271429214,1.5950526315789475,0.12340012656756702,45.418793766463004,183.0693838827535,True,
4,102.0,25.5,82.0514131099633,82.0514131099633,28.587289015746045,114.34915606298418,0.8,2226.3575493953977,1781.0860395163181,1666.736883453334,20.313323321069607,0.9405984819730945,1.5950526315789475,0.12359286232195671,45.48973231185628,183.0693838827535,True,
4,102.25,25.5625,82.17959416645147,82.17959416645147,28.649402332693796,114.59760933077519,0.8,2226.3575493953977,1781.0860395163181,1666.488430185543,20.278615964081517,0.9422637368032676,1.5950526315789475,0.12378593960199813,45.56079655957719,183.0693838827535,True,
4,102.5,25.625,82.30800195660218,82.30800195660218,28.711546126708317,114.84618450683327,0.8,2226.3575493953977,1781.0860395163181,1666.239855009485,20.243959462022033,0.9439289916334408,1.5950526315789475,0.12397935840769125,45.63198650962576,183.0693838827535,True,
4,102.75,25.6875,82.43663648041542,82.43663648041542,28.77372037089429,115.09488148357715,0.8,2226.3575493953977,1781.0860395163181,1665.991158032741,20.209353864510625,0.9455942464636138,1.5950526315789475,0.12417311873903611,45.703302162001975,183.0693838827535,True,
4,103.0,25.75,82.56549773789119,82.56549773789119,28.835925038427494,115.34370015370997,0.8,2226.3575493953977,1781.0860395163181,1665.7423393626082,20.174799220015615,0.947259501293787,1.5950526315789475,0.1243672205960327,45.77474351670584,183.0693838827535,True,
4,103.25,25.8125,82.6945857290295,82.6945857290295,28.89816010255445,115.5926404102178,0.8,2226.3575493953977,1781.0860395163181,1665.4933991061002,20.14029557586184,0.9489247561239601,1.5950526315789475,0.12456166397868099,45.84631057373735,183.0693838827535,True,
4,103.5,25.875,82.82390045383035,82.82390045383035,28.960425536592155,115.84170214636862,0.8,2226.3575493953977,1781.0860395163181,1665.2443373699496,20.10584297823826,0.9505900109541333,1.5950526315789475,0.12475644888698104,45.918003333096514,183.0693838827535,True,
4,103.75,25.9375,82.9534419122937,82.9534419122937,29.022721313927743,116.09088525571097,0.8,2226.3575493953977,1781.0860395163181,1664.9951542606073,20.071441472205567,0.9522552657843063,1.5950526315789475,0.12495157532093276,45.98982179478331,183.0693838827535,True,
4,104.0,26.0,83.0832101044196,83.0832101044196,29.08504740801818,116.34018963207272,0.8,2226.3575493953977,1781.0860395163181,1664.7458498842454,20.037091101703705,0.9539205206144795,1.5950526315789475,0.12514704328053622,46.061765958797764,183.0693838827535,True,
4,104.25,26.0625,83.21320503020803,83.21320503020803,29.14740379238999,116.58961516955996,0.8,2226.3575493953977,1781.0860395163181,1664.4964243467582,20.002791909559466,0.9555857754446525,1.5950526315789475,0.1253428527657914,46.13383582513986,183.0693838827535,True,
4,104.5,26.125,83.343426689659,83.343426689659,29.209790440638912,116.83916176255565,0.8,2226.3575493953977,1781.0860395163181,1664.2468777537624,19.96854393749396,0.9572510302748257,1.5950526315789475,0.12553900377669833,46.20603139380961,183.0693838827535,True,
4,104.75,26.1875,83.47387508277251,83.47387508277251,29.2722073264296,117.0888293057184,0.8,2226.3575493953977,1781.0860395163181,1663.9972102105996,19.934347226130136,0.9589162851049988,1.5950526315789475,0.12573549631325698,46.27835266480701,183.0693838827535,True,
4,105.0,26.25,83.60455020954853,83.60455020954853,29.33465442349537,117.33861769398148,0.8,2226.3575493953977,1781.0860395163181,1663.7474218223367,19.900201815000244,0.960581539935172,1.5950526315789475,0.12593233037546733,46.35079963813205,183.0693838827535,True,
4,105.25,26.3125,83.73545206998708,83.73545206998708,29.397131705637843,117.58852682255137,0.8,2226.3575493953977,1781.0860395163181,1663.4975126937668,19.86610774255325,0.962246794765345,1.5950526315789475,0.1261295059633294,46.42337231378473,183.0693838827535,True,
4,105.5,26.375,83.86658066408819,83.86658066408819,29.459639146726705,117.83855658690682,0.8,2226.3575493953977,1781.0860395163181,1663.2474829294113,19.832065046162263,0.9639120495955182,1.5950526315789475,0.1263270230768432,46.49607069176508,183.0693838827535,True,
4,105.75,26.4375,83.99793599185182,83.99793599185182,29.522176720699356,118.08870688279742,0.8,2226.3575493953977,1781.0860395163181,1662.9973326335207,19.798073762131953,0.9655773044256912,1.5950526315789475,0.12652488171600873,46.56889477207306,183.0693838827535,True,
4,106.0,26.5,84.12951805327798,84.12951805327798,29.584744401560688,118.33897760624275,0.8,2226.3575493953977,1781.0860395163181,1662.7470619100754,19.764133925705867,0.9672425592558644,1.5950526315789475,0.12672308188082598,46.64184455470869,183.0693838827535,True,
4,106.25,26.5625,84.26132684836668,84.26132684836668,29.6473421633827,118.5893686535308,0.8,2226.3575493953977,1781.0860395163181,1662.4966708627874,19.730245571073787,0.9689078140860375,1.5950526315789475,0.12692162357129494,46.71492003967197,183.0693838827535,True,
4,106.5,26.625,84.39336237711791,84.39336237711791,29.70996998030431,118.83987992121725,0.8,2226.3575493953977,1781.0860395163181,1662.2461595951008,19.696408731379044,0.9705730689162108,1.5950526315789475,0.12712050678741565,46.78812122696291,183.0693838827535,True,
4,106.75,26.6875,84.52562463953166,84.52562463953166,29.772627826530996,119.09051130612399,0.8,2226.3575493953977,1781.0860395163181,1661.9955282101942,19.6626234387258,0.9722383237463837,1.5950526315789475,0.12731973152918805,46.86144811658147,183.0693838827535,True,
4,107.0,26.75,84.65811363560795,84.65811363560795,29.835315676334552,119.34126270533821,0.8,2226.3575493953977,1781.0860395163181,1661.7447768109798,19.628889724186287,0.973903578576557,1.5950526315789475,0.1275192977966122,46.9349007085277,183.0693838827535,True,
4,107.25,26.8125,84.79082936534678,84.79082936534678,29.89803350405277,119.59213401621108,0.8,2226.3575493953977,1781.0860395163181,1661.493905500107,19.595207617808065,0.97556883340673,1.5950526315789475,0.12771920558968805,47.00847900280157,183.0693838827535,True,
4,107.5,26.875,84.92377182874813,84.92377182874813,29.960781284089183,119.84312513635673,0.8,2226.3575493953977,1781.0860395163181,1661.2429143799613,19.561577148621215,0.9772340882369032,1.5950526315789475,0.12791945490841564,47.08218299940309,183.0693838827535,True,
4,107.75,26.9375,85.05694102581202,85.05694102581202,30.023558990912793,120.09423596365117,0.8,2226.3575493953977,1781.0860395163181,1660.9918035526669,19.527998344645496,0.9788993430670763,1.5950526315789475,0.12812004575279495,47.156012698332255,183.0693838827535,True,
4,108.0,27.0,85.19033695653845,85.19033695653845,30.086366599057758,120.34546639623103,0.8,2226.3575493953977,1781.0860395163181,1660.740573120087,19.494471232897542,0.9805645978972495,1.5950526315789475,0.12832097812282597,47.229968099589065,183.0693838827535,True,
4,108.25,27.0625,85.3239596209274,85.3239596209274,30.149204083123134,120.59681633249254,0.8,2226.3575493953977,1781.0860395163181,1660.4892231838255,19.460995839397935,0.9822298527274225,1.5950526315789475,0.12852225201850873,47.30404920317353,183.0693838827535,True,
4,108.5,27.125,85.45780901897888,85.45780901897888,30.212071417772645,120.84828567109058,0.8,2226.3575493953977,1781.0860395163181,1660.2377538452276,19.427572189178335,0.9838951075575957,1.5950526315789475,0.1287238674398432,47.37825600908563,183.0693838827535,True,
4,108.75,27.1875,85.5918851506929,85.5918851506929,30.27496857773429,121.09987431093715,0.8,2226.3575493953977,1781.0860395163181,1659.986165205381,19.39420030628853,0.9855603623877688,1.5950526315789475,0.1289258243868294,47.45258851732539,183.0693838827535,True,
4,109.0,27.25,85.72618801606944,85.72618801606944,30.337895537800204,121.35158215120082,0.8,2226.3575493953977,1781.0860395163181,1659.7344573651174,19.360880213803497,0.9872256172179419,1.5950526315789475,0.12912812285946731,47.52704672789279,183.0693838827535,True,
4,109.25,27.3125,85.86071761510853,85.86071761510853,30.40085227282633,121.60340909130532,0.8,2226.3575493953977,1781.0860395163181,1659.4826304250128,19.32761193383039,0.988890872048115,1.5950526315789475,0.12933076285775694,47.60163064078783,183.0693838827535,True,
4,109.5,27.375,85.99547394781015,85.99547394781015,30.463838757732116,121.85535503092846,0.8,2226.3575493953977,1781.0860395163181,1659.2306844853897,19.294395487515555,0.9905561268782882,1.5950526315789475,0.12953374438169832,47.67634025601054,183.0693838827535,True,
4,109.75,27.4375,86.13045701417431,86.13045701417431,30.52685496750029,122.10741987000117,0.8,2226.3575493953977,1781.0860395163181,1658.978619646317,19.261230895051472,0.9922213817084612,1.5950526315789475,0.1297370674312914,47.751175573560886,183.0693838827535,True,
4,110.0,27.5,86.265666814201,86.265666814201,30.58990087717661,122.35960350870644,0.8,2226.3575493953977,1781.0860395163181,1658.7264360076117,19.228118175683694,0.9938866365386344,1.5950526315789475,0.12994073200653622,47.82613659343888,183.0693838827535,True,
4,110.25,27.5625,86.40110334789021,86.40110334789021,30.652976461869564,122.61190584747825,0.8,2226.3575493953977,1781.0860395163181,1658.4741336688398,19.19505734771774,0.9955518913688075,1.5950526315789475,0.13014473810743274,47.90122331564452,183.0693838827535,True,
4,110.5,27.625,86.53676661524194,86.53676661524194,30.71608169675012,122.86432678700048,0.8,2226.3575493953977,1781.0860395163181,1658.2217127293177,19.162048428525996,0.9972171461989806,1.5950526315789475,0.130349085733981,47.976435740177806,183.0693838827535,True,
4,110.75,27.6875,86.67265661625622,86.67265661625622,30.779216557051452,123.11686622820581,0.8,2226.3575493953977,1781.0860395163181,1657.9691732881124,19.129091434554525,0.9988824010291537,1.5950526315789475,0.13055377488618097,48.05177386703874,183.0693838827535,True,
4,111.0,27.75,86.80877335093304,86.80877335093304,30.84238101806872,123.36952407227488,0.8,2226.3575493953977,1781.0860395163181,1657.7165154440431,19.096186381329918,1.000547655859327,1.5950526315789475,0.13075880556403266,48.127237696227326,183.0693838827535,True,
4,111.25,27.8125,86.94511681927237,86.94511681927237,30.905575055158774,123.6223002206351,0.8,2226.3575493953977,1781.0860395163181,1657.4637392956831,19.0633332834661,1.0022129106895,1.5950526315789475,0.13096417776753608,48.20282722774355,183.0693838827535,True,
4,111.5,27.875,87.08168702127426,87.08168702127426,30.968798643739888,123.87519457495955,0.8,2226.3575493953977,1781.0860395163181,1657.2108449413586,19.03053215467103,1.0038781655196731,1.5950526315789475,0.13116989149669123,48.278542461587435,183.0693838827535,True,
4,111.75,27.9375,87.21848395693866,87.21848395693866,31.032051759291555,124.12820703716622,0.8,2226.3575493953977,1781.0860395163181,1656.9578324791519,18.997783007753515,1.0055434203498461,1.5950526315789475,0.13137594675149808,48.35438339775895,183.0693838827535,True,
4,112.0,28.0,87.35550762626562,87.35550762626562,31.095334377354213,124.38133750941685,0.8,2226.3575493953977,1781.0860395163181,1656.7047020069012,18.965085854629862,1.0072086751800193,1.5950526315789475,0.1315823435319567,48.43035003625813,183.0693838827535,True,
4,112.25,28.0625,87.4927580292551,87.4927580292551,31.158646473528933,124.63458589411573,0.8,2226.3575493953977,1781.0860395163181,1656.4514536222023,18.932440706330596,1.0088739300101925,1.5950526315789475,0.131789081838067,48.50644237708496,183.0693838827535,True,
4,112.5,28.125,87.6302351659071,87.6302351659071,31.221988023477287,124.88795209390915,0.8,2226.3575493953977,1781.0860395163181,1656.198087422409,18.89984757300708,1.0105391848403655,1.5950526315789475,0.13199616166982903,48.58266042023942,183.0693838827535,True,
4,112.75,28.1875,87.76793903622162,87.76793903622162,31.285359002920988,125.14143601168395,0.8,2226.3575493953977,1781.0860395163181,1655.9446035046342,18.867306463938156,1.0122044396705387,1.5950526315789475,0.13220358302724278,48.659004165721534,183.0693838827535,True,
4,113.0,28.25,87.90586964019872,87.90586964019872,31.348759387641692,125.39503755056677,0.8,2226.3575493953977,1781.0860395163181,1655.6910019657514,18.834817387536724,1.013869694500712,1.5950526315789475,0.1324113459103083,48.735473613531305,183.0693838827535,True,
4,113.25,28.3125,88.04402697783833,88.04402697783833,31.412189153480753,125.64875661392301,0.8,2226.3575493953977,1781.0860395163181,1655.437282902395,18.80238035135634,1.015534949330885,1.5950526315789475,0.13261945031902547,48.81206876366872,183.0693838827535,True,
4,113.5,28.375,88.18241104914046,88.18241104914046,31.47564827633901,125.90259310535605,0.8,2226.3575493953977,1781.0860395163181,1655.183446410962,18.76999536209773,1.0172002041610582,1.5950526315789475,0.1328278962533944,48.88878961613377,183.0693838827535,True,
4,113.75,28.4375,88.32102185410511,88.32102185410511,31.53913673217642,126.15654692870568,0.8,2226.3575493953977,1781.0860395163181,1654.9294925876125,18.73766242561529,1.0188654589912312,1.5950526315789475,0.13303668371341504,48.96563617092647,183.0693838827535,True,
4,114.0,28.5,88.45985939273233,88.45985939273233,31.602654497011965,126.41061798804786,0.8,2226.3575493953977,1781.0860395163181,1654.6754215282704,18.705381546923586,1.0205307138214044,1.5950526315789475,0.13324581269908742,49.04260842804683,183.0693838827535,True,
4,114.25,28.5625,88.59892366502207,88.59892366502207,31.666201546923347,126.66480618769339,0.8,2226.3575493953977,1781.0860395163181,1654.4212333286248,18.6731527302038,1.0221959686515776,1.5950526315789475,0.1334552832104115,49.11970638749484,183.0693838827535,True,
4,114.5,28.625,88.73821467097432,88.73821467097432,31.729777858046717,126.91911143218687,0.8,2226.3575493953977,1781.0860395163181,1654.1669280841313,18.640975978810157,1.0238612234817506,1.5950526315789475,0.13366509524738732,49.19693004927048,183.0693838827535,True,
4,114.75,28.6875,88.87773241058913,88.87773241058913,31.793383406576503,127.17353362630601,0.8,2226.3575493953977,1781.0860395163181,1653.9125058900122,18.608851295276303,1.0255264783119238,1.5950526315789475,0.13387524881001486,49.27427941337378,183.0693838827535,True,
4,115.0,28.75,89.01747688386644,89.01747688386644,31.8570181687651,127.4280726750604,0.8,2226.3575493953977,1781.0860395163181,1653.6579668412578,18.576778681321706,1.0271917331420968,1.5950526315789475,0.13408574389829409,49.35175447980471,183.0693838827535,True,
4,115.25,28.8125,89.15744809080633,89.15744809080633,31.920682120922724,127.6827284836909,0.8,2226.3575493953977,1781.0860395163181,1653.4033110326272,18.544758137857936,1.02885698797227,1.5950526315789475,0.1342965805122251,49.42935524856331,183.0693838827535,True,
4,115.5,28.875,89.29764603140872,89.29764603140872,31.984375239417098,127.93750095766839,0.8,2226.3575493953977,1781.0860395163181,1653.1485385586498,18.51278966499505,1.030522242802443,1.5950526315789475,0.13450775865180778,49.50708171964955,183.0693838827535,True,
4,115.75,28.9375,89.43807070567365,89.43807070567365,32.04809750067325,128.192390002693,0.8,2226.3575493953977,1781.0860395163181,1652.8936495136252,18.480873262047805,1.0321874976326162,1.5950526315789475,0.13471927831704222,49.584933893063436,183.0693838827535,True,
4,116.0,29.0,89.5787221136011,89.5787221136011,32.111848881173295,128.44739552469318,0.8,2226.3575493953977,1781.0860395163181,1652.638643991625,18.449008927541936,1.0338527524627894,1.5950526315789475,0.13493113950792837,49.66291176880497,183.0693838827535,True,
4,116.25,29.0625,89.71960025519111,89.71960025519111,32.17562935745618,128.70251742982472,0.8,2226.3575493953977,1781.0860395163181,1652.3835220864935,18.417196659220377,1.0355180072929626,1.5950526315789475,0.13514334222446625,49.74101534687415,183.0693838827535,True,
4,116.5,29.125,89.86070513044362,89.86070513044362,32.239438906117485,128.95775562446994,0.8,2226.3575493953977,1781.0860395163181,1652.1282838918482,18.38543645404947,1.0371832621231356,1.5950526315789475,0.13535588646665583,49.819244627270976,183.0693838827535,True,
4,116.75,29.1875,90.0020367393587,90.0020367393587,32.303277503809156,129.21311001523662,0.8,2226.3575493953977,1781.0860395163181,1651.8729295010814,18.35372830822508,1.0388485169533088,1.5950526315789475,0.13556877223449718,49.89759960999546,183.0693838827535,True,
4,117.0,29.25,90.14359508193628,90.14359508193628,32.36714512723933,129.46858050895733,0.8,2226.3575493953977,1781.0860395163181,1651.6174590073608,18.322072217178807,1.0405137717834818,1.5950526315789475,0.1357819995279902,49.97608029504758,183.0693838827535,True,
4,117.25,29.3125,90.28538015817638,90.28538015817638,32.43104175317205,129.7241670126882,0.8,2226.3575493953977,1781.0860395163181,1651.36187250363,18.290468175584017,1.042179026613655,1.5950526315789475,0.13599556834713494,50.05468668242734,183.0693838827535,True,
4,117.5,29.375,90.42739196807905,90.42739196807905,32.494967358427076,129.9798694337083,0.8,2226.3575493953977,1781.0860395163181,1651.1061700826099,18.258916177361964,1.043844281443828,1.5950526315789475,0.13620947869193142,50.13341877213476,183.0693838827535,True,
4,117.75,29.4375,90.56963051164425,90.56963051164425,32.558921919879694,130.23568767951878,0.8,2226.3575493953977,1781.0860395163181,1650.8503518367993,18.227416215687825,1.0455095362740012,1.5950526315789475,0.13642373056237964,50.212276564169834,183.0693838827535,True,
4,118.0,29.5,90.71209578887196,90.71209578887196,32.62290541446042,130.49162165784168,0.8,2226.3575493953977,1781.0860395163181,1650.5944178584764,18.19596828299674,1.0471747911041742,1.5950526315789475,0.13663832395847955,50.29126005853254,183.0693838827535,True,
4,118.25,29.5625,90.85478779976222,90.85478779976222,32.68691781915486,130.74767127661943,0.8,2226.3575493953977,1781.0860395163181,1650.3383682396986,18.164572370989763,1.0488400459343474,1.5950526315789475,0.13685325888023123,50.370369255222904,183.0693838827535,True,
4,118.5,29.625,90.99770654431502,90.99770654431502,32.750959111003404,131.00383644401361,0.8,2226.3575493953977,1781.0860395163181,1650.0822030723045,18.133228470639864,1.0505053007645206,1.5950526315789475,0.1370685353276346,50.449604154240916,183.0693838827535,True,
4,118.75,29.6875,91.14085202253034,91.14085202253034,32.815029267101096,131.26011706840438,0.8,2226.3575493953977,1781.0860395163181,1649.8259224479139,18.101936572197843,1.0521705555946936,1.5950526315789475,0.1372841533006897,50.52896475558657,183.0693838827535,True,
4,119.0,29.75,91.2842242344082,91.2842242344082,32.87912826459738,131.5165130583895,0.8,2226.3575493953977,1781.0860395163181,1649.5695264579285,18.070696665198238,1.0538358104248668,1.5950526315789475,0.13750011279939653,50.608451059259885,183.0693838827535,True,
4,119.25,29.8125,91.42782317994859,91.42782317994859,32.94325608069584,131.77302432278336,0.8,2226.3575493953977,1781.0860395163181,1649.3130151935347,18.039508738465212,1.05550106525504,1.5950526315789475,0.13771641382375507,50.688063065260835,183.0693838827535,True,
4,119.5,29.875,91.57164885915147,91.57164885915147,33.00741269265408,132.0296507706163,0.8,2226.3575493953977,1781.0860395163181,1649.0563887457017,18.008372780118382,1.057166320085213,1.5950526315789475,0.1379330563737653,50.767800773589414,183.0693838827535,True,
4,119.75,29.9375,91.71570127201693,91.71570127201693,33.071598077783435,132.28639231113374,0.8,2226.3575493953977,1781.0860395163181,1648.7996472051843,17.977288777578632,1.0588315749153863,1.5950526315789475,0.1381500404494273,50.847664184245666,183.0693838827535,True,
4,120.0,30.0,91.8599804185449,91.8599804185449,33.135812213448794,132.54324885379518,0.8,2226.3575493953977,1781.0860395163181,1648.542790662523,17.946256717573952,1.0604968297455593,1.5950526315789475,0.138367366050741,50.927653297229554,183.0693838827535,True,
5,0.0,0.0,16.317587901129674,16.317587901129674,5.351448072855684,26.757240364278417,0.8,2782.946936744247,2226.3575493953977,2199.600309031119,134.7993540686758,0.26117451126246033,1.5950526315789475,0.019663158192661123,7.237244819686744,183.0693838827535,True,
5,0.25,0.05,51.97046055888535,51.97046055888535,6.0922670167285915,30.461335083642957,0.8,2782.946936744247,2226.3575493953977,2195.8962143117546,42.25277572485018,0.2625067151265989,1.5950526315789475,0.0626258852415357,23.050155987239272,183.0693838827535,True,
5,0.5,0.1,52.00629299462405,52.00629299462405,6.12760515803215,30.63802579016075,0.8,2782.946936744247,2226.3575493953977,2195.719523605237,42.220265994198265,0.26383891899073736,1.5950526315789475,0.06266906434721158,23.066048538975345,183.0693838827535,True,
5,0.75,0.15,52.042306817292754,52.042306817292754,6.162976736235327,30.81488368117664,0.8,2782.946936744247,2226.3575493953977,2195.542665714221,42.18765077847549,0.2651711228548759,1.5950526315789475,0.06271246202930454,23.082021540201104,183.0693838827535,True,
5,1.0,0.2,52.07850202689148,52.07850202689148,6.198381667239339,30.991908336196694,0.8,2782.946936744247,2226.3575493953977,2195.365641059201,42.15493064538594,0.26650332671901433,1.5950526315789475,0.0627560782878146,23.098074990916558,183.0693838827535,True,
5,1.25,0.25,52.11487862342024,52.11487862342024,6.2338198675767895,31.16909933788395,0.8,2782.946936744247,2226.3575493953977,2195.188450057514,42.12210616319087,0.2678355305831529,1.5950526315789475,0.06279991312274177,23.11420889112171,183.0693838827535,True,
5,1.5,0.3,52.15143660687903,52.15143660687903,6.269291254403813,31.34645627201906,0.8,2782.946936744247,2226.3575493953977,2195.0110931233785,42.08917790068789,0.26916773444729136,1.5950526315789475,0.06284396653408605,23.130423240816558,183.0693838827535,True,
5,1.75,0.35,52.188175977267846,52.188175977267846,6.30479574549235,31.52397872746175,0.8,2782.946936744247,2226.3575493953977,2194.833570667936,42.056146427189994,0.2704999383114298,1.5950526315789475,0.06288823852184743,23.146718040001097,183.0693838827535,True,
5,2.0,0.4,52.22509673458668,52.22509673458668,6.340333259222555,31.701666296112773,0.8,2782.946936744247,2226.3575493953977,2194.655883099285,42.0230123125047,0.27183214217556834,1.5950526315789475,0.0629327290860259,23.16309328867533,183.0693838827535,True,
5,2.25,0.45,52.26219887883556,52.26219887883556,6.375903714575327,31.879518572876634,0.8,2782.946936744247,2226.3575493953977,2194.478030822521,41.98977612691323,0.27316434603970685,1.5950526315789475,0.0629774382266215,23.179548986839265,183.0693838827535,True,
5,2.5,0.5,52.299482410014434,52.299482410014434,6.41150703112499,32.05753515562495,0.8,2782.946936744247,2226.3575493953977,2194.3000142397727,41.9564384411499,0.27449654990384537,1.5950526315789475,0.06302236594363417,23.196085134492883,183.0693838827535,True,
5,2.75,0.55,52.33694732812336,52.33694732812336,6.4471431290320735,32.23571564516037,0.8,2782.946936744247,2226.3575493953977,2194.1218337502373,41.922999826381194,0.2758287537679839,1.5950526315789475,0.06306751223706396,23.2127017316362,183.0693838827535,True,
5,3.0,0.6,52.374593633162306,52.374593633162306,6.482811929036227,32.41405964518114,0.8,2782.946936744247,2226.3575493953977,2193.9434897502165,41.88946085418533,0.27716095763212234,1.5950526315789475,0.06311287710691085,23.229398778269218,183.0693838827535,True,
5,3.25,0.65,52.41242132513128,52.41242132513128,6.518513352449262,32.592566762246314,0.8,2782.946936744247,2226.3575493953977,2193.7649826331512,41.855822096531554,0.27849316149626085,1.5950526315789475,0.06315846055317484,23.246176274391924,183.0693838827535,True,
5,3.5,0.7,52.450430404030264,52.450430404030264,6.554247321148286,32.77123660574143,0.8,2782.946936744247,2226.3575493953977,2193.5863127896564,41.822084125759666,0.2798253653603993,1.5950526315789475,0.06320426257585593,23.26303422000432,183.0693838827535,True,
5,3.75,0.75,52.48862086985928,52.48862086985928,6.590013757568975,32.95006878784487,0.8,2782.946936744247,2226.3575493953977,2193.4074806075528,41.788247514559494,0.28115756922453783,1.5950526315789475,0.06325028317495412,23.279972615106416,183.0693838827535,True,
5,4.0,0.8,52.52699272261833,52.52699272261833,6.625812584698952,33.12906292349476,0.8,2782.946936744247,2226.3575493953977,2193.228486471903,41.754312835950536,0.2824897730886764,1.5950526315789475,0.06329652235046943,23.29699145969821,183.0693838827535,True,
5,4.25,0.85,52.56554596230741,52.56554596230741,6.6616437260712615,33.30821863035631,0.8,2782.946936744247,2226.3575493953977,2193.0493307650413,41.72028066326157,0.28382197695281486,1.5950526315789475,0.06334298010240183,23.31409075377969,183.0693838827535,True,
5,4.5,0.9,52.6042805889265,52.6042805889265,6.697507105757977,33.487535528789884,0.8,2782.946936744247,2226.3575493953977,2192.8700138666077,41.686151570110425,0.2851541808169533,1.5950526315789475,0.06338965643075133,23.331270497350868,183.0693838827535,True,
5,4.75,0.95,52.64319660247564,52.64319660247564,6.733402648363876,33.66701324181938,0.8,2782.946936744247,2226.3575493953977,2192.6905361535783,41.651926130383636,0.28648638468109183,1.5950526315789475,0.06343655133551794,23.348530690411746,183.0693838827535,True,
5,5.0,1.0,52.682294002954784,52.682294002954784,6.769330279020266,33.846651395101325,0.8,2782.946936744247,2226.3575493953977,2192.5108980002965,41.61760491821646,0.28781858854523035,1.5950526315789475,0.06348366481670165,23.36587133296231,183.0693838827535,True,
5,5.25,1.05,52.72157279036396,52.72157279036396,6.805289923378861,34.026449616894304,0.8,2782.946936744247,2226.3575493953977,2192.3310997785034,41.5831885079726,0.28915079240936886,1.5950526315789475,0.06353099687430246,23.383292425002573,183.0693838827535,True,
5,5.5,1.1,52.76103296470317,52.76103296470317,6.841281507605792,34.206407538028955,0.8,2782.946936744247,2226.3575493953977,2192.1511418573687,41.548677474224306,0.2904829962735073,1.5950526315789475,0.06357854750832037,23.400793966532532,183.0693838827535,True,
5,5.75,1.15,52.80067452597239,52.80067452597239,6.877304958375702,34.38652479187851,0.8,2782.946936744247,2226.3575493953977,2191.9710246035193,41.51407239173241,0.29181520013764584,1.5950526315789475,0.06362631671875538,23.41837595755218,183.0693838827535,True,
5,6.0,1.2,52.84049747417165,52.84049747417165,6.913360202865936,34.566801014329684,0.8,2782.946936744247,2226.3575493953977,2191.790748381068,41.47937383542636,0.2931474040017843,1.5950526315789475,0.0636743045056075,23.436038398061527,183.0693838827535,True,
5,6.25,1.25,52.88050180930092,52.88050180930092,6.9494471687508215,34.747235843754105,0.8,2782.946936744247,2226.3575493953977,2191.6103135516437,41.4445823803845,0.2944796078659228,1.5950526315789475,0.06372251086887672,23.45378128806056,183.0693838827535,True,
5,6.5,1.3,52.92068753136024,52.92068753136024,6.985565784196034,34.92782892098017,0.8,2782.946936744247,2226.3575493953977,2191.4297204744175,41.40969860181426,0.2958118117300613,1.5950526315789475,0.06377093580856305,23.4716046275493,183.0693838827535,True,
5,6.75,1.35,52.96105464034957,52.96105464034957,7.021715977853071,35.10857988926536,0.8,2782.946936744247,2226.3575493953977,2191.248969506132,41.37472307503257,0.29714401559419984,1.5950526315789475,0.06381957932466648,23.48950841652773,183.0693838827535,True,
5,7.0,1.4,53.001603136268926,53.001603136268926,7.057897678853799,35.28948839426899,0.8,2782.946936744247,2226.3575493953977,2191.0680610011286,41.33965637544619,0.29847621945833835,1.5950526315789475,0.06386844141718699,23.50749265499585,183.0693838827535,True,
5,7.25,1.45,53.04233301911832,53.04233301911832,7.0941108168050695,35.470554084025345,0.8,2782.946936744247,2226.3575493953977,2190.886995311372,41.30449907853223,0.2998084233224768,1.5950526315789475,0.06391752208612463,23.525557342953668,183.0693838827535,True,
5,7.5,1.5,53.083244288897724,53.083244288897724,7.130355321783469,35.651776608917345,0.8,2782.946936744247,2226.3575493953977,2190.7057727864803,41.26925175981874,0.30114062718661533,1.5950526315789475,0.06396682133147935,23.543702480401176,183.0693838827535,True,
5,7.75,1.55,53.12433694560716,53.12433694560716,7.1666311243300855,35.83315562165043,0.8,2782.946936744247,2226.3575493953977,2190.5243937737473,41.23391499486529,0.30247283105075384,1.5950526315789475,0.0640163391532512,23.561928067338386,183.0693838827535,True,
5,8.0,1.6,53.16561098924664,53.16561098924664,7.202938155445406,36.01469077722703,0.8,2782.946936744247,2226.3575493953977,2190.342858618171,41.19848935924376,0.3038050349148923,1.5950526315789475,0.06406607555144013,23.58023410376529,183.0693838827535,True,
5,8.25,1.65,53.20706641981612,53.20706641981612,7.239276346584274,36.196381732921374,0.8,2782.946936744247,2226.3575493953977,2190.161167662476,41.162975428519125,0.3051372387790308,1.5950526315789475,0.06411603052604617,23.598620589681882,183.0693838827535,True,
5,8.5,1.7,53.24870323731563,53.24870323731563,7.275645629650918,36.37822814825459,0.8,2782.946936744247,2226.3575493953977,2189.979321247143,41.12737377823033,0.30646944264316933,1.5950526315789475,0.06416620407706931,23.61708752508817,183.0693838827535,True,
5,8.75,1.75,53.29052144174518,53.29052144174518,7.312045936994066,36.56022968497033,0.8,2782.946936744247,2226.3575493953977,2189.7973197104275,41.09168498387122,0.30780164650730785,1.5950526315789475,0.06421659620450956,23.635634909984155,183.0693838827535,True,
5,9.0,1.8,53.33252103310474,53.33252103310474,7.348477201402135,36.74238600701067,0.8,2782.946936744247,2226.3575493953977,2189.615163388387,41.055909620871695,0.3091338503714463,1.5950526315789475,0.0642672069083669,23.654262744369834,183.0693838827535,True,
5,9.25,1.85,53.374702011394334,53.374702011394334,7.38493935609848,36.9246967804924,0.8,2782.946936744247,2226.3575493953977,2189.432852614905,41.02004826457877,0.3104660542355848,1.5950526315789475,0.06431803618864135,23.672971028245204,183.0693838827535,True,
5,9.5,1.9,53.41706437661394,53.41706437661394,7.421432334736732,37.10716167368366,0.8,2782.946936744247,2226.3575493953977,2189.250387721714,40.98410149023784,0.31179825809972334,1.5950526315789475,0.0643690840453329,23.691759761610268,183.0693838827535,True,
5,9.75,1.95,53.4596081287636,53.4596081287636,7.457956071396186,37.28978035698093,0.8,2782.946936744247,2226.3575493953977,2189.067769038417,40.94806987297393,0.3131304619638618,1.5950526315789475,0.06442035047844155,23.710628944465032,183.0693838827535,True,
5,10.0,2.0,53.50233326784327,53.50233326784327,7.494510500577281,37.4725525028864,0.8,2782.946936744247,2226.3575493953977,2188.8849968925115,40.9119539877732,0.3144626658280003,1.5950526315789475,0.06447183548796731,23.729578576809487,183.0693838827535,True,
5,10.25,2.05,53.54523979385298,53.54523979385298,7.531095557197128,37.65547778598564,0.8,2782.946936744247,2226.3575493953977,2188.702071609412,40.875754409464356,0.31579486969213877,1.5950526315789475,0.06452353907391017,23.748608658643644,183.0693838827535,True,
5,10.5,2.1,53.58832770679269,53.58832770679269,7.567711176585112,37.83855588292556,0.8,2782.946936744247,2226.3575493953977,2188.518993512472,40.83947171270027,0.3171270735562773,1.5950526315789475,0.06457546123627013,23.767719189967483,183.0693838827535,True,
5,10.75,2.15,53.63159700666244,53.63159700666244,7.604357294478559,38.0217864723928,0.8,2782.946936744247,2226.3575493953977,2188.335762923005,40.80310647193961,0.3184592774204158,1.5950526315789475,0.06462760197504719,23.78691017078102,183.0693838827535,True,
5,11.0,2.2,53.67504769346222,53.67504769346222,7.641033847018457,38.205169235092285,0.8,2782.946936744247,2226.3575493953977,2188.1523801603053,40.766659261428636,0.3197914812845543,1.5950526315789475,0.06467996129024137,23.80618160108426,183.0693838827535,True,
5,11.25,2.25,53.718679767192015,53.718679767192015,7.677740770745263,38.38870385372631,0.8,2782.946936744247,2226.3575493953977,2187.9688455416713,40.730130655183096,0.32112368514869283,1.5950526315789475,0.06473253918185262,23.825533480877183,183.0693838827535,True,
5,11.5,2.3,53.76249322785184,53.76249322785184,7.714478002594744,38.57239001297372,0.8,2782.946936744247,2226.3575493953977,2187.785159382424,40.69352122697008,0.3224558890128313,1.5950526315789475,0.064785335649881,23.844965810159806,183.0693838827535,True,
5,11.75,2.35,53.80648807544169,53.80648807544169,7.751245479893891,38.75622739946945,0.8,2782.946936744247,2226.3575493953977,2187.601321995928,40.65683155029014,0.32378809287696975,1.5950526315789475,0.06483835069432647,23.864478588932123,183.0693838827535,True,
5,12.0,2.4,53.85066430996157,53.85066430996157,7.788043140356897,38.94021570178448,0.8,2782.946936744247,2226.3575493953977,2187.4173336936133,40.62006219835943,0.32512029674110826,1.5950526315789475,0.06489158431518904,23.884071817194133,183.0693838827535,True,
5,12.25,2.45,53.89502193141148,53.89502193141148,7.824870922081174,39.12435461040587,0.8,2782.946936744247,2226.3575493953977,2187.2331947849916,40.58321374409188,0.32645250060524683,1.5950526315789475,0.06494503651246872,23.903745494945838,183.0693838827535,True,
5,12.5,2.5,53.939560939791406,53.939560939791406,7.86172876354345,39.308643817717254,0.8,2782.946936744247,2226.3575493953977,2187.04890557768,40.54628676008162,0.3277847044693853,1.5950526315789475,0.0649987072861655,23.923499622187236,183.0693838827535,True,
5,12.75,2.55,53.984281335101365,53.984281335101365,7.898616603595919,39.49308301797959,0.8,2782.946936744247,2226.3575493953977,2186.864466377418,40.50928181858535,0.32911690833352375,1.5950526315789475,0.06505259663627938,23.94333419891833,183.0693838827535,True,
5,13.0,2.6,54.02918311734135,54.02918311734135,7.935534381462408,39.67767190731204,0.8,2782.946936744247,2226.3575493953977,2186.679877488086,40.47219949150487,0.33044911219766226,1.5950526315789475,0.06510670456281037,23.96324922513912,183.0693838827535,True,
5,13.25,2.65,54.07426628651137,54.07426628651137,7.972482036734661,39.862410183673305,0.8,2782.946936744247,2226.3575493953977,2186.4951392117246,40.435040350369725,0.33178131606180084,1.5950526315789475,0.06516103106575846,23.983244700849607,183.0693838827535,True,
5,13.5,2.7,54.1195308426114,54.1195308426114,8.00945950936862,40.0472975468431,0.8,2782.946936744247,2226.3575493953977,2186.3102518485543,40.39780496631999,0.3331135199259393,1.5950526315789475,0.06521557614512365,24.00332062604978,183.0693838827535,True,
5,13.75,2.75,54.16497678564146,54.16497678564146,8.046466739680787,40.232333698403934,0.8,2782.946936744247,2226.3575493953977,2186.1252156969936,40.36049391008899,0.33444572379007775,1.5950526315789475,0.06527033980090594,24.023477000739653,183.0693838827535,True,
5,14.0,2.8,54.21060411560154,54.21060411560154,8.083503668344633,40.41751834172317,0.8,2782.946936744247,2226.3575493953977,2185.9400310536744,40.32310775198633,0.33577792765421627,1.5950526315789475,0.06532532203310533,24.043713824919216,183.0693838827535,True,
5,14.25,2.85,54.25641283249166,54.25641283249166,8.120570236387055,40.60285118193527,0.8,2782.946936744247,2226.3575493953977,2185.7546982134622,40.28564706188085,0.3371101315183548,1.5950526315789475,0.06538052284172183,24.06403109858848,183.0693838827535,True,
5,14.5,2.9,54.3024029363118,54.3024029363118,8.157666385184864,40.788331925924325,0.8,2782.946936744247,2226.3575493953977,2185.569217469473,40.24811240918386,0.3384423353824933,1.5950526315789475,0.06543594222675543,24.084428821747437,183.0693838827535,True,
5,14.75,2.95,54.34857442706196,54.34857442706196,8.194792056461361,40.973960282306805,0.8,2782.946936744247,2226.3575493953977,2185.3835891130907,40.210504362832296,0.3397745392466318,1.5950526315789475,0.06549158018820614,24.104906994396085,183.0693838827535,True,
5,15.0,3.0,54.394927304742154,54.394927304742154,8.231947192282922,41.15973596141461,0.8,2782.946936744247,2226.3575493953977,2185.197813433983,40.172823491272084,0.34110674311077027,1.5950526315789475,0.06554743672607394,24.12546561653443,183.0693838827535,True,
5,15.25,3.05,54.44146156935237,54.44146156935237,8.269131735055657,41.34565867527829,0.8,2782.946936744247,2226.3575493953977,2185.0118907201195,40.13507036244163,0.34243894697490873,1.5950526315789475,0.06560351184035884,24.146104688162467,183.0693838827535,True,
5,15.5,3.1,54.48817722089262,54.48817722089262,8.306345627522086,41.53172813761043,0.8,2782.946936744247,2226.3575493953977,2184.825821257787,40.09724554375533,0.34377115083904725,1.5950526315789475,0.06565980553106085,24.1668242092802,183.0693838827535,True,
5,15.75,3.15,54.53507425936288,54.53507425936288,8.343588812757893,41.71794406378947,0.8,2782.946936744247,2226.3575493953977,2184.639605331608,40.059349602087266,0.34510335470318576,1.5950526315789475,0.06571631779817996,24.187624179887628,183.0693838827535,True,
5,16.0,3.2,54.58215268476319,54.58215268476319,8.380861234168698,41.90430617084349,0.8,2782.946936744247,2226.3575493953977,2184.453243224554,40.02138310375495,0.3464355585673243,1.5950526315789475,0.06577304864171618,24.208504599984753,183.0693838827535,True,
5,16.25,3.25,54.6294124970935,54.6294124970935,8.418162835486882,42.09081417743441,0.8,2782.946936744247,2226.3575493953977,2184.2667352179633,39.98334661450322,0.34776776243146273,1.5950526315789475,0.06582999806166949,24.229465469571565,183.0693838827535,True,
5,16.5,3.3,54.676853696353845,54.676853696353845,8.455493560768469,42.27746780384234,0.8,2782.946936744247,2226.3575493953977,2184.0800815915554,39.9452406994882,0.34909996629560125,1.5950526315789475,0.0658871660580399,24.250506788648075,183.0693838827535,True,
5,16.75,3.35,54.724476282544224,54.724476282544224,8.492853354390004,42.46426677195002,0.8,2782.946936744247,2226.3575493953977,2183.8932826234477,39.907065923261406,0.35043217015973976,1.5950526315789475,0.06594455263082744,24.27162855721428,183.0693838827535,True,
5,17.0,3.4,54.772280255664626,54.772280255664626,8.530242161045548,42.65121080522774,0.8,2782.946936744247,2226.3575493953977,2183.7063385901697,39.86882284975396,0.3517643740238782,1.5950526315789475,0.06600215778003206,24.292830775270183,183.0693838827535,True,
5,17.25,3.45,54.820265615715044,54.820265615715044,8.567659925743623,42.83829962871812,0.8,2782.946936744247,2226.3575493953977,2183.5192497666794,39.83051204226091,0.3530965778880168,1.5950526315789475,0.06605998150565379,24.314113442815774,183.0693838827535,True,
5,17.5,3.5,54.86843236269549,54.86843236269549,8.605106593804269,43.02553296902134,0.8,2782.946936744247,2226.3575493953977,2183.3320164263764,39.79213406342556,0.35442878175215525,1.5950526315789475,0.0661180238076926,24.33547655985106,183.0693838827535,True,
5,17.75,3.55,54.91678049660597,54.91678049660597,8.642582110856123,43.21291055428062,0.8,2782.946936744247,2226.3575493953977,2183.144638841117,39.7536894752241,0.35576098561629377,1.5950526315789475,0.06617628468614854,24.356920126376043,183.0693838827535,True,
5,18.0,3.6,54.96531001744647,54.96531001744647,8.6800864228335,43.4004321141675,0.8,2782.946936744247,2226.3575493953977,2182.9571172812302,39.71517883895025,0.3570931894804322,1.5950526315789475,0.06623476414102157,24.378444142390716,183.0693838827535,True,
5,18.25,3.65,55.014020925217025,55.014020925217025,8.717619475973558,43.58809737986779,0.8,2782.946936744247,2226.3575493953977,2182.76945201553,39.676602715199905,0.3584253933445708,1.5950526315789475,0.06629346217231172,24.400048607895098,183.0693838827535,True,
5,18.5,3.7,55.06291321991756,55.06291321991756,8.755181216813478,43.77590608406739,0.8,2782.946936744247,2226.3575493953977,2182.5816433113305,39.63796166385615,0.35975759720870926,1.5950526315789475,0.06635237878001896,24.42173352288916,183.0693838827535,True,
5,18.75,3.75,55.11198690154816,55.11198690154816,8.792771592187673,43.96385796093837,0.8,2782.946936744247,2226.3575493953977,2182.3936914344595,39.59925624407408,0.36108980107284777,1.5950526315789475,0.0664115139641433,24.44349888737292,183.0693838827535,True,
5,19.0,3.8,55.161241970108755,55.161241970108755,8.830390549225067,44.15195274612533,0.8,2782.946936744247,2226.3575493953977,2182.205596649272,39.560487014266,0.36242200493698623,1.5950526315789475,0.06647086772468473,24.465344701346375,183.0693838827535,True,
5,19.25,3.85,55.210678425599376,55.210678425599376,8.868038035346366,44.34019017673183,0.8,2782.946936744247,2226.3575493953977,2182.0173592186657,39.5216545320866,0.36375420880112475,1.5950526315789475,0.06653044006164327,24.487270964809518,183.0693838827535,True,
5,19.5,3.9,55.26029626802005,55.26029626802005,8.905713998261383,44.52856999130692,0.8,2782.946936744247,2226.3575493953977,2181.8289794040907,39.482759354418214,0.36508641266526326,1.5950526315789475,0.06659023097501893,24.509277677762366,183.0693838827535,True,
5,19.75,3.95,55.31009549737073,55.31009549737073,8.943418385966423,44.717091929832115,0.8,2782.946936744247,2226.3575493953977,2181.6404574655658,39.44380203735635,0.3664186165294018,1.5950526315789475,0.06665024046481167,24.531364840204905,183.0693838827535,True,
5,20.0,4.0,55.36007611365144,55.36007611365144,8.981151146741636,44.90575573370818,0.8,2782.946936744247,2226.3575493953977,2181.4517936616894,39.4047831361951,0.36775082039354023,1.5950526315789475,0.06671046853102153,24.553532452137134,183.0693838827535,True,
5,20.25,4.05,55.41023811686219,55.41023811686219,9.01891222914849,45.09456114574245,0.8,2782.946936744247,2226.3575493953977,2181.2629882496553,39.36570320541293,0.36908302425767875,1.5950526315789475,0.06677091517364848,24.575780513559064,183.0693838827535,True,
5,20.5,4.1,55.460581507002956,55.460581507002956,9.056701582027191,45.28350791013595,0.8,2782.946936744247,2226.3575493953977,2181.0740414852617,39.32656279865835,0.3704152281218172,1.5950526315789475,0.06683158039269255,24.598109024470688,183.0693838827535,True,
5,20.75,4.15,55.51110628407373,55.51110628407373,9.0945191544942,45.472595772471,0.8,2782.946936744247,2226.3575493953977,2180.884953622927,39.28736246873588,0.3717474319859558,1.5950526315789475,0.0668924641881537,24.620517984872,183.0693838827535,True,
5,21.0,4.2,55.56181244807454,55.56181244807454,9.13236489593974,45.661824479698694,0.8,2782.946936744247,2226.3575493953977,2180.695724915699,39.248102767591945,0.37307963585009424,1.5950526315789475,0.06695356656003196,24.643007394763004,183.0693838827535,True,
5,21.25,4.25,55.61269999900539,55.61269999900539,9.170238756025359,45.85119378012679,0.8,2782.946936744247,2226.3575493953977,2180.506355615271,39.208784246301086,0.37441183971423275,1.5950526315789475,0.06701488750832732,24.665577254143713,183.0693838827535,True,
5,21.5,4.3,55.66376893686626,55.66376893686626,9.208140684681513,46.040703423407564,0.8,2782.946936744247,2226.3575493953977,2180.31684597199,39.16940745505216,0.3757440435783712,1.5950526315789475,0.06707642703303979,24.688227563014113,183.0693838827535,True,
5,21.75,4.35,55.715019261657154,55.715019261657154,9.246070632105178,46.230353160525894,0.8,2782.946936744247,2226.3575493953977,2180.127196234872,39.12997294313468,0.37707624744250967,1.5950526315789475,0.06713818513416936,24.710958321374203,183.0693838827535,True,
5,22.0,4.4,55.76645097337807,55.76645097337807,9.284028548757496,46.42014274378748,0.8,2782.946936744247,2226.3575493953977,2179.93740665161,39.090481258925266,0.37840845130664824,1.5950526315789475,0.06720016181171604,24.73376952922399,183.0693838827535,True,
5,22.25,4.45,55.81806407202903,55.81806407202903,9.322014385361443,46.610071926807215,0.8,2782.946936744247,2226.3575493953977,2179.7474774685907,39.05093294987425,0.37974065517078676,1.5950526315789475,0.06726235706567982,24.75666118656348,183.0693838827535,True,
5,22.5,4.5,55.86985855760999,55.86985855760999,9.360028092899533,46.800140464497666,0.8,2782.946936744247,2226.3575493953977,2179.5574089309,39.01132856249238,0.3810728590349252,1.5950526315789475,0.06732477089606068,24.77963329339265,183.0693838827535,True,
5,22.75,4.55,55.92183443012098,55.92183443012098,9.398069622611564,46.99034811305782,0.8,2782.946936744247,2226.3575493953977,2179.36720128234,38.97166864233758,0.3824050628990637,1.5950526315789475,0.06738740330285867,24.80268584971152,183.0693838827535,True,
5,23.0,4.6,55.973991689562006,55.973991689562006,9.436138925992342,47.18069462996171,0.8,2782.946936744247,2226.3575493953977,2179.176854765436,38.93195373400192,0.3837372667632022,1.5950526315789475,0.06745025428607374,24.825818855520083,183.0693838827535,True,
5,23.25,4.65,56.02633033593306,56.02633033593306,9.474235954789494,47.37117977394747,0.8,2782.946936744247,2226.3575493953977,2178.98636962145,38.892184381098666,0.38506947062734076,1.5950526315789475,0.06751332384570594,24.849032310818348,183.0693838827535,True,
5,23.5,4.7,56.07885036923414,56.07885036923414,9.512360661001264,47.56180330500632,0.8,2782.946936744247,2226.3575493953977,2178.7957460903913,38.852361126249434,0.3864016744914792,1.5950526315789475,0.06757661198175521,24.8723262156063,183.0693838827535,True,
5,23.75,4.75,56.13155178946522,56.13155178946522,9.55051299687436,47.7525649843718,0.8,2782.946936744247,2226.3575493953977,2178.6049844110257,38.81248451107148,0.3877338783556177,1.5950526315789475,0.0676401186942216,24.895700569883942,183.0693838827535,True,
5,24.0,4.8,56.18443459662636,56.18443459662636,9.588692914901811,47.94346457450906,0.8,2782.946936744247,2226.3575493953977,2178.4140848208885,38.77255507616505,0.3890660822197562,1.5950526315789475,0.06770384398310508,24.91915537365129,183.0693838827535,True,
5,24.25,4.85,56.23749879071752,56.23749879071752,9.626900367820872,48.13450183910436,0.8,2782.946936744247,2226.3575493953977,2178.2230475562933,38.73257336110097,0.39039828608389476,1.5950526315789475,0.06776778784840569,24.942690626908327,183.0693838827535,True,
5,24.5,4.9,56.2907443717387,56.2907443717387,9.66513530861091,48.325676543054556,0.8,2782.946936744247,2226.3575493953977,2178.031872852343,38.692539904408235,0.3917304899480332,1.5950526315789475,0.06783195029012339,24.966306329655062,183.0693838827535,True,
5,24.75,4.95,56.34417133968989,56.34417133968989,9.703397690491364,48.51698845245682,0.8,2782.946936744247,2226.3575493953977,2177.840560942941,38.652455243561796,0.3930626938121717,1.5950526315789475,0.06789633130825817,24.990002481891484,183.0693838827535,True,
5,25.0,5.0,56.39777969457113,56.39777969457113,9.741687466919718,48.708437334598585,0.8,2782.946936744247,2226.3575493953977,2177.649112060799,38.61231991497034,0.3943948976763102,1.5950526315789475,0.06796093090281008,25.013779083617603,183.0693838827535,True,
5,25.25,5.05,56.45156943638241,56.45156943638241,9.780004591589464,48.900022957947314,0.8,2782.946936744247,2226.3575493953977,2177.4575264374503,38.572134453964416,0.39572710154044866,1.5950526315789475,0.06802574907377909,25.037636134833427,183.0693838827535,True,
5,25.5,5.1,56.50554056512368,56.50554056512368,9.818349018428128,49.09174509214064,0.8,2782.946936744247,2226.3575493953977,2177.265804303257,38.531899394784446,0.3970593054045872,1.5950526315789475,0.06809078582116519,25.06157363553893,183.0693838827535,True,
5,25.75,5.15,56.559693080794986,56.559693080794986,9.85672070159531,49.28360350797655,0.8,2782.946936744247,2226.3575493953977,2177.073945887421,38.49161527056894,0.3983915092687257,1.5950526315789475,0.0681560411449684,25.085591585734136,183.0693838827535,True,
5,26.0,5.2,56.61402698339633,56.61402698339633,9.895119595480736,49.47559797740368,0.8,2782.946936744247,2226.3575493953977,2176.881951417994,38.45128261334292,0.39972371313286426,1.5950526315789475,0.06822151504518871,25.109689985419035,183.0693838827535,True,
5,26.25,5.25,56.668542272927695,56.668542272927695,9.933545654702325,49.66772827351163,0.8,2782.946936744247,2226.3575493953977,2176.689821121886,38.41090195400628,0.40105591699700266,1.5950526315789475,0.06828720752182613,25.13386883459363,183.0693838827535,True,
5,26.5,5.3,56.72323894938907,56.72323894938907,9.971998834104324,49.859994170521624,0.8,2782.946936744247,2226.3575493953977,2176.497555224876,38.37047382232248,0.4023881208611412,1.5950526315789475,0.06835311857488063,25.15812813325791,183.0693838827535,True,
5,26.75,5.35,56.77811701278048,56.77811701278048,10.01047908875541,50.05239544377705,0.8,2782.946936744247,2226.3575493953977,2176.3051539516205,38.3299987469071,0.4037203247252797,1.5950526315789475,0.06841924820435225,25.18246788141189,183.0693838827535,True,
5,27.0,5.4,56.833176463101935,56.833176463101935,10.04898637394684,50.2449318697342,0.8,2782.946936744247,2226.3575493953977,2176.1126175256636,38.28947725521679,0.4050525285894182,1.5950526315789475,0.06848559641024098,25.206888079055574,183.0693838827535,True,
5,27.25,5.45,56.88841730035339,56.88841730035339,10.087520645190626,50.437603225953126,0.8,2782.946936744247,2226.3575493953977,2175.9199461694443,38.24890987353813,0.4063847324535568,1.5950526315789475,0.0685521631925468,25.23138872618894,183.0693838827535,True,
5,27.5,5.5,56.94383952453487,56.94383952453487,10.126081858217715,50.630409291088576,0.8,2782.946936744247,2226.3575493953977,2175.727140104309,38.20829712697672,0.4077169363176952,1.5950526315789475,0.06861894855126971,25.255969822812,183.0693838827535,True,
5,27.75,5.55,56.99944313564639,56.99944313564639,10.164669968976208,50.82334984488104,0.8,2782.946936744247,2226.3575493953977,2175.5341995505164,38.16763953944627,0.40904914018183364,1.5950526315789475,0.06868595248640974,25.28063136892476,183.0693838827535,True,
5,28.0,5.6,57.05522813368794,57.05522813368794,10.20328493362959,51.01642466814795,0.8,2782.946936744247,2226.3575493953977,2175.3411247272497,38.126937633658,0.4103813440459722,1.5950526315789475,0.06875317499796688,25.305373364527217,183.0693838827535,True,
5,28.25,5.65,57.111194518659524,57.111194518659524,10.241926708554972,51.20963354277486,0.8,2782.946936744247,2226.3575493953977,2175.1479158526226,38.08619193110998,0.41171354791011067,1.5950526315789475,0.06882061608594112,25.33019580961937,183.0693838827535,True,
5,28.5,5.7,57.167342290561116,57.167342290561116,10.280595250341365,51.402976251706825,0.8,2782.946936744247,2226.3575493953977,2174.954573143691,38.045402952076664,0.41304575177424924,1.5950526315789475,0.06888827575033245,25.35509870420121,183.0693838827535,True,
5,28.75,5.75,57.22367144939273,57.22367144939273,10.319290515787982,51.59645257893991,0.8,2782.946936744247,2226.3575493953977,2174.7610968164577,38.00457121559852,0.4143779556383877,1.5950526315789475,0.06895615399114088,25.380082048272744,183.0693838827535,True,
5,29.0,5.8,57.28018199515437,57.28018199515437,10.358012461902529,51.79006230951265,0.8,2782.946936744247,2226.3575493953977,2174.567487085885,37.96369723947181,0.4157101595025261,1.5950526315789475,0.06902425080836641,25.40514584183397,183.0693838827535,True,
5,29.25,5.85,57.33687392784606,57.33687392784606,10.396761045899543,51.98380522949772,0.8,2782.946936744247,2226.3575493953977,2174.3737441659,37.922781540238454,0.41704236336666467,1.5950526315789475,0.06909256620200906,25.430290084884902,183.0693838827535,True,
5,29.5,5.9,57.39374724746775,57.39374724746775,10.435536225198739,52.17768112599369,0.8,2782.946936744247,2226.3575493953977,2174.179868269404,37.88182463317605,0.4183745672308032,1.5950526315789475,0.0691611001720688,25.45551477742552,183.0693838827535,True,
5,29.75,5.95,57.450801954019475,57.450801954019475,10.474337957423373,52.371689787116864,0.8,2782.946936744247,2226.3575493953977,2173.985859608281,37.84082703228794,0.4197067710949417,1.5950526315789475,0.06922985271854565,25.480819919455833,183.0693838827535,True,
5,30.0,6.0,57.508038047501216,57.508038047501216,10.513166200398619,52.56583100199309,0.8,2782.946936744247,2226.3575493953977,2173.7917183934046,37.79978925029347,0.4210389749590802,1.5950526315789475,0.0692988238414396,25.50620551097584,183.0693838827535,True,
5,30.25,6.05,57.565455527913,57.565455527913,10.552020912149997,52.76010456074999,0.8,2782.946936744247,2226.3575493953977,2173.597444834648,37.758711798618336,0.4223711788232186,1.5950526315789475,0.06936801354075064,25.531671551985543,183.0693838827535,True,
5,30.5,6.1,57.62305439525481,57.62305439525481,10.590902050901754,52.95451025450877,0.8,2782.946936744247,2226.3575493953977,2173.4030391408887,37.71759518738503,0.4237033826873572,1.5950526315789475,0.0694374218164788,25.557218042484944,183.0693838827535,True,
5,30.75,6.15,57.68083464952664,57.68083464952664,10.629809575075326,53.14904787537663,0.8,2782.946936744247,2226.3575493953977,2173.208501520021,37.676439925403464,0.42503558655149565,1.5950526315789475,0.06950704866862406,25.582844982474036,183.0693838827535,True,
5,31.0,6.2,57.7387962907285,57.7387962907285,10.668743443287788,53.34371721643894,0.8,2782.946936744247,2226.3575493953977,2173.0138321789586,37.63524652016159,0.4263677904156342,1.5950526315789475,0.06957689409718643,25.608552371952822,183.0693838827535,True,
5,31.25,6.25,57.796939318860375,57.796939318860375,10.707703614350306,53.53851807175153,0.8,2782.946936744247,2226.3575493953977,2172.819031323646,37.59401547781629,0.4276999942797726,1.5950526315789475,0.06964695810216587,25.634340210921298,183.0693838827535,True,
5,31.5,6.3,57.85526373392229,57.85526373392229,10.746690047266672,53.733450236333354,0.8,2782.946936744247,2226.3575493953977,2172.6240991590644,37.552747303184255,0.4290321981439112,1.5950526315789475,0.06971724068356244,25.66020849937948,183.0693838827535,True,
5,31.75,6.35,57.91376953591422,57.91376953591422,10.785702701231738,53.928513506158694,0.8,2782.946936744247,2226.3575493953977,2172.429035889239,37.51144249973307,0.43036440200804965,1.5950526315789475,0.06978774184137611,25.68615723732735,183.0693838827535,True,
5,32.0,6.4,57.97245672483619,57.97245672483619,10.824741535630006,54.123707678150026,0.8,2782.946936744247,2226.3575493953977,2172.2338417172477,37.470101569572314,0.4316966058721881,1.5950526315789475,0.06985846157560688,25.712186424764916,183.0693838827535,True,
5,32.25,6.45,58.03132530068815,58.03132530068815,10.863806510034108,54.31903255017054,0.8,2782.946936744247,2226.3575493953977,2172.038516845227,37.42872501344495,0.4330288097363267,1.5950526315789475,0.06992939988625474,25.738296061692168,183.0693838827535,True,
5,32.5,6.5,58.09037526347017,58.09037526347017,10.902897584203389,54.51448792101694,0.8,2782.946936744247,2226.3575493953977,2171.8430614743806,37.387313330718534,0.4343610136004651,1.5950526315789475,0.0700005567733197,25.76448614810912,183.0693838827535,True,
5,32.75,6.55,58.149606613182215,58.149606613182215,10.942014718082481,54.71007359041241,0.8,2782.946936744247,2226.3575493953977,2171.6474758049853,37.345867019376946,0.43569321746460365,1.5950526315789475,0.0700719322368018,25.790756684015772,183.0693838827535,True,
5,33.0,6.6,58.20901934982429,58.20901934982429,10.981157871799846,54.90578935899923,0.8,2782.946936744247,2226.3575493953977,2171.4517600363984,37.30438657601184,0.4370254213287421,1.5950526315789475,0.07014352627670098,25.817107669412117,183.0693838827535,True,
5,33.25,6.65,58.26861347339638,58.26861347339638,11.020327005666418,55.10163502833209,0.8,2782.946936744247,2226.3575493953977,2171.2559143670655,37.262872495814456,0.4383576251928807,1.5950526315789475,0.07021533889301726,25.843539104298152,183.0693838827535,True,
5,33.5,6.7,58.32838898389849,58.32838898389849,11.059522080174188,55.297610400870944,0.8,2782.946936744247,2226.3575493953977,2171.059938994527,37.22132527256747,0.4396898290570192,1.5950526315789475,0.07028737008575064,25.87005098867388,183.0693838827535,True,
5,33.75,6.75,58.38834588133062,58.38834588133062,11.098743055994841,55.49371527997421,0.8,2782.946936744247,2226.3575493953977,2170.8638341154233,37.179745398636925,0.4410220329211576,1.5950526315789475,0.07035961985490112,25.8966433225393,183.0693838827535,True,
5,34.0,6.8,58.4484841656928,58.4484841656928,11.137989893978409,55.68994946989204,0.8,2782.946936744247,2226.3575493953977,2170.667599925506,37.13813336496435,0.4423542367852961,1.5950526315789475,0.0704320882004687,25.923316105894422,183.0693838827535,True,
5,34.25,6.85,58.50880383698499,58.50880383698499,11.177262555151895,55.88631277575948,0.8,2782.946936744247,2226.3575493953977,2170.471236619638,37.09648966105892,0.44368644064943463,1.5950526315789475,0.0705047751224534,25.950069338739237,183.0693838827535,True,
5,34.5,6.9,58.56930489520722,58.56930489520722,11.21656100071798,56.082805003589904,0.8,2782.946936744247,2226.3575493953977,2170.274744391808,37.054814774989815,0.4450186445135732,1.5950526315789475,0.07057768062085519,25.976903021073745,183.0693838827535,True,
5,34.75,6.95,58.62998734035946,58.62998734035946,11.255885192053688,56.27942596026844,0.8,2782.946936744247,2226.3575493953977,2170.0781234351293,37.01310919337859,0.44635084837771166,1.5950526315789475,0.07065080469567409,26.00381715289795,183.0693838827535,True,
5,35.0,7.0,58.69085117244173,58.69085117244173,11.295235090709074,56.476175453545366,0.8,2782.946936744247,2226.3575493953977,2169.8813739418524,36.97137340139172,0.44768305224185007,1.5950526315789475,0.07072414734691007,26.030811734211845,183.0693838827535,True,
5,35.25,7.05,58.751896391454025,58.751896391454025,11.334610658405973,56.67305329202986,0.8,2782.946936744247,2226.3575493953977,2169.6844961033676,36.929607882733244,0.44901525610598864,1.5950526315789475,0.07079770857456318,26.057886765015436,183.0693838827535,True,
5,35.5,7.1,58.81312299739635,58.81312299739635,11.374011857036685,56.87005928518342,0.8,2782.946936744247,2226.3575493953977,2169.4874901102144,36.887813119637556,0.4503474599701271,1.5950526315789475,0.07087148837863338,26.08504224530872,183.0693838827535,True,
5,35.75,7.15,58.874530990268696,58.874530990268696,11.413438648662733,57.06719324331367,0.8,2782.946936744247,2226.3575493953977,2169.290356152084,36.84598959286221,0.45167966383426567,1.5950526315789475,0.07094548675912069,26.1122781750917,183.0693838827535,True,
5,36.0,7.2,58.93612037007107,58.93612037007107,11.452890995513606,57.26445497756803,0.8,2782.946936744247,2226.3575493953977,2169.0930944178294,36.80413778168096,0.4530118676984041,1.5950526315789475,0.07101970371602509,26.139594554364376,183.0693838827535,True,
5,36.25,7.25,58.997891136803474,58.997891136803474,11.492368859985534,57.46184429992767,0.8,2782.946936744247,2226.3575493953977,2168.89570509547,36.76225816387683,0.45434407156254253,1.5950526315789475,0.0710941392493466,26.166991383126742,183.0693838827535,True,
5,36.5,7.3,59.0598432904659,59.0598432904659,11.531872204640264,57.65936102320132,0.8,2782.946936744247,2226.3575493953977,2168.6981883721965,36.72035121573531,0.4556762754266811,1.5950526315789475,0.07116879335908521,26.194468661378806,183.0693838827535,True,
5,36.75,7.35,59.12197683105837,59.12197683105837,11.571400992203829,57.85700496101914,0.8,2782.946936744247,2226.3575493953977,2168.5005444343783,36.67841741203766,0.4570084792908196,1.5950526315789475,0.07124366604524093,26.222026389120572,183.0693838827535,True,
5,37.0,7.4,59.184291758580834,59.184291758580834,11.610955185565382,58.05477592782691,0.8,2782.946936744247,2226.3575493953977,2168.3027734675707,36.6364572260544,0.45834068315495813,1.5950526315789475,0.07131875730781374,26.249664566352017,183.0693838827535,True,
5,37.25,7.45,59.246788073033336,59.246788073033336,11.650534747775978,58.25267373887989,0.8,2782.946936744247,2226.3575493953977,2168.104875656518,36.594471129538725,0.45967288701909664,1.5950526315789475,0.07139406714680366,26.277383193073163,183.0693838827535,True,
5,37.5,7.5,59.30946577441586,59.30946577441586,11.69013964204742,58.4506982102371,0.8,2782.946936744247,2226.3575493953977,2167.9068511851606,36.552459592720254,0.46100509088323505,1.5950526315789475,0.07146959556221068,26.305182269284003,183.0693838827535,True,
5,37.75,7.55,59.37232486272842,59.37232486272842,11.7297698317511,58.648849158755496,0.8,2782.946936744247,2226.3575493953977,2167.708700236642,36.510423084298715,0.4623372947473736,1.5950526315789475,0.0715453425540348,26.333061794984538,183.0693838827535,True,
5,38.0,7.6,59.43536533797102,59.43536533797102,11.76942528041683,58.84712640208414,0.8,2782.946936744247,2226.3575493953977,2167.5104229933136,36.46836207143784,0.4636694986115121,1.5950526315789475,0.07162130812227603,26.361021770174773,183.0693838827535,True,
5,38.25,7.65,59.49858720014364,59.49858720014364,11.809105951731715,59.045529758658574,0.8,2782.946936744247,2226.3575493953977,2167.312019636739,36.42627701975933,0.46500170247565065,1.5950526315789475,0.07169749226693437,26.3890621948547,183.0693838827535,True,
5,38.5,7.7,59.56199044924627,59.56199044924627,11.848811809539027,59.24405904769514,0.8,2782.946936744247,2226.3575493953977,2167.1134903477027,36.38416839333694,0.4663339063397891,1.5950526315789475,0.07177389498800979,26.417183069024315,183.0693838827535,True,
5,38.75,7.75,59.625575085278925,59.625575085278925,11.888542817837083,59.442714089185415,0.8,2782.946936744247,2226.3575493953977,2166.9148353062124,36.34203665469058,0.4676661102039276,1.5950526315789475,0.07185051628550232,26.44538439268363,183.0693838827535,True,
5,39.0,7.8,59.689341108241614,59.689341108241614,11.92829894077815,59.64149470389075,0.8,2782.946936744247,2226.3575493953977,2166.716054691507,36.29988226478073,0.4689983140680661,1.5950526315789475,0.07192735615941195,26.473666165832636,183.0693838827535,True,
5,39.25,7.85,59.753288518134326,59.753288518134326,11.968080142667336,59.84040071333668,0.8,2782.946936744247,2226.3575493953977,2166.517148682061,36.25770568300273,0.47033051793220454,1.5950526315789475,0.07200441460973869,26.502028388471338,183.0693838827535,True,
5,39.5,7.9,59.81741731495707,59.81741731495707,12.00788638796152,60.0394319398076,0.8,2782.946936744247,2226.3575493953977,2166.3181174555903,36.215507367181374,0.4716627217963431,1.5950526315789475,0.07208169163648254,26.530471060599734,183.0693838827535,True,
5,39.75,7.95,59.88172749870984,59.88172749870984,12.04771764126827,60.23858820634135,0.8,2782.946936744247,2226.3575493953977,2166.1189611890563,36.17328777356541,0.4729949256604816,1.5950526315789475,0.07215918723964349,26.558994182217827,183.0693838827535,True,
5,40.0,8.0,59.94621906939264,59.94621906939264,12.087573867344783,60.43786933672392,0.8,2782.946936744247,2226.3575493953977,2165.9196800586737,36.13104735682237,0.4743271295246201,1.5950526315789475,0.07223690141922152,26.587597753325614,183.0693838827535,True,
5,40.25,8.05,60.010892027005454,60.010892027005454,12.12745503109686,60.637275155484296,0.8,2782.946936744247,2226.3575493953977,2165.7202742399136,36.088786570033314,0.47565933338875865,1.5950526315789475,0.07231483417521667,26.61628177392309,183.0693838827535,True,
5,40.5,8.1,60.0757463715483,60.0757463715483,12.1673610975778,60.836805487888995,0.8,2782.946936744247,2226.3575493953977,2165.520743907509,36.04650586468774,0.4769915372528971,1.5950526315789475,0.07239298550762893,26.64504624401027,183.0693838827535,True,
5,40.75,8.15,60.14078210302116,60.14078210302116,12.207292031987446,61.036460159937235,0.8,2782.946936744247,2226.3575493953977,2165.3210892354605,36.004205690678674,0.47832374111703563,1.5950526315789475,0.07247135541645827,26.673891163587133,183.0693838827535,True,
5,41.0,8.2,60.20599922142406,60.20599922142406,12.247247799671111,61.23623899835556,0.8,2782.946936744247,2226.3575493953977,2165.121310397042,35.961886496297744,0.4796559449811741,1.5950526315789475,0.07254994390170473,26.702816532653696,183.0693838827535,True,
5,41.25,8.25,60.27139772675697,60.27139772675697,12.287228366118594,61.43614183059297,0.8,2782.946936744247,2226.3575493953977,2164.9214075648047,35.919548728230446,0.48098814884531255,1.5950526315789475,0.07262875096336828,26.73182235120995,183.0693838827535,True,
5,41.5,8.3,60.33697761901993,60.33697761901993,12.32723369696316,61.636168484815805,0.8,2782.946936744247,2226.3575493953977,2164.721380910582,35.87719283155145,0.4823203527094511,1.5950526315789475,0.07270777660144895,26.760908619255908,183.0693838827535,True,
5,41.75,8.35,60.4027388982129,60.4027388982129,12.367263757980567,61.83631878990283,0.8,2782.946936744247,2226.3575493953977,2164.521230605495,35.83481924972007,0.48365255657358963,1.5950526315789475,0.0727870208159467,26.790075336791553,183.0693838827535,True,
5,42.0,8.4,60.4686815643359,60.4686815643359,12.407318515088065,62.036592575440324,0.8,2782.946936744247,2226.3575493953977,2164.3209568199572,35.79242842457577,0.4849847604377281,1.5950526315789475,0.07286648360686157,26.819322503816892,183.0693838827535,True,
5,42.25,8.45,60.53480561738892,60.53480561738892,12.447397934343444,62.23698967171722,0.8,2782.946936744247,2226.3575493953977,2164.1205597236803,35.750020796333835,0.48631696430186666,1.5950526315789475,0.07294616497419354,26.848650120331925,183.0693838827535,True,
5,42.5,8.5,60.60111105737199,60.60111105737199,12.487501981944053,62.43750990972026,0.8,2782.946936744247,2226.3575493953977,2163.9200394856775,35.70759680358107,0.48764916816600506,1.5950526315789475,0.07302606491794261,26.87805818633666,183.0693838827535,True,
5,42.75,8.55,60.66759788428506,60.66759788428506,12.527630624225864,62.63815312112932,0.8,2782.946936744247,2226.3575493953977,2163.7193962742685,35.66515688327169,0.48898137203014364,1.5950526315789475,0.07310618343810879,26.90754670183108,183.0693838827535,True,
5,43.0,8.6,60.734266098128145,60.734266098128145,12.5677838276625,62.838919138312505,0.8,2782.946936744247,2226.3575493953977,2163.518630257085,35.62270147072322,0.4903135758942821,1.5950526315789475,0.07318652053469205,26.937115666815192,183.0693838827535,True,
5,43.25,8.65,60.80111569890129,60.80111569890129,12.607961558864337,63.03980779432169,0.8,2782.946936744247,2226.3575493953977,2163.317741601076,35.58023099961253,0.49164577975842055,1.5950526315789475,0.07326707620769243,26.96676508128901,183.0693838827535,True,
5,43.5,8.7,60.86814668660445,60.86814668660445,12.648163784577543,63.24081892288771,0.8,2782.946936744247,2226.3575493953977,2163.11673047251,35.53774590197204,0.4929779836225591,1.5950526315789475,0.07334785045710991,26.996494945252515,183.0693838827535,True,
5,43.75,8.75,60.93535906123765,60.93535906123765,12.688390471683169,63.44195235841585,0.8,2782.946936744247,2226.3575493953977,2162.915597036982,35.495246608185845,0.4943101874866975,1.5950526315789475,0.0734288432829445,27.026305258705722,183.0693838827535,True,
5,44.0,8.8,61.00275282280084,61.00275282280084,12.728641587196268,63.64320793598134,0.8,2782.946936744247,2226.3575493953977,2162.714341459416,35.45273354698616,0.49564239135083615,1.5950526315789475,0.07351005468519618,27.056196021648617,183.0693838827535,True,
5,44.25,8.85,61.07032797129408,61.07032797129408,12.768917098264934,63.84458549132467,0.8,2782.946936744247,2226.3575493953977,2162.512963904073,35.410207145449675,0.49697459521497456,1.5950526315789475,0.07359148466386496,27.086167234081206,183.0693838827535,True,
5,44.5,8.9,61.138084506717334,61.138084506717334,12.809216972169477,64.04608486084739,0.8,2782.946936744247,2226.3575493953977,2162.3114645345504,35.367667828994115,0.49830679907911307,1.5950526315789475,0.07367313321895085,27.11621889600349,183.0693838827535,True,
5,44.75,8.95,61.20602242907063,61.20602242907063,12.849541176321495,64.24770588160747,0.8,2782.946936744247,2226.3575493953977,2162.10984351379,35.32511602137483,0.49963900294325164,1.5950526315789475,0.07375500035045385,27.146351007415472,183.0693838827535,True,
5,45.0,9.0,61.27414173835393,61.27414173835393,12.889889678263009,64.44944839131504,0.8,2782.946936744247,2226.3575493953977,2161.9081010040827,35.28255214468158,0.50097120680739,1.5950526315789475,0.07383708605837393,27.17656356831714,183.0693838827535,True,
5,45.25,9.05,61.34244243456729,61.34244243456729,12.930262445665607,64.65131222832804,0.8,2782.946936744247,2226.3575493953977,2161.7062371670695,35.239976619335245,0.5023034106715286,1.5950526315789475,0.07391939034271114,27.206856578708514,183.0693838827535,True,
5,45.5,9.1,61.41092451771064,61.41092451771064,12.970659446329547,64.85329723164773,0.8,2782.946936744247,2226.3575493953977,2161.5042521637497,35.197389864084876,0.5036356145356671,1.5950526315789475,0.07400191320346543,27.237230038589576,183.0693838827535,True,
5,45.75,9.15,61.479587987784015,61.479587987784015,13.011080648182972,65.05540324091486,0.8,2782.946936744247,2226.3575493953977,2161.3021461544827,35.15479229600454,0.5049678183998055,1.5950526315789475,0.07408465464063682,27.267683947960325,183.0693838827535,True,
5,46.0,9.2,61.54843284478744,61.54843284478744,13.051526019281004,65.25763009640502,0.8,2782.946936744247,2226.3575493953977,2161.0999192989925,35.1121843304905,0.5063000222639441,1.5950526315789475,0.07416761465422533,27.29821830682078,183.0693838827535,True,
5,46.25,9.25,61.617459088720885,61.617459088720885,13.091995527804928,65.45997763902464,0.8,2782.946936744247,2226.3575493953977,2160.897571756373,35.06956638125844,0.5076322261280826,1.5950526315789475,0.07425079324423094,27.328833115170923,183.0693838827535,True,
5,46.5,9.3,61.68666671958435,61.68666671958435,13.132489142061381,65.66244571030691,0.8,2782.946936744247,2226.3575493953977,2160.6951036850905,35.026938860340636,0.5089644299922211,1.5950526315789475,0.07433419041065364,27.359528373010768,183.0693838827535,True,
5,46.75,9.35,61.75605573737784,61.75605573737784,13.173006830481501,65.8650341524075,0.8,2782.946936744247,2226.3575493953977,2160.49251524299,34.98430217808344,0.5102966338563596,1.5950526315789475,0.07441780615349346,27.3903040803403,183.0693838827535,True,
5,47.0,9.4,61.82562614210138,61.82562614210138,13.213548561620147,66.06774280810073,0.8,2782.946936744247,2226.3575493953977,2160.289806587297,34.941656743144655,0.511628837720498,1.5950526315789475,0.07450164047275037,27.421160237159533,183.0693838827535,True,
5,47.25,9.45,61.89537793375491,61.89537793375491,13.254114304155063,66.27057152077532,0.8,2782.946936744247,2226.3575493953977,2160.0869778746223,34.89900296249116,0.5129610415846366,1.5950526315789475,0.07458569336842438,27.452096843468453,183.0693838827535,True,
5,47.5,9.5,61.9653111123385,61.9653111123385,13.294704026886098,66.47352013443049,0.8,2782.946936744247,2226.3575493953977,2159.884029260967,34.856341241396464,0.514293245448775,1.5950526315789475,0.0746699648405155,27.48311389926707,183.0693838827535,True,
5,47.75,9.55,62.035425677852096,62.035425677852096,13.335317698734414,66.67658849367207,0.8,2782.946936744247,2226.3575493953977,2159.6809609017255,34.813671983438574,0.5156254493129137,1.5950526315789475,0.07475445488902373,27.514211404555386,183.0693838827535,True,
5,48.0,9.6,62.105721630295704,62.105721630295704,13.375955288741675,66.87977644370838,0.8,2782.946936744247,2226.3575493953977,2159.477772951689,34.77099559049769,0.516957653177052,1.5950526315789475,0.07483916351394904,27.545389359333385,183.0693838827535,True,
5,48.25,9.65,62.176198969669365,62.176198969669365,13.416616766069328,67.08308383034664,0.8,2782.946936744247,2226.3575493953977,2159.274465565051,34.72831246275416,0.5182898570411906,1.5950526315789475,0.07492409071529146,27.576647763601088,183.0693838827535,True,
5,48.5,9.7,62.24685769597305,62.24685769597305,13.45730209999777,67.28651049998885,0.8,2782.946936744247,2226.3575493953977,2159.071038895409,34.685622998686505,0.519622060905329,1.5950526315789475,0.075009236493051,27.60798661735849,183.0693838827535,True,
5,48.75,9.75,62.31769780920675,62.31769780920675,13.498011259925617,67.49005629962808,0.8,2782.946936744247,2226.3575493953977,2158.8674930957695,34.64292759506948,0.5209542647694675,1.5950526315789475,0.07509460084722762,27.639405920605576,183.0693838827535,True,
5,49.0,9.8,62.38871930937047,62.38871930937047,13.538744215368954,67.69372107684477,0.8,2782.946936744247,2226.3575493953977,2158.663828318553,34.60022664697226,0.5222864686336062,1.5950526315789475,0.07518018377782136,27.67090567334236,183.0693838827535,True,
5,49.25,9.85,62.45992219646423,62.45992219646423,13.57950093596056,67.89750467980281,0.8,2782.946936744247,2226.3575493953977,2158.460044715595,34.55752054775666,0.5236186724977445,1.5950526315789475,0.0752659852848322,27.70248587556884,183.0693838827535,True,
5,49.5,9.9,62.531306470488,62.531306470488,13.620281391449193,68.10140695724597,0.8,2782.946936744247,2226.3575493953977,2158.2561424381515,34.51480968907555,0.5249508763618831,1.5950526315789475,0.07535200536826013,27.73414652728501,183.0693838827535,True,
5,49.75,9.95,62.6028721314418,62.6028721314418,13.66108555169883,68.30542775849415,0.8,2782.946936744247,2226.3575493953977,2158.0521216369034,34.47209446087121,0.5262830802260215,1.5950526315789475,0.07543824402810516,27.765887628490873,183.0693838827535,True,
5,50.0,10.0,62.67461917932564,62.67461917932564,13.701913386687947,68.50956693343973,0.8,2782.946936744247,2226.3575493953977,2157.847982461958,34.4293752513739,0.52761528409016,1.5950526315789475,0.0755247012643673,27.79770917918644,183.0693838827535,True,
5,50.25,10.05,62.746547614139494,62.746547614139494,13.742764866508818,68.71382433254409,0.8,2782.946936744247,2226.3575493953977,2157.6437250628537,34.38665244710043,0.5289474879542986,1.5950526315789475,0.07561137707704654,27.829611179371692,183.0693838827535,True,
5,50.5,10.1,62.81865743588338,62.81865743588338,13.783639961366747,68.91819980683374,0.8,2782.946936744247,2226.3575493953977,2157.439349588564,34.343926432852854,0.530279691818437,1.5950526315789475,0.0756982714661429,27.861593629046645,183.0693838827535,True,
5,50.75,10.15,62.89094864455729,62.89094864455729,13.8245386415794,69.122693207897,0.8,2782.946936744247,2226.3575493953977,2157.2348561875006,34.301197591717234,0.5316118956825756,1.5950526315789475,0.07578538443165635,27.893656528211288,183.0693838827535,True,
5,51.0,10.2,62.96342124016123,62.96342124016123,13.865460877576096,69.32730438788047,0.8,2782.946936744247,2226.3575493953977,2157.0302450075174,34.258466305062456,0.5329440995467141,1.5950526315789475,0.0758727159735869,27.925799876865632,183.0693838827535,True,
5,51.25,10.25,63.03607522269519,63.03607522269519,13.906406639897082,69.53203319948541,0.8,2782.946936744247,2226.3575493953977,2156.8255161959123,34.21573295253921,0.5342763034108524,1.5950526315789475,0.07596026609193454,27.958023675009663,183.0693838827535,True,
5,51.5,10.3,63.10891059215917,63.10891059215917,13.947375899192888,69.73687949596444,0.8,2782.946936744247,2226.3575493953977,2156.6206698994333,34.17299791207896,0.5356085072749911,1.5950526315789475,0.0760480347866993,27.990327922643388,183.0693838827535,True,
5,51.75,10.35,63.181927348553195,63.181927348553195,13.988368626223581,69.9418431311179,0.8,2782.946936744247,2226.3575493953977,2156.41570626428,34.130261559893036,0.5369407111391294,1.5950526315789475,0.07613602205788116,28.022712619766814,183.0693838827535,True,
5,52.0,10.4,63.25512549187724,63.25512549187724,14.029384791858142,70.14692395929072,0.8,2782.946936744247,2226.3575493953977,2156.210625436107,34.08752427047183,0.538272915003268,1.5950526315789475,0.07622422790548011,28.05517776637993,183.0693838827535,True,
5,52.25,10.45,63.32850502213131,63.32850502213131,14.070424367073741,70.3521218353687,0.8,2782.946936744247,2226.3575493953977,2156.005427560029,34.044786416584024,0.5396051188674066,1.5950526315789475,0.07631265232949619,28.087723362482745,183.0693838827535,True,
5,52.5,10.5,63.40206593931539,63.40206593931539,14.111487322955123,70.55743661477561,0.8,2782.946936744247,2226.3575493953977,2155.800112780622,34.0020483692759,0.5409373227315449,1.5950526315789475,0.07640129532992934,28.120349408075246,183.0693838827535,True,
5,52.75,10.55,63.47580824342952,63.47580824342952,14.152573630693903,70.76286815346951,0.8,2782.946936744247,2226.3575493953977,2155.5946812419284,33.959310497870774,0.5422695265956836,1.5950526315789475,0.07649015690677963,28.15305590315745,183.0693838827535,True,
5,53.0,10.6,63.54973193447365,63.54973193447365,14.193683261587907,70.96841630793953,0.8,2782.946936744247,2226.3575493953977,2155.389133087458,33.91657316996848,0.543601730459822,1.5950526315789475,0.07657923706004699,28.18584284772934,183.0693838827535,True,
5,53.25,10.65,63.623837012447815,63.623837012447815,14.234816187040567,71.17408093520284,0.8,2782.946936744247,2226.3575493953977,2155.183468460195,33.8738367514449,0.5449339343239605,1.5950526315789475,0.07666853578973146,28.218710241790927,183.0693838827535,True,
5,53.5,10.7,63.69812347735203,63.69812347735203,14.275972378560219,71.3798618928011,0.8,2782.946936744247,2226.3575493953977,2154.9776875025964,33.8311016064516,0.546266138188099,1.5950526315789475,0.07675805309583303,28.251658085342214,183.0693838827535,True,
5,53.75,10.75,63.77259132918624,63.77259132918624,14.31715180775951,71.58575903879755,0.8,2782.946936744247,2226.3575493953977,2154.7717903566,33.78836809741561,0.5475983420522375,1.5950526315789475,0.0768477889783517,28.28468637838319,183.0693838827535,True,
5,54.0,10.8,63.84724056795051,63.84724056795051,14.35835444635473,71.79177223177365,0.8,2782.946936744247,2226.3575493953977,2154.565777163624,33.74563658503911,0.548930545916376,1.5950526315789475,0.0769377434372875,28.31779512091387,183.0693838827535,True,
5,54.25,10.85,63.922071193644776,63.922071193644776,14.399580266165186,71.99790133082593,0.8,2782.946936744247,2226.3575493953977,2154.359648064572,33.702907428299376,0.5502627497805145,1.5950526315789475,0.07702791647264037,28.350984312934234,183.0693838827535,True,
5,54.5,10.9,63.997083206269075,63.997083206269075,14.44082923911261,72.20414619556306,0.8,2782.946936744247,2226.3575493953977,2154.1534031998344,33.66018098444862,0.551594953644653,1.5950526315789475,0.07711830808441036,28.384253954444297,183.0693838827535,True,
5,54.75,10.95,64.0722766058234,64.0722766058234,14.482101337220493,72.41050668610247,0.8,2782.946936744247,2226.3575493953977,2153.947042709295,33.61745760901412,0.5529271575087915,1.5950526315789475,0.07720891827259745,28.41760404544405,183.0693838827535,True,
5,55.0,11.0,64.14765139230774,64.14765139230774,14.523396532613509,72.61698266306755,0.8,2782.946936744247,2226.3575493953977,2153.74056673233,33.574737655798195,0.55425936137293,1.5950526315789475,0.07729974703720163,28.451034585933495,183.0693838827535,True,
5,55.25,11.05,64.22320756572213,64.22320756572213,14.5647147975169,72.8235739875845,0.8,2782.946936744247,2226.3575493953977,2153.533975407813,33.532021476878384,0.5555915652370685,1.5950526315789475,0.07739079437822294,28.484545575912648,183.0693838827535,True,
5,55.5,11.1,64.29894512606653,64.29894512606653,14.60605610425585,73.03028052127925,0.8,2782.946936744247,2226.3575493953977,2153.3272688741185,33.489309422607754,0.556923769101207,1.5950526315789475,0.07748206029566132,28.51813701538148,183.0693838827535,True,
5,55.75,11.15,64.37486407334096,64.37486407334096,14.64742042525491,73.23710212627455,0.8,2782.946936744247,2226.3575493953977,2153.120447269123,33.44660184161503,0.5582559729653455,1.5950526315789475,0.07757354478951682,28.551808904340014,183.0693838827535,True,
5,56.0,11.2,64.45096440754541,64.45096440754541,14.688807733037402,73.44403866518701,0.8,2782.946936744247,2226.3575493953977,2152.913510730211,33.40389908080514,0.559588176829484,1.5950526315789475,0.07766524785978943,28.585561242788245,183.0693838827535,True,
5,56.25,11.25,64.52724612867989,64.52724612867989,14.730218000224824,73.65109000112412,0.8,2782.946936744247,2226.3575493953977,2152.7064593942737,33.3612014853595,0.5609203806936225,1.5950526315789475,0.07775716950647912,28.619394030726163,183.0693838827535,True,
5,56.5,11.3,64.60370923674441,64.60370923674441,14.771651199536262,73.85825599768131,0.8,2782.946936744247,2226.3575493953977,2152.4992933977164,33.31850939873662,0.5622525845577611,1.5950526315789475,0.07784930972958592,28.65330726815378,183.0693838827535,True,
5,56.75,11.35,64.68035373173893,64.68035373173893,14.813107303787831,74.06553651893915,0.8,2782.946936744247,2226.3575493953977,2152.2920128764586,33.275823162672644,0.5635847884218995,1.5950526315789475,0.07794166852910983,28.68730095507109,183.0693838827535,True,
5,57.0,11.4,64.75717961366351,64.75717961366351,14.854586285892086,74.27293142946043,0.8,2782.946936744247,2226.3575493953977,2152.084617965937,33.23314311718195,0.564916992286038,1.5950526315789475,0.07803424590505084,28.721375091478098,183.0693838827535,True,
5,57.25,11.45,64.8341868825181,64.8341868825181,14.896088118857445,74.48044059428723,0.8,2782.946936744247,2226.3575493953977,2151.8771088011104,33.190469600557954,0.5662491961501764,1.5950526315789475,0.07812704185740896,28.7555296773748,183.0693838827535,True,
5,57.5,11.5,64.91137553830269,64.91137553830269,14.937612775787656,74.68806387893828,0.8,2782.946936744247,2226.3575493953977,2151.669485516459,33.147802949373784,0.567581400014315,1.5950526315789475,0.07822005638618416,28.78976471276119,183.0693838827535,True,
5,57.75,11.55,64.98874558101734,64.98874558101734,14.979160229881202,74.89580114940601,0.8,2782.946936744247,2226.3575493953977,2151.4617482459917,33.10514349848315,0.5689136038784535,1.5950526315789475,0.07831328949137648,28.82408019763728,183.0693838827535,True,
5,58.0,11.6,65.06629701066201,65.06629701066201,15.020730454430767,75.10365227215384,0.8,2782.946936744247,2226.3575493953977,2151.253897123244,33.0624915810213,0.570245807742592,1.5950526315789475,0.0784067411729859,28.858476132003066,183.0693838827535,True,
5,58.25,11.65,65.14402982723671,65.14402982723671,15.062323422822685,75.31161711411342,0.8,2782.946936744247,2226.3575493953977,2151.0459322812844,33.01984752840593,0.5715780116067305,1.5950526315789475,0.07850041143101243,28.892952515858546,183.0693838827535,True,
5,58.5,11.7,65.22194403074141,65.22194403074141,15.103939108536382,75.51969554268192,0.8,2782.946936744247,2226.3575493953977,2150.837853852716,32.97721167033828,0.5729102154708691,1.5950526315789475,0.07859430026545605,28.927509349203714,183.0693838827535,True,
5,58.75,11.75,65.30003962117615,65.30003962117615,15.14557748514383,75.72788742571915,0.8,2782.946936744247,2226.3575493953977,2150.6296619696786,32.93458433480415,0.5742424193350074,1.5950526315789475,0.07868840767631677,28.962146632038575,183.0693838827535,True,
5,59.0,11.8,65.37831659854093,65.37831659854093,15.187238526309057,75.93619263154528,0.8,2782.946936744247,2226.3575493953977,2150.4213567638526,32.891965848075145,0.575574623199146,1.5950526315789475,0.0787827336635946,28.996864364363145,183.0693838827535,True,
5,59.25,11.85,65.45677496283572,65.45677496283572,15.228922205787542,76.14461102893772,0.8,2782.946936744247,2226.3575493953977,2150.21293836646,32.849356534709855,0.5769068270632844,1.5950526315789475,0.07887727822728953,29.031662546177394,183.0693838827535,True,
5,59.5,11.9,65.53541471406054,65.53541471406054,15.270628497425747,76.35314248712874,0.8,2782.946936744247,2226.3575493953977,2150.0044069082687,32.80675671755516,0.578239030927423,1.5950526315789475,0.07897204136740157,29.066541177481344,183.0693838827535,True,
5,59.75,11.95,65.61423585221539,65.61423585221539,15.312357375160554,76.56178687580277,0.8,2782.946936744247,2226.3575493953977,2149.795762519595,32.76416671774757,0.5795712347915615,1.5950526315789475,0.0790670230839307,29.101500258274985,183.0693838827535,True,
5,60.0,12.0,65.69323837730026,65.69323837730026,15.35410881301876,76.7705440650938,0.8,2782.946936744247,2226.3575493953977,2149.587005330304,32.721586854714644,0.5809034386556999,1.5950526315789475,0.07916222337687694,29.136539788558327,183.0693838827535,True,
5,60.25,12.05,65.77242228931519,65.77242228931519,15.395882785116585,76.97941392558293,0.8,2782.946936744247,2226.3575493953977,2149.378135469815,32.67901744617644,0.5822356425198386,1.5950526315789475,0.0792576422462403,29.171659768331367,183.0693838827535,True,
5,60.5,12.1,65.85178758826008,65.85178758826008,15.437679265659101,77.18839632829551,0.8,2782.946936744247,2226.3575493953977,2149.1691530671023,32.6364588081471,0.583567846383977,1.5950526315789475,0.07935327969202072,29.206860197594082,183.0693838827535,True,
5,60.75,12.15,65.93133427413504,65.93133427413504,15.47949822893979,77.39749114469895,0.8,2782.946936744247,2226.3575493953977,2148.9600582506987,32.593911254936316,0.5849000502481154,1.5950526315789475,0.07944913571421826,29.242141076346506,183.0693838827535,True,
5,61.0,12.2,66.01106234694002,66.01106234694002,15.52133964933999,77.60669824669995,0.8,2782.946936744247,2226.3575493953977,2148.7508511486976,32.55137509915115,0.586232254112254,1.5950526315789475,0.07954521031283292,29.277502404588624,183.0693838827535,True,
5,61.25,12.25,66.09097180667503,66.09097180667503,15.563203501328426,77.81601750664213,0.8,2782.946936744247,2226.3575493953977,2148.5415318887553,32.5088506516976,0.5875644579763925,1.5950526315789475,0.07964150348786467,29.312944182320436,183.0693838827535,True,
5,61.5,12.3,66.17106265334006,66.17106265334006,15.605089759460707,78.02544879730354,0.8,2782.946936744247,2226.3575493953977,2148.3321005980943,32.46633822178243,0.588896661840531,1.5950526315789475,0.07973801523931352,29.348466409541942,183.0693838827535,True,
5,61.75,12.35,66.25133488693511,66.25133488693511,15.646998398378823,78.23499199189412,0.8,2782.946936744247,2226.3575493953977,2148.1225574035034,32.42383811691494,0.5902288657046695,1.5950526315789475,0.07983474556717947,29.384069086253138,183.0693838827535,True,
5,62.0,12.4,66.33178850746017,66.33178850746017,15.688929392810662,78.4446469640533,0.8,2782.946936744247,2226.3575493953977,2147.9129024313443,32.38135064290892,0.5915610695688079,1.5950526315789475,0.07993169447146252,29.41975221245403,183.0693838827535,True,
5,62.25,12.45,66.41242351491529,66.41242351491529,15.730882717569555,78.65441358784777,0.8,2782.946936744247,2226.3575493953977,2147.70313580755,32.33887610388449,0.5928932734329465,1.5950526315789475,0.08002886195216269,29.45551578814462,183.0693838827535,True,
5,62.5,12.5,66.49323990930041,66.49323990930041,15.77285834755374,78.8642917377687,0.8,2782.946936744247,2226.3575493953977,2147.493257657629,32.29641480227013,0.5942254772970849,1.5950526315789475,0.08012624800927994,29.491359813324895,183.0693838827535,True,
5,62.75,12.55,66.57423769061558,66.57423769061558,15.81485625774594,79.07428128872971,0.8,2782.946936744247,2226.3575493953977,2147.283268106668,32.25396703880475,0.5955576811612235,1.5950526315789475,0.08022385264281431,29.527284287994878,183.0693838827535,True,
5,63.0,12.6,66.65541685886075,66.65541685886075,15.856876423212844,79.28438211606422,0.8,2782.946936744247,2226.3575493953977,2147.0731672793336,32.211533112539755,0.5968898850253619,1.5950526315789475,0.08032167585276577,29.563289212154544,183.0693838827535,True,
5,63.25,12.65,66.73677741403597,66.73677741403597,15.898918819104686,79.49459409552344,0.8,2782.946936744247,2226.3575493953977,2146.862955299874,32.169113320841134,0.5982220888895005,1.5950526315789475,0.08041971763913434,29.59937458580391,183.0693838827535,True,
5,63.5,12.7,66.81831935614122,66.81831935614122,15.94098342065475,79.70491710327374,0.8,2782.946936744247,2226.3575493953977,2146.652632292124,32.12670795939178,0.599554292753639,1.5950526315789475,0.08051797800192002,29.63554040894298,183.0693838827535,True,
5,63.75,12.75,66.90004268517647,66.90004268517647,15.98307020317888,79.9153510158944,0.8,2782.946936744247,2226.3575493953977,2146.442198379503,32.08431732219367,0.6008864966177774,1.5950526315789475,0.0806164569411228,29.671786681571728,183.0693838827535,True,
5,64.0,12.8,66.98194740114178,66.98194740114178,16.025179142075118,80.12589571037559,0.8,2782.946936744247,2226.3575493953977,2146.231653685022,32.04194170157013,0.6022187004819161,1.5950526315789475,0.08071515445674268,29.708113403690184,183.0693838827535,True,
5,64.25,12.85,67.06403350403708,67.06403350403708,16.067310212823113,80.33655106411557,0.8,2782.946936744247,2226.3575493953977,2146.020998331282,31.999581388168323,0.6035509043460544,1.5950526315789475,0.08081407054877965,29.744520575298324,183.0693838827535,True,
5,64.5,12.9,67.1463009938624,67.1463009938624,16.10946339098381,80.54731695491904,0.8,2782.946936744247,2226.3575493953977,2145.8102324404786,31.957236670961507,0.6048831082101929,1.5950526315789475,0.08091320521723372,29.781008196396154,183.0693838827535,True,
5,64.75,12.95,67.22874987061778,67.22874987061778,16.151638652198894,80.75819326099447,0.8,2782.946936744247,2226.3575493953977,2145.599356134403,31.914907837251544,0.6062153120743314,1.5950526315789475,0.08101255846210491,29.81757626698369,183.0693838827535,True,
5,65.0,13.0,67.31138013430319,67.31138013430319,16.1938359721904,80.969179860952,0.8,2782.946936744247,2226.3575493953977,2145.3883695344457,31.872595172671463,0.6075475159384699,1.5950526315789475,0.0811121302833932,29.85422478706092,183.0693838827535,True,
5,65.25,13.05,67.39419178491859,67.39419178491859,16.236055326760273,81.18027663380136,0.8,2782.946936744247,2226.3575493953977,2145.177272761596,31.830298961187957,0.6088797198026085,1.5950526315789475,0.08121192068109859,29.890953756627837,183.0693838827535,True,
5,65.5,13.1,67.47718482246404,67.47718482246404,16.278296691789894,81.39148345894947,0.8,2782.946936744247,2226.3575493953977,2144.966065936448,31.78801948510396,0.6102119236667469,1.5950526315789475,0.08131192965522108,29.927763175684454,183.0693838827535,True,
5,65.75,13.15,67.56035924693951,67.56035924693951,16.32056004323969,81.60280021619846,0.8,2782.946936744247,2226.3575493953977,2144.7547491791993,31.745757025061362,0.6115441275308855,1.5950526315789475,0.08141215720576067,29.964653044230765,183.0693838827535,True,
5,66.0,13.2,67.64371505834501,67.64371505834501,16.362845357148686,81.81422678574343,0.8,2782.946936744247,2226.3575493953977,2144.5433226096543,31.70351186004365,0.612876331395024,1.5950526315789475,0.08151260333271737,30.00162336226677,183.0693838827535,True,
5,66.25,13.25,67.72725225668053,67.72725225668053,16.405152609634044,82.02576304817022,0.8,2782.946936744247,2226.3575493953977,2144.3317863472275,31.661284267378697,0.6142085352591624,1.5950526315789475,0.08161326803609116,30.038674129792465,183.0693838827535,True,
5,66.5,13.3,67.81097084194609,67.81097084194609,16.447481776890715,82.23740888445357,0.8,2782.946936744247,2226.3575493953977,2144.120140510944,31.6190745227415,0.615540739123301,1.5950526315789475,0.08171415131588207,30.07580534680786,183.0693838827535,True,
5,66.75,13.35,67.89487081414165,67.89487081414165,16.489832835190942,82.4491641759547,0.8,2782.946936744247,2226.3575493953977,2143.908385219443,31.57688290015707,0.6168729429874394,1.5950526315789475,0.08181525317209007,30.113017013312945,183.0693838827535,True,
5,67.0,13.4,67.97895217326726,67.97895217326726,16.532205760883873,82.66102880441936,0.8,2782.946936744247,2226.3575493953977,2143.6965205909783,31.534709672003263,0.6182051468515779,1.5950526315789475,0.08191657360471517,30.15030912930773,183.0693838827535,True,
5,67.25,13.45,68.06321491932289,68.06321491932289,16.574600530395184,82.87300265197592,0.8,2782.946936744247,2226.3575493953977,2143.4845467434216,31.49255510901373,0.6195373507157165,1.5950526315789475,0.08201811261375738,30.187681694792204,183.0693838827535,True,
5,67.5,13.5,68.14765905230853,68.14765905230853,16.61701712022657,83.08508560113285,0.8,2782.946936744247,2226.3575493953977,2143.2724637942647,31.450419480280893,0.6208695545798548,1.5950526315789475,0.08211987019921668,30.22513470976637,183.0693838827535,True,
5,67.75,13.55,68.23228457222423,68.23228457222423,16.659455506955464,83.29727753477732,0.8,2782.946936744247,2226.3575493953977,2143.0602718606206,31.4083030532589,0.6222017584439935,1.5950526315789475,0.08222184636109311,30.262668174230246,183.0693838827535,True,
5,68.0,13.6,68.31709147906992,68.31709147906992,16.701915667234502,83.50957833617251,0.8,2782.946936744247,2226.3575493953977,2142.847971059225,31.366206093766777,0.6235339623081319,1.5950526315789475,0.08232404109938661,30.300282088183796,183.0693838827535,True,
5,68.25,13.65,68.40207977284567,68.40207977284567,16.744397577791233,83.72198788895616,0.8,2782.946936744247,2226.3575493953977,2142.6355615064413,31.324128865991398,0.6248661661722704,1.5950526315789475,0.08242645441409724,30.337976451627057,183.0693838827535,True,
5,68.5,13.7,68.48724945355141,68.48724945355141,16.786901215427644,83.93450607713822,0.8,2782.946936744247,2226.3575493953977,2142.4230433182593,31.282071632490766,0.6261983700364089,1.5950526315789475,0.08252908630522496,30.375751264560005,183.0693838827535,True,
5,68.75,13.75,68.57260052118718,68.57260052118718,16.8294265570198,84.147132785099,0.8,2782.946936744247,2226.3575493953977,2142.2104166102986,31.240034654197053,0.6275305739005473,1.5950526315789475,0.08263193677276977,30.413606526982644,183.0693838827535,True,
5,69.0,13.8,68.658132975753,68.658132975753,16.871973579517448,84.35986789758724,0.8,2782.946936744247,2226.3575493953977,2141.9976814978104,31.198018190419898,0.628862777764686,1.5950526315789475,0.08273500581673171,30.451542238894984,183.0693838827535,True,
5,69.25,13.85,68.74384681724882,68.74384681724882,16.91454225994359,84.57271129971795,0.8,2782.946936744247,2226.3575493953977,2141.78483809568,31.156022498849673,0.6301949816288244,1.5950526315789475,0.08283829343711072,30.48955840029701,183.0693838827535,True,
5,69.5,13.9,68.82974204567469,68.82974204567469,16.957132575394166,84.78566287697083,0.8,2782.946936744247,2226.3575493953977,2141.5718865184267,31.11404783556071,0.6315271854929629,1.5950526315789475,0.08294179963390685,30.527655011188738,183.0693838827535,True,
5,69.75,13.95,68.91581866103058,68.91581866103058,16.999744503037594,84.99872251518796,0.8,2782.946936744247,2226.3575493953977,2141.3588268802096,31.07209445501474,0.6328593893571014,1.5950526315789475,0.0830455244071201,30.565832071570163,183.0693838827535,True,
5,70.0,14.0,69.00207666331649,69.00207666331649,17.042378020114445,85.21189010057222,0.8,2782.946936744247,2226.3575493953977,2141.1456592948252,31.030162610064178,0.6341915932212399,1.5950526315789475,0.08314946775675042,30.604089581441272,183.0693838827535,True,
5,70.25,14.05,69.08851605253244,69.08851605253244,17.08503310393703,85.42516551968515,0.8,2782.946936744247,2226.3575493953977,2140.9323838757127,30.988252551955583,0.6355237970853784,1.5950526315789475,0.08325362968279787,30.64242754080209,183.0693838827535,True,
5,70.5,14.1,69.1751368286784,69.1751368286784,17.12770973188904,85.6385486594452,0.8,2782.946936744247,2226.3575493953977,2140.7190007359522,30.9463645303331,0.6368560009495169,1.5950526315789475,0.0833580101852624,30.680845949652586,183.0693838827535,True,
5,70.75,14.15,69.2619389917544,69.2619389917544,17.17040788142517,85.85203940712586,0.8,2782.946936744247,2226.3575493953977,2140.505509988272,30.904498793241956,0.6381882048136555,1.5950526315789475,0.08346260926414405,30.71934480799279,183.0693838827535,True,
5,71.0,14.2,69.3489225417604,69.3489225417604,17.21312753007074,86.0656376503537,0.8,2782.946936744247,2226.3575493953977,2140.2919117450438,30.862655587131968,0.6395204086777939,1.5950526315789475,0.08356742691944279,30.757924115822675,183.0693838827535,True,
5,71.25,14.25,69.43608747869645,69.43608747869645,17.255868655421338,86.27934327710669,0.8,2782.946936744247,2226.3575493953977,2140.078206118291,30.820835156861108,0.6408526125419324,1.5950526315789475,0.08367246315115863,30.796583873142264,183.0693838827535,True,
5,71.5,14.3,69.52343380256252,69.52343380256252,17.298631235142455,86.49315617571227,0.8,2782.946936744247,2226.3575493953977,2139.8643932196856,30.779037745699114,0.642184816406071,1.5950526315789475,0.08377771795929158,30.835324079951544,183.0693838827535,True,
5,71.75,14.35,69.6109615133586,69.6109615133586,17.34141524696909,86.70707623484545,0.8,2782.946936744247,2226.3575493953977,2139.6504731605523,30.737263595331108,0.6435170202702093,1.5950526315789475,0.08388319134384162,30.874144736250514,183.0693838827535,True,
5,72.0,14.4,69.69867061108474,69.69867061108474,17.38422066870546,86.9211033435273,0.8,2782.946936744247,2226.3575493953977,2139.4364460518705,30.69551294586125,0.6448492241343479,1.5950526315789475,0.08398888330480878,30.91304584203919,183.0693838827535,True,
5,72.25,14.45,69.78656109574088,69.78656109574088,17.427047478224566,87.13523739112283,0.8,2782.946936744247,2226.3575493953977,2139.222312004275,30.653786035816474,0.6461814279984864,1.5950526315789475,0.08409479384219304,30.952027397317554,183.0693838827535,True,
5,72.5,14.5,69.87463296732706,69.87463296732706,17.469895653467887,87.34947826733944,0.8,2782.946936744247,2226.3575493953977,2139.0080711280584,30.612083102150176,0.6475136318626249,1.5950526315789475,0.0842009229559944,30.991089402085617,183.0693838827535,True,
5,72.75,14.55,69.96288622584326,69.96288622584326,17.512765172445004,87.56382586222502,0.8,2782.946936744247,2226.3575493953977,2138.793723533173,30.57040438024602,0.6488458357267635,1.5950526315789475,0.08430727064621286,31.03023185634337,183.0693838827535,True,
5,73.0,14.6,70.05132087128948,70.05132087128948,17.555656013233282,87.77828006616642,0.8,2782.946936744247,2226.3575493953977,2138.5792693292315,30.528750103921706,0.6501780395909019,1.5950526315789475,0.08441383691284843,31.069454760090817,183.0693838827535,True,
5,73.25,14.65,70.13993690366573,70.13993690366573,17.598568153977453,87.99284076988727,0.8,2782.946936744247,2226.3575493953977,2138.3647086255105,30.487120505432806,0.6515102434550404,1.5950526315789475,0.08452062175590108,31.108758113327955,183.0693838827535,True,
5,73.5,14.7,70.228734322972,70.228734322972,17.64150157288936,88.2075078644468,0.8,2782.946936744247,2226.3575493953977,2138.150041530951,30.445515815476636,0.6528424473191788,1.5950526315789475,0.08462762517537085,31.14814191605479,183.0693838827535,True,
5,73.75,14.75,70.3177131292083,70.3177131292083,17.68445624824756,88.4222812412378,0.8,2782.946936744247,2226.3575493953977,2137.93526815416,30.403936263196147,0.6541746511833173,1.5950526315789475,0.08473484717125772,31.187606168271323,183.0693838827535,True,
5,74.0,14.8,70.40687332237465,70.40687332237465,17.727432158396997,88.63716079198498,0.8,2782.946936744247,2226.3575493953977,2137.7203886034126,30.362382076183817,0.6555068550474559,1.5950526315789475,0.0848422877435617,31.227150869977553,183.0693838827535,True,
5,74.25,14.85,70.496214902471,70.496214902471,17.770429281748648,88.85214640874324,0.8,2782.946936744247,2226.3575493953977,2137.505402986654,30.32085348048568,0.6568390589115944,1.5950526315789475,0.08494994689228277,31.26677602117347,183.0693838827535,True,
5,74.5,14.9,70.58573786949738,70.58573786949738,17.81344759677922,89.06723798389609,0.8,2782.946936744247,2226.3575493953977,2137.2903114115015,30.279350700605214,0.6581712627757329,1.5950526315789475,0.08505782461742095,31.306481621859085,183.0693838827535,True,
5,74.75,14.95,70.67544222345379,70.67544222345379,17.856487082030814,89.28243541015406,0.8,2782.946936744247,2226.3575493953977,2137.0751139852437,30.23787395950741,0.6595034666398715,1.5950526315789475,0.08516592091897623,31.346267672034394,183.0693838827535,True,
5,75.0,15.0,70.76532796434022,70.76532796434022,17.899547716110547,89.49773858055273,0.8,2782.946936744247,2226.3575493953977,2136.859810814845,30.19642347862279,0.6608356705040098,1.5950526315789475,0.08527423579694861,31.386134171699396,183.0693838827535,True,
5,75.25,15.05,70.85539509215667,70.85539509215667,17.94262947769029,89.71314738845145,0.8,2782.946936744247,2226.3575493953977,2136.644402006946,30.1549994778515,0.6621678743681484,1.5950526315789475,0.0853827692513381,31.426081120854093,183.0693838827535,True,
5,75.5,15.1,70.94564360690316,70.94564360690316,17.985732345506282,89.9286617275314,0.8,2782.946936744247,2226.3575493953977,2136.428887667866,30.113602175567365,0.6635000782322868,1.5950526315789475,0.08549152128214468,31.466108519498484,183.0693838827535,True,
5,75.75,15.15,71.03607350857966,71.03607350857966,18.02885629835887,90.14428149179436,0.8,2782.946936744247,2226.3575493953977,2136.213267903603,30.072231788622066,0.6648322820964253,1.5950526315789475,0.08560049188936837,31.506216367632568,183.0693838827535,True,
5,76.0,15.2,71.12668479718621,71.12668479718621,18.07200131511214,90.3600065755607,0.8,2782.946936744247,2226.3575493953977,2135.997542819837,30.030888532349216,0.6661644859605639,1.5950526315789475,0.08570968107300916,31.54640466525635,183.0693838827535,True,
5,76.25,15.25,71.21747747272278,71.21747747272278,18.115167374693588,90.57583687346794,0.8,2782.946936744247,2226.3575493953977,2135.78171252193,29.989572620568627,0.6674966898247023,1.5950526315789475,0.08581908883306706,31.58667341236983,183.0693838827535,True,
5,76.5,15.3,71.30845153518936,71.30845153518936,18.158354456093853,90.79177228046927,0.8,2782.946936744247,2226.3575493953977,2135.5657771149286,29.94828426559042,0.6688288936888409,1.5950526315789475,0.08592871516954206,31.627022608972997,183.0693838827535,True,
5,76.75,15.35,71.39960698458597,71.39960698458597,18.20156253836638,91.0078126918319,0.8,2782.946936744247,2226.3575493953977,2135.3497367035657,29.90702367821931,0.6701610975529794,1.5950526315789475,0.08603856008243416,31.66745225506586,183.0693838827535,True,
5,77.0,15.4,71.49094382091262,71.49094382091262,18.244791600627085,91.22395800313542,0.8,2782.946936744247,2226.3575493953977,2135.133591392262,29.865791067758853,0.6714933014171178,1.5950526315789475,0.08614862357174335,31.70796235064842,183.0693838827535,True,
5,77.25,15.45,71.58246204416929,71.58246204416929,18.288041622054074,91.44020811027036,0.8,2782.946936744247,2226.3575493953977,2134.9173412851273,29.824586642015703,0.6728255052812564,1.5950526315789475,0.08625890563746966,31.74855289572067,183.0693838827535,True,
5,77.5,15.5,71.67416165435598,71.67416165435598,18.33131258188733,91.65656290943666,0.8,2782.946936744247,2226.3575493953977,2134.700986485961,29.783410607303907,0.6741577091453949,1.5950526315789475,0.08636940627961306,31.789223890282617,183.0693838827535,True,
5,77.75,15.55,71.76604265147272,71.76604265147272,18.374604459428408,91.87302229714204,0.8,2782.946936744247,2226.3575493953977,2134.4845270982555,29.74226316844926,0.6754899130095334,1.5950526315789475,0.08648012549817358,31.829975334334264,183.0693838827535,True,
5,78.0,15.6,71.85810503551944,71.85810503551944,18.417917234040083,92.08958617020042,0.8,2782.946936744247,2226.3575493953977,2134.267963225197,29.70114452879364,0.6768221168736719,1.5950526315789475,0.0865910632931512,31.8708072278756,183.0693838827535,True,
5,78.25,15.65,71.95034880649621,71.95034880649621,18.461250885146146,92.30625442573073,0.8,2782.946936744247,2226.3575493953977,2134.0512949696667,29.660054890199348,0.6781543207378103,1.5950526315789475,0.0867022196645459,31.911719570906627,183.0693838827535,True,
5,78.5,15.7,72.04277396440303,72.04277396440303,18.504605392231024,92.52302696115513,0.8,2782.946936744247,2226.3575493953977,2133.8345224342424,29.618994453053528,0.6794865246019489,1.5950526315789475,0.08681359461235773,31.952712363427356,183.0693838827535,True,
5,78.75,15.75,72.13538050923982,72.13538050923982,18.547980734839502,92.7399036741975,0.8,2782.946936744247,2226.3575493953977,2133.6176457212,29.577963416272613,0.6808187284660873,1.5950526315789475,0.08692518813658663,31.99378560543777,183.0693838827535,True,
5,79.0,15.8,72.22816844100669,72.22816844100669,18.591376892576456,92.95688446288227,0.8,2782.946936744247,2226.3575493953977,2133.4006649325156,29.536961977306664,0.682150932330226,1.5950526315789475,0.08703700023723267,32.034939296937885,183.0693838827535,True,
5,79.25,15.85,72.32113775970357,72.32113775970357,18.63479384510651,93.17396922553256,0.8,2782.946936744247,2226.3575493953977,2133.1835801698653,29.495990332143922,0.6834831361943643,1.5950526315789475,0.08714903091429578,32.07617343792769,183.0693838827535,True,
5,79.5,15.9,72.41428846533046,72.41428846533046,18.678231572153795,93.39115786076897,0.8,2782.946936744247,2226.3575493953977,2132.9663915346287,29.455048675315254,0.6848153400585029,1.5950526315789475,0.08726128016777601,32.117488028407195,183.0693838827535,True,
5,79.75,15.95,72.50762055788738,72.50762055788738,18.721690053501625,93.60845026750812,0.8,2782.946936744247,2226.3575493953977,2132.7490991278896,29.41413719989863,0.6861475439226413,1.5950526315789475,0.08737374799767333,32.15888306837639,183.0693838827535,True,
5,80.0,16.0,72.60113403737434,72.60113403737434,18.765169268992217,93.82584634496109,0.8,2782.946936744247,2226.3575493953977,2132.5317030504366,29.373256097523637,0.6874797477867798,1.5950526315789475,0.08748643440398776,32.20035855783528,183.0693838827535,True,
5,80.25,16.05,72.69482890379132,72.69482890379132,18.80866919852642,94.0433459926321,0.8,2782.946936744247,2226.3575493953977,2132.3142034027655,29.332405558376067,0.6888119516509185,1.5950526315789475,0.08759933938671931,32.24191449678387,183.0693838827535,True,
5,80.5,16.1,72.78870515713832,72.78870515713832,18.852189822063405,94.26094911031703,0.8,2782.946936744247,2226.3575493953977,2132.0966002850805,29.29158577120241,0.6901441555150568,1.5950526315789475,0.08771246294586793,32.28355088522215,183.0693838827535,True,
5,80.75,16.15,72.88276279741535,72.88276279741535,18.895731119620418,94.4786555981021,0.8,2782.946936744247,2226.3575493953977,2131.8788937972954,29.25079692331447,0.6914763593791953,1.5950526315789475,0.08782580508143367,32.32526772315012,183.0693838827535,True,
5,81.0,16.2,72.97700182462242,72.97700182462242,18.93929307127249,94.69646535636245,0.8,2782.946936744247,2226.3575493953977,2131.6610840390354,29.210039200593926,0.6928085632433338,1.5950526315789475,0.08793936579341652,32.36706501056779,183.0693838827535,True,
5,81.25,16.25,73.07142223875951,73.07142223875951,18.982875657152107,94.91437828576053,0.8,2782.946936744247,2226.3575493953977,2131.443171109637,29.169312787496956,0.6941407671074723,1.5950526315789475,0.08805314508181646,32.40894274747516,183.0693838827535,True,
5,81.5,16.3,73.16602403982661,73.16602403982661,19.026478857449018,95.13239428724509,0.8,2782.946936744247,2226.3575493953977,2131.2251551081526,29.128617867058875,0.6954729709716109,1.5950526315789475,0.0881671429466335,32.45090093387221,183.0693838827535,True,
5,81.75,16.35,73.26080722782373,73.26080722782373,19.070102652409897,95.35051326204949,0.8,2782.946936744247,2226.3575493953977,2131.0070361333483,29.087954620898756,0.6968051748357493,1.5950526315789475,0.08828135938786764,32.49293956975896,183.0693838827535,True,
5,82.0,16.4,73.35577180275091,73.35577180275091,19.113747022338107,95.56873511169053,0.8,2782.946936744247,2226.3575493953977,2130.7888142837073,29.04732322922408,0.6981373786998878,1.5950526315789475,0.0883957944055189,32.535058655135416,183.0693838827535,True,
5,82.25,16.45,73.45091776460808,73.45091776460808,19.157411947593424,95.78705973796713,0.8,2782.946936744247,2226.3575493953977,2130.5704896574307,29.006723870835476,0.6994695825640264,1.5950526315789475,0.08851044799958725,32.57725819000155,183.0693838827535,True,
5,82.5,16.5,73.54624511339529,73.54624511339529,19.20109740859173,96.00548704295863,0.8,2782.946936744247,2226.3575493953977,2130.352062352439,28.966156723131324,0.7008017864281647,1.5950526315789475,0.08862532017007269,32.61953817435738,183.0693838827535,True,
5,82.75,16.55,73.64175384911255,73.64175384911255,19.244803385804815,96.22401692902407,0.8,2782.946936744247,2226.3575493953977,2130.1335324663737,28.925621962112515,0.7021339902923033,1.5950526315789475,0.08874041091697525,32.66189860820292,183.0693838827535,True,
5,83.0,16.6,73.73744397175982,73.73744397175982,19.288529859760043,96.44264929880022,0.8,2782.946936744247,2226.3575493953977,2129.9149000965976,28.88511976238719,0.7034661941564418,1.5950526315789475,0.08885572024029492,32.70433949153814,183.0693838827535,True,
5,83.25,16.65,73.83331548133711,73.83331548133711,19.332276811040135,96.66138405520067,0.8,2782.946936744247,2226.3575493953977,2129.696165340197,28.844650297175416,0.7047983980205803,1.5950526315789475,0.08897124814003168,32.74686082436306,183.0693838827535,True,
5,83.5,16.7,73.92936837784441,73.92936837784441,19.37604422028289,96.88022110141445,0.8,2782.946936744247,2226.3575493953977,2129.477328293983,28.804213738314008,0.7061306018847189,1.5950526315789475,0.08908699461618555,32.789462606677674,183.0693838827535,True,
5,83.75,16.75,74.02560266128177,74.02560266128177,19.419832068180916,97.09916034090458,0.8,2782.946936744247,2226.3575493953977,2129.258389054493,28.763810256261202,0.7074628057488572,1.5950526315789475,0.0892029596687565,32.83214483848198,183.0693838827535,True,
5,84.0,16.8,74.12201833164914,74.12201833164914,19.46364033548141,97.31820167740706,0.8,2782.946936744247,2226.3575493953977,2129.0393477179905,28.723440020101535,0.7087950096129959,1.5950526315789475,0.0893191432977446,32.87490751977599,183.0693838827535,True,
5,84.25,16.85,74.21861538894652,74.21861538894652,19.507469002985836,97.53734501492917,0.8,2782.946936744247,2226.3575493953977,2128.8202043804686,28.68310319755058,0.7101272134771344,1.5950526315789475,0.08943554550314975,32.917750650559675,183.0693838827535,True,
5,84.5,16.9,74.31539383317394,74.31539383317394,19.55131805154974,97.7565902577487,0.8,2782.946936744247,2226.3575493953977,2128.600959137649,28.64279995495973,0.7114594173412727,1.5950526315789475,0.08955216628497202,32.96067423083307,183.0693838827535,True,
5,84.75,16.95,74.41235366433139,74.41235366433139,19.59518746208245,97.97593731041225,0.8,2782.946936744247,2226.3575493953977,2128.3816120849856,28.60253045732107,0.7127916212054113,1.5950526315789475,0.0896690056432114,33.00367826059615,183.0693838827535,True,
5,85.0,17.0,74.50949488241886,74.50949488241886,19.639077215546838,98.19538607773418,0.8,2782.946936744247,2226.3575493953977,2128.1621633176633,28.56229486827216,0.7141238250695497,1.5950526315789475,0.08978606357786786,33.04676273984893,183.0693838827535,True,
5,85.25,17.05,74.60681748743636,74.60681748743636,19.68298729295909,98.41493646479546,0.8,2782.946936744247,2226.3575493953977,2127.942612930602,28.522093350100928,0.7154560289336884,1.5950526315789475,0.08990334008894146,33.08992766859141,183.0693838827535,True,
5,85.5,17.1,74.70432147938389,74.70432147938389,19.726917675388414,98.63458837694208,0.8,2782.946936744247,2226.3575493953977,2127.7229610184554,28.481926063750432,0.7167882327978269,1.5950526315789475,0.09002083517643215,33.13317304682358,183.0693838827535,True,
5,85.75,17.15,74.80200685826145,74.80200685826145,19.770868343956835,98.85434171978417,0.8,2782.946936744247,2226.3575493953977,2127.5032076756133,28.441793168823825,0.7181204366619652,1.5950526315789475,0.09013854884033992,33.17649887454544,183.0693838827535,True,
5,86.0,17.2,74.89987362406902,74.89987362406902,19.814839279838928,99.07419639919465,0.8,2782.946936744247,2226.3575493953977,2127.283352996203,28.401694823589157,0.7194526405261038,1.5950526315789475,0.09025648108066482,33.219905151757,183.0693838827535,True,
5,86.25,17.25,74.9979217768066,74.9979217768066,19.858830464261583,99.29415232130792,0.8,2782.946936744247,2226.3575493953977,2127.0633970740896,28.361631184984276,0.7207848443902422,1.5950526315789475,0.0903746318974068,33.26339187845824,183.0693838827535,True,
5,86.5,17.3,75.09615131647428,75.09615131647428,19.90284187850377,99.51420939251886,0.8,2782.946936744247,2226.3575493953977,2126.843340002879,28.321602408621718,0.7221170482543809,1.5950526315789475,0.09049300129056592,33.3069590546492,183.0693838827535,True,
5,86.75,17.35,75.1945622430719,75.1945622430719,19.946873503896263,99.73436751948131,0.8,2782.946936744247,2226.3575493953977,2126.6231818759165,28.281608648793675,0.7234492521185193,1.5950526315789475,0.0906115892601421,33.35060668032983,183.0693838827535,True,
5,87.0,17.4,75.29315455659959,75.29315455659959,19.990925321821454,99.95462660910727,0.8,2782.946936744247,2226.3575493953977,2126.40292278629,28.241650058476758,0.7247814559826578,1.5950526315789475,0.0907303958061354,33.39433475550017,183.0693838827535,True,
5,87.25,17.45,75.39192825705732,75.39192825705732,20.034997313713088,100.17498656856544,0.8,2782.946936744247,2226.3575493953977,2126.182562826832,28.201726789337073,0.7261136598467963,1.5950526315789475,0.09084942092854581,33.438143280160205,183.0693838827535,True,
5,87.5,17.5,75.49088334444504,75.49088334444504,20.07908946105601,100.39544730528006,0.8,2782.946936744247,2226.3575493953977,2125.9621020901177,28.161838991735095,0.7274458637109347,1.5950526315789475,0.09096866462737328,33.48203225430992,183.0693838827535,True,
5,87.75,17.55,75.59001981876281,75.59001981876281,20.123201745385977,100.61600872692989,0.8,2782.946936744247,2226.3575493953977,2125.7415406684677,28.121986814730537,0.7287780675750734,1.5950526315789475,0.09108812690261792,33.526001677949345,183.0693838827535,True,
5,88.0,17.6,75.68933768001058,75.68933768001058,20.167334148289353,100.83667074144677,0.8,2782.946936744247,2226.3575493953977,2125.520878653951,28.082170406087425,0.7301102714392118,1.5950526315789475,0.09120780775427961,33.57005155107846,183.0693838827535,True,
5,88.25,17.65,75.78883692818837,75.78883692818837,20.211486651402975,101.05743325701488,0.8,2782.946936744247,2226.3575493953977,2125.3001161383827,28.04238991227893,0.7314424753033502,1.5950526315789475,0.09132770718235841,33.614181873697255,183.0693838827535,True,
5,88.5,17.7,75.88851756329622,75.88851756329622,20.255659236413855,101.27829618206928,0.8,2782.946936744247,2226.3575493953977,2125.0792532133282,28.002645478492404,0.7327746791674887,1.5950526315789475,0.09144782518685433,33.65839264580576,183.0693838827535,True,
5,88.75,17.75,75.98837958533407,75.98837958533407,20.299851885058935,101.49925942529467,0.8,2782.946936744247,2226.3575493953977,2124.858289970103,27.962937248634336,0.7341068830316272,1.5950526315789475,0.09156816176776733,33.70268386740395,183.0693838827535,True,
5,89.0,17.8,76.088422994302,76.088422994302,20.34406457912495,101.72032289562475,0.8,2782.946936744247,2226.3575493953977,2124.637226499773,27.923265365335276,0.7354390868957659,1.5950526315789475,0.09168871692509747,33.74705553849185,183.0693838827535,True,
5,89.25,17.85,76.18864779019992,76.18864779019992,20.388297300448087,101.94148650224044,0.8,2782.946936744247,2226.3575493953977,2124.4160628931572,27.883629969954907,0.7367712907599043,1.5950526315789475,0.0918094906588447,33.79150765906944,183.0693838827535,True,
5,89.5,17.9,76.28905397302783,76.28905397302783,20.432550030913873,102.16275015456937,0.8,2782.946936744247,2226.3575493953977,2124.194799240828,27.844031202586965,0.7381034946240427,1.5950526315789475,0.09193048296900899,33.83604022913671,183.0693838827535,True,
5,89.75,17.95,76.3896415427858,76.3896415427858,20.476822752456865,102.38411376228433,0.8,2782.946936744247,2226.3575493953977,2123.9734356331132,27.804469202064222,0.7394356984881812,1.5950526315789475,0.09205169385559042,33.880653248693676,183.0693838827535,True,
5,90.0,18.0,76.4904104994738,76.4904104994738,20.521115447060467,102.60557723530233,0.8,2782.946936744247,2226.3575493953977,2123.751972160095,27.764944105963522,0.7407679023523197,1.5950526315789475,0.09217312331858896,33.92534671774035,183.0693838827535,True,
5,90.25,18.05,76.59136084309182,76.59136084309182,20.565428096756733,102.82714048378367,0.8,2782.946936744247,2226.3575493953977,2123.530408911614,27.725456050610784,0.7421001062164584,1.5950526315789475,0.0922947713580046,33.97012063627672,183.0693838827535,True,
5,90.5,18.1,76.69249257363985,76.69249257363985,20.609760683626085,103.04880341813043,0.8,2782.946936744247,2226.3575493953977,2123.3087459772673,27.686005171085995,0.7434323100805967,1.5950526315789475,0.09241663797383731,34.01497500430277,183.0693838827535,True,
5,90.75,18.15,76.79380569111794,76.79380569111794,20.654113189797158,103.27056594898579,0.8,2782.946936744247,2226.3575493953977,2123.086983446412,27.646591601228206,0.7447645139447352,1.5950526315789475,0.09253872316608715,34.05990982181852,183.0693838827535,True,
5,91.0,18.2,76.89530019552603,76.89530019552603,20.698485597446552,103.49242798723276,0.8,2782.946936744247,2226.3575493953977,2122.8651214081647,27.60721547364059,0.7460967178088738,1.5950526315789475,0.09266102693475409,34.10492508882397,183.0693838827535,True,
5,91.25,18.25,76.99697608686415,76.99697608686415,20.74287788879863,103.71438944399316,0.8,2782.946936744247,2226.3575493953977,2122.6431599514044,27.567876919695447,0.7474289216730121,1.5950526315789475,0.09278354927983812,34.1500208053191,183.0693838827535,True,
5,91.5,18.3,77.09883336513231,77.09883336513231,20.7872900461253,103.93645023062649,0.8,2782.946936744247,2226.3575493953977,2122.421099164771,27.52857606953919,0.7487611255371509,1.5950526315789475,0.09290629020133928,34.19519697130394,183.0693838827535,True,
5,91.75,18.35,77.20087203033049,77.20087203033049,20.8317220517458,104.158610258729,0.8,2782.946936744247,2226.3575493953977,2122.1989391366687,27.489313052097447,0.7500933294012893,1.5950526315789475,0.09302924969925752,34.24045358677847,183.0693838827535,True,
5,92.0,18.4,77.30309208245866,77.30309208245866,20.87617388802648,104.38086944013239,0.8,2782.946936744247,2226.3575493953977,2121.9766799552654,27.45008799508004,0.7514255332654277,1.5950526315789475,0.09315242777359285,34.28579065174269,183.0693838827535,True,
5,92.25,18.45,77.4054935215169,77.4054935215169,20.92064553738064,104.6032276869032,0.8,2782.946936744247,2226.3575493953977,2121.7543217084944,27.410901024985996,0.7527577371295662,1.5950526315789475,0.0932758244243453,34.3312081661966,183.0693838827535,True,
5,92.5,18.5,77.50807634750514,77.50807634750514,20.96513698226826,104.8256849113413,0.8,2782.946936744247,2226.3575493953977,2121.5318644840563,27.37175226710868,0.7540899409937046,1.5950526315789475,0.09339943965151484,34.376706130140214,183.0693838827535,True,
5,92.75,18.55,77.61084056042345,77.61084056042345,21.009648205195823,105.04824102597911,0.8,2782.946936744247,2226.3575493953977,2121.3093083694184,27.33264184554071,0.7554221448578433,1.5950526315789475,0.09352327345510153,34.42228454357353,183.0693838827535,True,
5,93.0,18.6,77.71378616027174,77.71378616027174,21.05417918871611,105.27089594358054,0.8,2782.946936744247,2226.3575493953977,2121.0866534518173,27.29356988317915,0.7567543487219818,1.5950526315789475,0.09364732583510527,34.46794340649652,183.0693838827535,True,
5,93.25,18.65,77.81691314705007,77.81691314705007,21.098729915427995,105.49364957713998,0.8,2782.946936744247,2226.3575493953977,2120.863899818258,27.254536501730364,0.7580865525861201,1.5950526315789475,0.09377159679152611,34.513682718909216,183.0693838827535,True,
5,93.5,18.7,77.92022152075843,77.92022152075843,21.143300367976256,105.71650183988127,0.8,2782.946936744247,2226.3575493953977,2120.6410475555163,27.21554182171523,0.7594187564502587,1.5950526315789475,0.09389608632436408,34.55950248081161,183.0693838827535,True,
5,93.75,18.75,78.02371128139683,78.02371128139683,21.187890529051323,105.93945264525661,0.8,2782.946936744247,2226.3575493953977,2120.418096750141,27.1765859624741,0.7607509603143972,1.5950526315789475,0.09402079443361915,34.6054026922037,183.0693838827535,True,
5,94.0,18.8,78.12738242896523,78.12738242896523,21.232500381389162,106.1625019069458,0.8,2782.946936744247,2226.3575493953977,2120.195047488452,27.137669042171865,0.7620831641785358,1.5950526315789475,0.09414572111929131,34.65138335308548,183.0693838827535,True,
5,94.25,18.85,78.23123496346366,78.23123496346366,21.27712990777098,106.3856495388549,0.8,2782.946936744247,2226.3575493953977,2119.9718998565427,27.098791177803,0.7634153680426742,1.5950526315789475,0.09427086638138057,34.69744446345695,183.0693838827535,True,
5,94.5,18.9,78.33526888489212,78.33526888489212,21.321779091023103,106.60889545511552,0.8,2782.946936744247,2226.3575493953977,2119.748653940282,27.05995248519662,0.7647475719068126,1.5950526315789475,0.09439623021988694,34.74358602331811,183.0693838827535,True,
5,94.75,18.95,78.43948419325062,78.43948419325062,21.366447914016756,106.83223957008379,0.8,2782.946936744247,2226.3575493953977,2119.525309825314,27.02115307902152,0.7660797757709512,1.5950526315789475,0.09452181263481042,34.78980803266897,183.0693838827535,True,
5,95.0,19.0,78.54388088853915,78.54388088853915,21.41113635966784,107.0556817983392,0.8,2782.946936744247,2226.3575493953977,2119.3018675970584,26.982393072791233,0.7674119796350898,1.5950526315789475,0.09464761362615101,34.83611049150954,183.0693838827535,True,
5,95.25,19.05,78.64845897075769,78.64845897075769,21.45584441093679,107.27922205468396,0.8,2782.946936744247,2226.3575493953977,2119.0783273407137,26.94367257886908,0.7687441834992284,1.5950526315789475,0.09477363319390869,34.88249339983979,183.0693838827535,True,
5,95.5,19.1,78.75321843990623,78.75321843990623,21.500572050828325,107.50286025414162,0.8,2782.946936744247,2226.3575493953977,2118.854689141256,26.9049917084732,0.7700763873633667,1.5950526315789475,0.09489987133808345,34.928956757659726,183.0693838827535,True,
5,95.75,19.15,78.85815929598482,78.85815929598482,21.5453192623913,107.7265963119565,0.8,2782.946936744247,2226.3575493953977,2118.630953083441,26.866350571681608,0.7714085912275052,1.5950526315789475,0.09502632805867534,34.975500564969366,183.0693838827535,True,
5,96.0,19.2,78.96328153899344,78.96328153899344,21.590086028718517,107.95043014359258,0.8,2782.946936744247,2226.3575493953977,2118.407119251805,26.827749277437242,0.7727407950916437,1.5950526315789475,0.09515300335568433,35.0221248217687,183.0693838827535,True,
5,96.25,19.25,79.06858516893209,79.06858516893209,21.63487233294649,108.17436166473244,0.8,2782.946936744247,2226.3575493953977,2118.1831877306654,26.789187933553027,0.7740729989557822,1.5950526315789475,0.0952798972291104,35.06882952805773,183.0693838827535,True,
5,96.5,19.3,79.17407018580074,79.17407018580074,21.679678158255292,108.39839079127646,0.8,2782.946936744247,2226.3575493953977,2117.959158604121,26.750666646716876,0.7754052028199208,1.5950526315789475,0.0954070096789536,35.11561468383645,183.0693838827535,True,
5,96.75,19.35,79.27973658959947,79.27973658959947,21.724503487868372,108.62251743934186,0.8,2782.946936744247,2226.3575493953977,2117.735031956056,26.712185522496767,0.7767374066840592,1.5950526315789475,0.0955343407052139,35.16248028910487,183.0693838827535,True,
5,97.0,19.4,79.38558438032815,79.38558438032815,21.769348305052347,108.84674152526173,0.8,2782.946936744247,2226.3575493953977,2117.510807870136,26.673744665345787,0.7780696105481976,1.5950526315789475,0.09566189030789127,35.20942634386297,183.0693838827535,True,
5,97.25,19.45,79.49161355798691,79.49161355798691,21.81421259311685,109.07106296558425,0.8,2782.946936744247,2226.3575493953977,2117.2864864298135,26.63534417860712,0.7794018144123361,1.5950526315789475,0.09578965848698577,35.25645284811078,183.0693838827535,True,
5,97.5,19.5,79.5978241225757,79.5978241225757,21.859096335414293,109.29548167707146,0.8,2782.946936744247,2226.3575493953977,2117.062067718326,26.596984164519146,0.7807340182764747,1.5950526315789475,0.09591764524249738,35.30355980184829,183.0693838827535,True,
5,97.75,19.55,79.7042160740945,79.7042160740945,21.903999515339738,109.51999757669869,0.8,2782.946936744247,2226.3575493953977,2116.837551818699,26.55866472422046,0.7820662221406133,1.5950526315789475,0.09604585057442609,35.35074720507548,183.0693838827535,True,
5,98.0,19.6,79.8107894125433,79.8107894125433,21.948922116330696,109.74461058165348,0.8,2782.946936744247,2226.3575493953977,2116.612938813744,26.52038595775487,0.7833984260047517,1.5950526315789475,0.09617427448277188,35.398015057792364,183.0693838827535,True,
5,98.25,19.65,79.91754413792218,79.91754413792218,21.99386412186692,109.9693206093346,0.8,2782.946936744247,2226.3575493953977,2116.388228786063,26.482147964076415,0.7847306298688901,1.5950526315789475,0.09630291696753479,35.44536335999895,183.0693838827535,True,
5,98.5,19.7,80.02448025023105,80.02448025023105,22.038825515470283,110.19412757735141,0.8,2782.946936744247,2226.3575493953977,2116.163421818046,26.443950841054495,0.7860628337330288,1.5950526315789475,0.0964317780287148,35.49279211169523,183.0693838827535,True,
5,98.75,19.75,80.13159774946996,80.13159774946996,22.083806280704536,110.41903140352268,0.8,2782.946936744247,2226.3575493953977,2115.938517991875,26.40579468547875,0.7873950375971672,1.5950526315789475,0.09656085766631192,35.540301312881205,183.0693838827535,True,
5,99.0,19.8,80.2388966356389,80.2388966356389,22.12880640117518,110.6440320058759,0.8,2782.946936744247,2226.3575493953977,2115.7135173895217,26.367679593064178,0.7887272414613058,1.5950526315789475,0.09669015588032613,35.58789096355687,183.0693838827535,True,
5,99.25,19.85,80.34637690873785,80.34637690873785,22.173825860529256,110.86912930264629,0.8,2782.946936744247,2226.3575493953977,2115.4884200927513,26.329605658456106,0.7900594453254441,1.5950526315789475,0.09681967267075745,35.635561063722236,183.0693838827535,True,
5,99.5,19.9,80.4540385687668,80.4540385687668,22.218864642455195,111.09432321227598,0.8,2782.946936744247,2226.3575493953977,2115.263226183122,26.291572975235226,0.7913916491895826,1.5950526315789475,0.09694940803760585,35.68331161337728,183.0693838827535,True,
5,99.75,19.95,80.56188161572584,80.56188161572584,22.263922730682633,111.31961365341317,0.8,2782.946936744247,2226.3575493953977,2115.0379357419843,26.253581635922522,0.7927238530537213,1.5950526315789475,0.09707936198087139,35.731142612522035,183.0693838827535,True,
5,100.0,20.0,80.66990604961485,80.66990604961485,22.30900010898224,111.5450005449112,0.8,2782.946936744247,2226.3575493953977,2114.8125488504866,26.215631731984438,0.7940560569178597,1.5950526315789475,0.097209534500554,35.77905406115647,183.0693838827535,True,
5,100.25,20.05,80.77811187043392,80.77811187043392,22.354096761165525,111.77048380582762,0.8,2782.946936744247,2226.3575493953977,2114.58706558957,26.177723353837674,0.7953882607819982,1.5950526315789475,0.09733992559665372,35.82704595928062,183.0693838827535,True,
5,100.5,20.1,80.88649907818301,80.88649907818301,22.39921267108471,111.99606335542356,0.8,2782.946936744247,2226.3575493953977,2114.361486039974,26.13985659085432,0.7967204646461367,1.5950526315789475,0.09747053526917056,35.87511830689445,183.0693838827535,True,
5,100.75,20.15,80.9950676728621,80.9950676728621,22.444347822632523,112.22173911316261,0.8,2782.946936744247,2226.3575493953977,2114.135810282235,26.10203153136681,0.7980526685102751,1.5950526315789475,0.09760136351810447,35.92327110399797,183.0693838827535,True,
5,101.0,20.2,81.10381765447127,81.10381765447127,22.48950219974205,112.44751099871024,0.8,2782.946936744247,2226.3575493953977,2113.9100383966875,26.064248262672837,0.7993848723744138,1.5950526315789475,0.09773241034345553,35.9715043505912,183.0693838827535,True,
5,101.25,20.25,81.21274902301043,81.21274902301043,22.534675786386543,112.67337893193272,0.8,2782.946936744247,2226.3575493953977,2113.684170463465,26.026506871040453,0.8007170762385522,1.5950526315789475,0.09786367574522366,36.01981804667412,183.0693838827535,True,
5,101.5,20.3,81.32186177847962,81.32186177847962,22.579868566579282,112.89934283289641,0.8,2782.946936744247,2226.3575493953977,2113.4582065625013,25.98880744171293,0.8020492801026907,1.5950526315789475,0.0979951597234089,36.068212192246726,183.0693838827535,True,
5,101.75,20.35,81.43115592087882,81.43115592087882,22.625080524373395,113.12540262186698,0.8,2782.946936744247,2226.3575493953977,2113.2321467735305,25.951150058913765,0.8033814839668292,1.5950526315789475,0.09812686227801123,36.11668678730903,183.0693838827535,True,
5,102.0,20.4,81.54063145020805,81.54063145020805,22.670311643861673,113.35155821930837,0.8,2782.946936744247,2226.3575493953977,2113.005991176089,25.91353480585166,0.8047136878309675,1.5950526315789475,0.09825878340903066,36.165241831861024,183.0693838827535,True,
5,102.25,20.45,81.65028836646736,81.65028836646736,22.715561909176454,113.57780954588227,0.8,2782.946936744247,2226.3575493953977,2112.7797398495154,25.875961764725435,0.8060458916951063,1.5950526315789475,0.09839092311646724,36.213877325902736,183.0693838827535,True,
5,102.5,20.5,81.76012666965664,81.76012666965664,22.760831304489408,113.80415652244704,0.8,2782.946936744247,2226.3575493953977,2112.5533928729506,25.83843101672903,0.8073780955592447,1.5950526315789475,0.09852328140032086,36.26259326943411,183.0693838827535,True,
5,102.75,20.55,81.87014635977596,81.87014635977596,22.806119814011403,114.03059907005701,0.8,2782.946936744247,2226.3575493953977,2112.3269503253405,25.80094264205638,0.8087102994233832,1.5950526315789475,0.09865585826059162,36.3113896624552,183.0693838827535,True,
5,103.0,20.6,81.9803474368253,81.9803474368253,22.851427421992327,114.25713710996163,0.8,2782.946936744247,2226.3575493953977,2112.100412285436,25.763496719906406,0.8100425032875216,1.5950526315789475,0.09878865369727946,36.36026650496597,183.0693838827535,True,
5,103.25,20.65,82.09072990080466,82.09072990080466,22.89675411272097,114.48377056360485,0.8,2782.946936744247,2226.3575493953977,2111.8737788317926,25.726093328487895,0.81137470715166,1.5950526315789475,0.09892166771038441,36.40922379696644,183.0693838827535,True,
5,103.5,20.7,82.20129375171409,82.20129375171409,22.942099870524824,114.71049935262413,0.8,2782.946936744247,2226.3575493953977,2111.6470500427736,25.68873254502446,0.8127069110157987,1.5950526315789475,0.09905490029990649,36.45826153845662,183.0693838827535,True,
5,103.75,20.75,82.3120389895535,82.3120389895535,22.98746467976988,114.9373233988494,0.8,2782.946936744247,2226.3575493953977,2111.420225996548,25.651414445759457,0.8140391148799372,1.5950526315789475,0.09918835146584565,36.50737972943647,183.0693838827535,True,
5,104.0,20.8,82.42296561432298,82.42296561432298,23.0328485248606,115.164242624303,0.8,2782.946936744247,2226.3575493953977,2111.1933067710947,25.614139105960827,0.8153713187440758,1.5950526315789475,0.09932202120820191,36.556578369906035,183.0693838827535,True,
5,104.25,20.85,82.53407362602242,82.53407362602242,23.07825139023964,115.3912569511982,0.8,2782.946936744247,2226.3575493953977,2110.9662924441996,25.5769065999261,0.8167035226082141,1.5950526315789475,0.09945590952697526,36.60585745986528,183.0693838827535,True,
5,104.5,20.9,82.6453630246519,82.6453630246519,23.123673260387733,115.61836630193866,0.8,2782.946936744247,2226.3575493953977,2110.739183093459,25.539717000987174,0.8180357264723526,1.5950526315789475,0.09959001642216572,36.65521699931421,183.0693838827535,True,
5,104.75,20.95,82.75683381021146,82.75683381021146,23.16911411982357,115.84557059911785,0.8,2782.946936744247,2226.3575493953977,2110.51197879628,25.502570381515266,0.8193679303364912,1.5950526315789475,0.09972434189377331,36.704656988252864,183.0693838827535,True,
5,105.0,21.0,82.868485982701,82.868485982701,23.214573953103578,116.0728697655179,0.8,2782.946936744247,2226.3575493953977,2110.28467962988,25.465466812925808,0.8207001342006296,1.5950526315789475,0.09985888594179797,36.75417742668119,183.0693838827535,True,
5,105.25,21.05,82.98031954212058,82.98031954212058,23.26005274482182,116.3002637241091,0.8,2782.946936744247,2226.3575493953977,2110.0572856712884,25.42840636568324,0.8220323380647682,1.5950526315789475,0.09999364856623974,36.803778314599214,183.0693838827535,True,
5,105.5,21.1,83.09233448847019,83.09233448847019,23.305550479609835,116.52775239804917,0.8,2782.946936744247,2226.3575493953977,2109.8297969973487,25.391389109305944,0.8233645419289066,1.5950526315789475,0.10012862976709863,36.85345965200694,183.0693838827535,True,
5,105.75,21.15,83.20453082174981,83.20453082174981,23.351067142136444,116.75533571068222,0.8,2782.946936744247,2226.3575493953977,2109.6022136847155,25.35441511237104,0.824696745793045,1.5950526315789475,0.10026382954437459,36.90322143890435,183.0693838827535,True,
5,106.0,21.2,83.3169085419595,83.3169085419595,23.396602717107687,116.98301358553843,0.8,2782.946936744247,2226.3575493953977,2109.374535809859,25.317484442519252,0.8260289496571838,1.5950526315789475,0.1003992478980677,36.953063675291475,183.0693838827535,True,
5,106.25,21.25,83.42946764909917,83.42946764909917,23.442157189266553,117.21078594633276,0.8,2782.946936744247,2226.3575493953977,2109.146763449065,25.28059716645979,0.8273611535213221,1.5950526315789475,0.10053488482817786,37.00298636116827,183.0693838827535,True,
5,106.5,21.3,83.54220814316888,83.54220814316888,23.48773054339295,117.43865271696475,0.8,2782.946936744247,2226.3575493953977,2108.9188966784327,25.243753349975055,0.8286933573854607,1.5950526315789475,0.10067074033470516,37.05298949653477,183.0693838827535,True,
5,106.75,21.35,83.65513002416861,83.65513002416861,23.533322764303445,117.66661382151723,0.8,2782.946936744247,2226.3575493953977,2108.6909355738803,25.206953057925595,0.8300255612495991,1.5950526315789475,0.10080681441764955,37.10307308139097,183.0693838827535,True,
5,107.0,21.4,83.76823329209836,83.76823329209836,23.57893383685123,117.89466918425616,0.8,2782.946936744247,2226.3575493953977,2108.4628802111415,25.170196354254823,0.8313577651137375,1.5950526315789475,0.10094310707701101,37.15323711573684,183.0693838827535,True,
5,107.25,21.45,83.88151794695817,83.88151794695817,23.624563745925915,118.12281872962957,0.8,2782.946936744247,2226.3575493953977,2108.234730665768,25.13348330199382,0.8326899689778762,1.5950526315789475,0.10107961831278964,37.203481599572434,183.0693838827535,True,
5,107.5,21.5,83.99498398874796,83.99498398874796,23.670212476453337,118.35106238226669,0.8,2782.946936744247,2226.3575493953977,2108.006487013131,25.096813963266204,0.8340221728420146,1.5950526315789475,0.10121634812498531,37.253806532897705,183.0693838827535,True,
5,107.75,21.55,84.10863141746783,84.10863141746783,23.715880013395516,118.57940006697758,0.8,2782.946936744247,2226.3575493953977,2107.77814932842,25.060188399292784,0.8353543767061532,1.5950526315789475,0.10135329651359812,37.304211915712685,183.0693838827535,True,
5,108.0,21.6,84.22246023311767,84.22246023311767,23.76156634175043,118.80783170875216,0.8,2782.946936744247,2226.3575493953977,2107.5497176866456,25.02360667039648,0.8366865805702915,1.5950526315789475,0.101490463478628,37.35469774801734,183.0693838827535,True,
5,108.25,21.65,84.33647043569756,84.33647043569756,23.807271446551923,119.03635723275961,0.8,2782.946936744247,2226.3575493953977,2107.321192162638,24.987068836006927,0.83801878443443,1.5950526315789475,0.10162784902007502,37.405264029811704,183.0693838827535,True,
5,108.5,21.7,84.45066202520749,84.45066202520749,23.852995312869528,119.26497656434763,0.8,2782.946936744247,2226.3575493953977,2107.09257283105,24.950574954665345,0.8393509882985687,1.5950526315789475,0.10176545313793914,37.45591076109576,183.0693838827535,True,
5,108.75,21.75,84.56503500164743,84.56503500164743,23.898737925808327,119.49368962904163,0.8,2782.946936744247,2226.3575493953977,2106.863859766356,24.914125084029255,0.8406831921627071,1.5950526315789475,0.10190327583222034,37.506637941869506,183.0693838827535,True,
5,109.0,21.8,84.6795893650174,84.6795893650174,23.94449927050886,119.7224963525443,0.8,2782.946936744247,2226.3575493953977,2106.6350530428535,24.877719280877155,0.8420153960268456,1.5950526315789475,0.10204131710291864,37.55744557213295,183.0693838827535,True,
5,109.25,21.85,84.79432511531739,84.79432511531739,23.990279332146887,119.95139666073443,0.8,2782.946936744247,2226.3575493953977,2106.406152734663,24.841357601113312,0.8433475998909841,1.5950526315789475,0.10217957695003405,37.608333651886085,183.0693838827535,True,
5,109.5,21.9,84.90924225254743,84.90924225254743,24.036078095933377,120.18039047966688,0.8,2782.946936744247,2226.3575493953977,2106.1771589157306,24.80504009977243,0.8446798037551226,1.5950526315789475,0.10231805537356657,37.65930218112892,183.0693838827535,True,
5,109.75,21.95,85.02434077670749,85.02434077670749,24.081895547114247,120.40947773557123,0.8,2782.946936744247,2226.3575493953977,2105.9480716598264,24.768766831024383,0.8460120076192612,1.5950526315789475,0.1024567523735162,37.71035115986145,183.0693838827535,True,
5,110.0,22.0,85.13962068779753,85.13962068779753,24.127731670970295,120.63865835485147,0.8,2782.946936744247,2226.3575493953977,2105.718891040546,24.732537848178882,0.8473442114833996,1.5950526315789475,0.1025956679498829,37.761480588083664,183.0693838827535,True,
5,110.25,22.05,85.25508198581764,85.25508198581764,24.173586452817048,120.86793226408524,0.8,2782.946936744247,2226.3575493953977,2105.4896171313126,24.696353203690133,0.8486764153475381,1.5950526315789475,0.10273480210266672,37.812690465795576,183.0693838827535,True,
5,110.5,22.1,85.37072467076777,85.37072467076777,24.219459878004614,121.09729939002307,0.8,2782.946936744247,2226.3575493953977,2105.2602500053745,24.66021294916157,0.8500086192116766,1.5950526315789475,0.10287415483186765,37.86398079299719,183.0693838827535,True,
5,110.75,22.15,85.48654874264794,85.48654874264794,24.26535193191758,121.32675965958789,0.8,2782.946936744247,2226.3575493953977,2105.03078973581,24.624117135350463,0.8513408230758152,1.5950526315789475,0.10301372613748569,37.915351569688504,183.0693838827535,True,
5,111.0,22.2,85.60255420145809,85.60255420145809,24.311262599974818,121.55631299987408,0.8,2782.946936744247,2226.3575493953977,2104.8012363955236,24.588065812172598,0.8526730269399536,1.5950526315789475,0.1031535160195208,37.96680279586949,183.0693838827535,True,
5,111.25,22.25,85.71874104719832,85.71874104719832,24.35719186762941,121.78595933814705,0.8,2782.946936744247,2226.3575493953977,2104.5715900572504,24.552059028706854,0.8540052308040921,1.5950526315789475,0.10329352447797305,38.01833447154019,183.0693838827535,True,
5,111.5,22.3,85.83510927986853,85.83510927986853,24.403139720368475,122.01569860184237,0.8,2782.946936744247,2226.3575493953977,2104.3418507935553,24.516096833199935,0.8553374346682306,1.5950526315789475,0.10343375151284237,38.069946596700575,183.0693838827535,True,
5,111.75,22.35,85.95165889946878,85.95165889946878,24.449106143713053,122.24553071856526,0.8,2782.946936744247,2226.3575493953977,2104.1120186768326,24.480179273070863,0.856669638532369,1.5950526315789475,0.1035741971241288,38.12163917135065,183.0693838827535,True,
5,112.0,22.4,86.06838990599906,86.06838990599906,24.495091123217996,122.47545561608999,0.8,2782.946936744247,2226.3575493953977,2103.8820937793075,24.444306394915664,0.8580018423965076,1.5950526315789475,0.10371486131183234,38.17341219549043,183.0693838827535,True,
5,112.25,22.45,86.18530229945938,86.18530229945938,24.541094644471773,122.70547322235886,0.8,2782.946936744247,2226.3575493953977,2103.652076173039,24.408478244511937,0.8593340462606461,1.5950526315789475,0.103855744075953,38.225265669119906,183.0693838827535,True,
5,112.5,22.5,86.30239607984973,86.30239607984973,24.58711669309641,122.93558346548204,0.8,2782.946936744247,2226.3575493953977,2103.4219659299156,24.372694866823426,0.8606662501247846,1.5950526315789475,0.10399684541649074,38.27719959223907,183.0693838827535,True,
5,112.75,22.55,86.41967124717007,86.41967124717007,24.633157254747303,123.16578627373651,0.8,2782.946936744247,2226.3575493953977,2103.191763121661,24.336956306004613,0.8619984539889232,1.5950526315789475,0.10413816533344558,38.32921396484792,183.0693838827535,True,
5,113.0,22.6,86.53712780142045,86.53712780142045,24.67921631511316,123.3960815755658,0.8,2782.946936744247,2226.3575493953977,2102.961467819832,24.301262605405224,0.8633306578530616,1.5950526315789475,0.10427970382681753,38.38130878694648,183.0693838827535,True,
5,113.25,22.65,86.65476574260089,86.65476574260089,24.72529385991575,123.62646929957876,0.8,2782.946936744247,2226.3575493953977,2102.731080095819,24.265613807574834,0.8646628617172001,1.5950526315789475,0.10442146089660657,38.43348405853473,183.0693838827535,True,
5,113.5,22.7,86.77258507071133,86.77258507071133,24.771389874909943,123.85694937454971,0.8,2782.946936744247,2226.3575493953977,2102.5006000208477,24.23000995426737,0.8659950655813387,1.5950526315789475,0.10456343654281275,38.48573977961268,183.0693838827535,True,
5,113.75,22.75,86.89058578575178,86.89058578575178,24.81750434588342,124.0875217294171,0.8,2782.946936744247,2226.3575493953977,2102.2700276659807,24.194451086445646,0.867327269445477,1.5950526315789475,0.10470563076543599,38.53807595018031,183.0693838827535,True,
5,114.0,22.8,87.00876788772227,87.00876788772227,24.863637258656677,124.31818629328339,0.8,2782.946936744247,2226.3575493953977,2102.0393631021143,24.158937244285827,0.8686594733096156,1.5950526315789475,0.10484804356447634,38.59049257023764,183.0693838827535,True,
5,114.25,22.85,87.1271313766228,87.1271313766228,24.90978859908278,124.54894299541391,0.8,2782.946936744247,2226.3575493953977,2101.8086063999835,24.123468467182,0.8699916771737541,1.5950526315789475,0.10499067493993382,38.64298963978467,183.0693838827535,True,
5,114.5,22.9,87.24567625245335,87.24567625245335,24.955958353047357,124.77979176523678,0.8,2782.946936744247,2226.3575493953977,2101.5777576301607,24.088044793750615,0.8713238810378926,1.5950526315789475,0.10513352489180838,38.69556715882139,183.0693838827535,True,
5,114.75,22.95,87.3644025152139,87.3644025152139,25.0021465064684,125.01073253234199,0.8,2782.946936744247,2226.3575493953977,2101.3468168630557,24.052666261834972,0.8726560849020312,1.5950526315789475,0.10527659342010004,38.7482251273478,183.0693838827535,True,
5,115.0,23.0,87.4833101649045,87.4833101649045,25.04835304529614,125.2417652264807,0.8,2782.946936744247,2226.3575493953977,2101.115784168917,24.017332908509644,0.8739882887661695,1.5950526315789475,0.1054198805248088,38.800963545363906,183.0693838827535,True,
5,115.25,23.05,87.60239920152509,87.60239920152509,25.09457795551297,125.47288977756486,0.8,2782.946936744247,2226.3575493953977,2100.8846596178328,23.982044770084997,0.8753204926303081,1.5950526315789475,0.10556338620593467,38.853782412869705,183.0693838827535,True,
5,115.5,23.1,87.72166962507578,87.72166962507578,25.140821223133287,125.70410611566643,0.8,2782.946936744247,2226.3575493953977,2100.653443279731,23.94680188211154,0.8766526964944467,1.5950526315789475,0.10570711046347765,38.90668172986521,183.0693838827535,True,
5,115.75,23.15,87.84112143555643,87.84112143555643,25.187082834203377,125.93541417101689,0.8,2782.946936744247,2226.3575493953977,2100.422135224381,23.911604279384456,0.877984900358585,1.5950526315789475,0.10585105329743771,38.9596614963504,183.0693838827535,True,
5,116.0,23.2,87.96075463296712,87.96075463296712,25.233362774801307,126.16681387400654,0.8,2782.946936744247,2226.3575493953977,2100.190735521391,23.876451995947896,0.8793171042227236,1.5950526315789475,0.1059952147078149,39.01272171232529,183.0693838827535,True,
5,116.25,23.25,88.08056921730785,88.08056921730785,25.279661031036788,126.39830515518395,0.8,2782.946936744247,2226.3575493953977,2099.9592442402136,23.841345065099457,0.880649308086862,1.5950526315789475,0.10613959469460918,39.06586237778987,183.0693838827535,True,
5,116.5,23.3,88.20056518857862,88.20056518857862,25.325977589051064,126.62988794525532,0.8,2782.946936744247,2226.3575493953977,2099.7276614501425,23.806283519394533,0.8819815119510007,1.5950526315789475,0.10628419325782057,39.11908349274415,183.0693838827535,True,
5,116.75,23.35,88.3207425467794,88.3207425467794,25.372312435016763,126.86156217508382,0.8,2782.946936744247,2226.3575493953977,2099.495987220314,23.77126739065071,0.8833137158151392,1.5950526315789475,0.10642901039744906,39.17238505718812,183.0693838827535,True,
5,117.0,23.4,88.44110129191017,88.44110129191017,25.418665555137856,127.09332777568929,0.8,2782.946936744247,2226.3575493953977,2099.264221619708,23.736296709952104,0.8846459196792775,1.5950526315789475,0.10657404611349462,39.22576707112178,183.0693838827535,True,
5,117.25,23.45,88.56164142397101,88.56164142397101,25.46503693564948,127.3251846782474,0.8,2782.946936744247,2226.3575493953977,2099.0323647171504,23.7013715076537,0.8859781235434161,1.5950526315789475,0.10671930040595733,39.27922953454514,183.0693838827535,True,
5,117.5,23.5,88.68236294296186,88.68236294296186,25.511426562817768,127.55713281408885,0.8,2782.946936744247,2226.3575493953977,2098.800416581309,23.666491813385733,0.8873103274075544,1.5950526315789475,0.1068647732748371,39.33277244745819,183.0693838827535,True,
5,117.75,23.55,88.80326584888276,88.80326584888276,25.557834422939887,127.78917211469944,0.8,2782.946936744247,2226.3575493953977,2098.5683772806983,23.631657656057932,0.8886425312716932,1.5950526315789475,0.10701046472013404,39.38639580986095,183.0693838827535,True,
5,118.0,23.6,88.92435014173364,88.92435014173364,25.604260502343763,128.02130251171883,0.8,2782.946936744247,2226.3575493953977,2098.336246883679,23.596869063863934,0.8899747351358316,1.5950526315789475,0.107156374741848,39.440099621753376,183.0693838827535,True,
5,118.25,23.65,89.04561582151457,89.04561582151457,25.65070478738805,128.25352393694027,0.8,2782.946936744247,2226.3575493953977,2098.1040254584573,23.562126064285447,0.89130693899997,1.5950526315789475,0.1073025033399791,39.49388388313552,183.0693838827535,True,
5,118.5,23.7,89.16706288822553,89.16706288822553,25.697167264462006,128.48583632231004,0.8,2782.946936744247,2226.3575493953977,2097.8717130730874,23.527428684096652,0.8926391428641086,1.5950526315789475,0.10744885051452731,39.547748594007345,183.0693838827535,True,
5,118.75,23.75,89.28869134186652,89.28869134186652,25.743647919985367,128.71823959992685,0.8,2782.946936744247,2226.3575493953977,2097.6393097954706,23.492776949368388,0.893971346728247,1.5950526315789475,0.1075954162654926,39.601693754368874,183.0693838827535,True,
5,119.0,23.8,89.41050118243754,89.41050118243754,25.790146740408233,128.95073370204116,0.8,2782.946936744247,2226.3575493953977,2097.4068156933563,23.458170885472448,0.8953035505923856,1.5950526315789475,0.10774220059287502,39.6557193642201,183.0693838827535,True,
5,119.25,23.85,89.53249240993857,89.53249240993857,25.83666371221095,129.18331856105476,0.8,2782.946936744247,2226.3575493953977,2097.174230834343,23.423610517085812,0.8966357544565241,1.5950526315789475,0.10788920349667452,39.70982542356101,183.0693838827535,True,
5,119.5,23.9,89.65466502436962,89.65466502436962,25.88319882190402,129.4159941095201,0.8,2782.946936744247,2226.3575493953977,2096.9415552858777,23.38909586819486,0.8979679583206625,1.5950526315789475,0.10803642497689112,39.76401193239161,183.0693838827535,True,
5,119.75,23.95,89.77701902573072,89.77701902573072,25.929752056027986,129.64876028013992,0.8,2782.946936744247,2226.3575493953977,2096.708789115258,23.35462696209958,0.899300162184801,1.5950526315789475,0.10818386503352484,39.818278890711916,183.0693838827535,True,
5,120.0,24.0,89.89955441402184,89.89955441402184,25.976323401153273,129.88161700576637,0.8,2782.946936744247,2226.3575493953977,2096.4759323896315,23.320203821417824,0.9006323660489395,1.5950526315789475,0.10833152366657565,39.872626298521915,183.0693838827535,True,
6,0.0,0.0,19.58110548135561,19.58110548135561,5.351448072855684,32.108688437134106,0.8,3339.5363240930965,2671.629059274477,2639.520370837343,134.79935406867577,0.26117451126246033,1.5950526315789475,0.019663158192661123,7.237244819686744,183.0693838827535,True,
6,0.25,0.041666666666666664,55.23396302353379,55.23396302353379,5.968044337086208,35.808266022517245,0.8,3339.5363240930965,2671.629059274477,2635.82079325196,47.72101527693936,0.2622846811492424,1.5950526315789475,0.05546541555447209,20.414665205877068,183.0693838827535,True,
6,0.5,0.08333333333333333,55.269750112539974,55.269750112539974,5.996733696509113,35.98040217905468,0.8,3339.5363240930965,2671.629059274477,2635.6486570954225,47.687001510387304,0.26339485103602456,1.5950526315789475,0.05550135260578175,20.427892238680105,183.0693838827535,True,
6,0.75,0.125,55.305688357321166,55.305688357321166,6.025444708853466,36.152668253120794,0.8,3339.5363240930965,2671.629059274477,2635.4763910213564,47.652899173661254,0.2645050209228066,1.5950526315789475,0.05553744144626995,20.44117513918432,183.0693838827535,True,
6,1.0,0.16666666666666666,55.34177775787739,55.34177775787739,6.054177328630907,36.32506397178544,0.8,3339.5363240930965,2671.629059274477,2635.303995302692,47.61870872367451,0.2656151908095887,1.5950526315789475,0.055573682075936694,20.45451390738971,183.0693838827535,True,
6,1.25,0.20833333333333334,55.37801831420864,55.37801831420864,6.082931510638549,36.49758906383129,0.8,3339.5363240930965,2671.629059274477,2635.131470210646,47.58443061756394,0.2667253606963708,1.5950526315789475,0.05561007449478199,20.46790854329628,183.0693838827535,True,
6,1.5,0.25,55.4144100263149,55.4144100263149,6.111707209956021,36.670243259736125,0.8,3339.5363240930965,2671.629059274477,2634.958816014741,47.55006531267708,0.2678355305831529,1.5950526315789475,0.055646618702805815,20.48135904690402,183.0693838827535,True,
6,1.75,0.2916666666666667,55.450952894196185,55.450952894196185,6.140504381942539,36.843026291655235,0.8,3339.5363240930965,2671.629059274477,2634.786032982822,47.51561326655928,0.26894570046993493,1.5950526315789475,0.05568331470000819,20.494865418212942,183.0693838827535,True,
6,2.0,0.3333333333333333,55.487646917852494,55.487646917852494,6.1693229822340125,37.01593789340407,0.8,3339.5363240930965,2671.629059274477,2634.613121381073,47.48107493694092,0.2700558703567171,1.5950526315789475,0.055720162486389106,20.50842765722304,183.0693838827535,True,
6,2.25,0.375,55.52449209728382,55.52449209728382,6.198162966740192,37.18897780044115,0.8,3339.5363240930965,2671.629059274477,2634.440081474036,47.44645078172465,0.2711660402434991,1.5950526315789475,0.05575716206194857,20.522045763934315,183.0693838827535,True,
6,2.5,0.4166666666666667,55.561488432490165,55.561488432490165,6.22702429164188,37.36214574985128,0.8,3339.5363240930965,2671.629059274477,2634.266913524626,47.41174125897266,0.2722762101302812,1.5950526315789475,0.05579431342668657,20.535719738346764,183.0693838827535,True,
6,2.75,0.4583333333333333,55.598635923471534,55.598635923471534,6.255906913388148,37.535441480328885,0.8,3339.5363240930965,2671.629059274477,2634.0936177941485,47.376946826893985,0.2733863800170633,1.5950526315789475,0.05583161658060312,20.54944958046039,183.0693838827535,True,
6,3.0,0.5,55.63593457022793,55.63593457022793,6.2848107886936155,37.70886473216169,0.8,3339.5363240930965,2671.629059274477,2633.9201945423156,47.34206794383188,0.27449654990384537,1.5950526315789475,0.05586907152369821,20.563235290275195,183.0693838827535,True,
6,3.25,0.5416666666666666,55.67338437275934,55.67338437275934,6.313735874535776,37.88241524721465,0.8,3339.5363240930965,2671.629059274477,2633.7466440272624,47.30710506825124,0.27560671979062745,1.5950526315789475,0.05590667825597184,20.577076867791174,183.0693838827535,True,
6,3.5,0.5833333333333334,55.71098533106578,55.71098533106578,6.342682128152323,38.05609276891394,0.8,3339.5363240930965,2671.629059274477,2633.5729665055633,47.27205865872597,0.27671688967740954,1.5950526315789475,0.05594443677742402,20.59097431300833,183.0693838827535,True,
6,3.75,0.625,55.74873744514725,55.74873744514725,6.371649507038555,38.22989704223133,0.8,3339.5363240930965,2671.629059274477,2633.399162232246,47.23692917392652,0.2778270595641916,1.5950526315789475,0.055982347088054746,20.604927625926667,183.0693838827535,True,
6,4.0,0.6666666666666666,55.78664071500373,55.78664071500373,6.40063796894479,38.40382781366874,0.8,3339.5363240930965,2671.629059274477,2633.2252314608086,47.20171707260744,0.27893722945097366,1.5950526315789475,0.05602040918786401,20.618936806546177,183.0693838827535,True,
6,4.25,0.7083333333333334,55.82469514063523,55.82469514063523,6.429647471873839,38.57788483124303,0.8,3339.5363240930965,2671.629059274477,2633.0511744432342,47.166422813594835,0.2800473993377558,1.5950526315789475,0.05605862307685182,20.633001854866865,183.0693838827535,True,
6,4.5,0.75,55.86290072204175,55.86290072204175,6.458677974078483,38.7520678444709,0.8,3339.5363240930965,2671.629059274477,2632.8769914300065,47.1310468557741,0.28115756922453783,1.5950526315789475,0.05609698875501816,20.64712277088873,183.0693838827535,True,
6,4.75,0.7916666666666666,55.90125745922329,55.90125745922329,6.487729434059019,38.92637660435411,0.8,3339.5363240930965,2671.629059274477,2632.702682670123,47.095589658077486,0.2822677391113199,1.5950526315789475,0.05613550622236306,20.66129955461177,183.0693838827535,True,
6,5.0,0.8333333333333334,55.93976535217986,55.93976535217986,6.5168018105608105,39.10081086336486,0.8,3339.5363240930965,2671.629059274477,2632.528248411112,47.06005167947183,0.283377908998102,1.5950526315789475,0.05617417547888649,20.675532206035985,183.0693838827535,True,
6,5.25,0.875,55.97842440091144,55.97842440091144,6.545895062571895,39.27537037543137,0.8,3339.5363240930965,2671.629059274477,2632.3536888990457,47.02443337894636,0.2844880788848841,1.5950526315789475,0.05621299652458848,20.68982072516138,183.0693838827535,True,
6,5.5,0.9166666666666666,56.01723460541806,56.01723460541806,6.57500914932061,39.45005489592366,0.8,3339.5363240930965,2671.629059274477,2632.1790043785536,46.98873521550037,0.2855982487716662,1.5950526315789475,0.056251969359469,20.70416511198795,183.0693838827535,True,
6,5.75,0.9583333333333334,56.056195965699686,56.056195965699686,6.604144030273254,39.62486418163952,0.8,3339.5363240930965,2671.629059274477,2632.0041950928376,46.95295764813115,0.28670841865844826,1.5950526315789475,0.056291093983528065,20.718565366515698,183.0693838827535,True,
6,6.0,1.0,56.09530848175634,56.09530848175634,6.633299665131786,39.799797990790715,0.8,3339.5363240930965,2671.629059274477,2631.8292612836863,46.91710113582183,0.28781858854523035,1.5950526315789475,0.05633037039676568,20.733021488744622,183.0693838827535,True,
6,6.25,1.0416666666666667,56.13457215358801,56.13457215358801,6.662476013831543,39.974856082989255,0.8,3339.5363240930965,2671.629059274477,2631.654203191488,46.88116613752934,0.2889287584320124,1.5950526315789475,0.05636979859918183,20.74753347867472,183.0693838827535,True,
6,6.5,1.0833333333333333,56.17398698119471,56.17398698119471,6.691673036539007,40.15003821923404,0.8,3339.5363240930965,2671.629059274477,2631.4790210552433,46.84515311217237,0.2900389283187945,1.5950526315789475,0.056409378590776535,20.762101336306,183.0693838827535,True,
6,6.75,1.125,56.21355296457643,56.21355296457643,6.720890693649574,40.32534416189745,0.8,3339.5363240930965,2671.629059274477,2631.3037151125795,46.80906251861938,0.2911490982055766,1.5950526315789475,0.056449110371549774,20.77672506163845,183.0693838827535,True,
6,7.0,1.1666666666666667,56.25327010373317,56.25327010373317,6.7501289457853915,40.50077367471235,0.8,3339.5363240930965,2671.629059274477,2631.1282855997647,46.77289481567674,0.29225926809235864,1.5950526315789475,0.05648899394150156,20.791404654672082,183.0693838827535,True,
6,7.25,1.2083333333333333,56.29313839866493,56.29313839866493,6.779387753793189,40.67632652275913,0.8,3339.5363240930965,2671.629059274477,2630.952732751718,46.736650462076824,0.2933694379791408,1.5950526315789475,0.05652902930063189,20.80614011540689,183.0693838827535,True,
6,7.5,1.25,56.33315784937171,56.33315784937171,6.808667078742144,40.85200247245287,0.8,3339.5363240930965,2671.629059274477,2630.777056802024,46.70032991646616,0.2944796078659228,1.5950526315789475,0.05656921644894075,20.820931443842873,183.0693838827535,True,
6,7.75,1.2916666666666667,56.37332845585353,56.37332845585353,6.837966881921807,41.02780129153084,0.8,3339.5363240930965,2671.629059274477,2630.601257982946,46.66393363739368,0.2955897777527049,1.5950526315789475,0.05660955538642817,20.835778639980038,183.0693838827535,True,
6,8.0,1.3333333333333333,56.41365021811035,56.41365021811035,6.867287124840012,41.203722749040075,0.8,3339.5363240930965,2671.629059274477,2630.425336525437,46.62746208329908,0.296699947639487,1.5950526315789475,0.05665004611309413,20.85068170381837,183.0693838827535,True,
6,8.25,1.375,56.454123136142194,56.454123136142194,6.896627769220834,41.379766615325,0.8,3339.5363240930965,2671.629059274477,2630.249292659152,46.59091571250097,0.29781011752626907,1.5950526315789475,0.056690688628938626,20.865640635357888,183.0693838827535,True,
6,8.5,1.4166666666666667,56.49474720994906,56.49474720994906,6.925988777002578,41.555932662015465,0.8,3339.5363240930965,2671.629059274477,2630.0731266124617,46.55429498318545,0.29892028741305116,1.5950526315789475,0.05673148293396167,20.880655434598577,183.0693838827535,True,
6,8.75,1.4583333333333333,56.53552243953095,56.53552243953095,6.955370110335791,41.73222066201474,0.8,3339.5363240930965,2671.629059274477,2629.8968386124625,46.51760035339441,0.30003045729983324,1.5950526315789475,0.05677242902816326,20.895726101540443,183.0693838827535,True,
6,9.0,1.5,56.57644882488787,56.57644882488787,6.984771731581279,41.908630389487676,0.8,3339.5363240930965,2671.629059274477,2629.7204288849894,46.48083228101408,0.30114062718661533,1.5950526315789475,0.05681352691154339,20.91085263618349,183.0693838827535,True,
6,9.25,1.5416666666666667,56.61752636601981,56.61752636601981,7.014193603308191,42.085161619849146,0.8,3339.5363240930965,2671.629059274477,2629.543897654628,46.4439912237636,0.30225079707339736,1.5950526315789475,0.05685477658410207,20.92603503852771,183.0693838827535,True,
6,9.5,1.5833333333333333,56.658755062926765,56.658755062926765,7.0436356882920865,42.26181412975252,0.8,3339.5363240930965,2671.629059274477,2629.3672451447246,46.40707763918352,0.3033609669601795,1.5950526315789475,0.05689617804583928,20.941273308573106,183.0693838827535,True,
6,9.75,1.625,56.70013491560873,56.70013491560873,7.0730979495130555,42.43858769707833,0.8,3339.5363240930965,2671.629059274477,2629.190471577399,46.37009198462455,0.30447113684696153,1.5950526315789475,0.05693773129675504,20.956567446319678,183.0693838827535,True,
6,10.0,1.6666666666666667,56.74166592406574,56.74166592406574,7.102580350153844,42.61548210092307,0.8,3339.5363240930965,2671.629059274477,2629.013577173554,46.33303471723616,0.3055813067337436,1.5950526315789475,0.05697943633684935,20.971917451767432,183.0693838827535,True,
6,10.25,1.7083333333333333,56.78334808829776,56.78334808829776,7.132082853598022,42.792497121588134,0.8,3339.5363240930965,2671.629059274477,2628.836562152889,46.29590629395548,0.30669147662052576,1.5950526315789475,0.0570212931661222,20.987323324916357,183.0693838827535,True,
6,10.5,1.75,56.825181408304815,56.825181408304815,7.161605423428153,42.96963254056892,0.8,3339.5363240930965,2671.629059274477,2628.6594267339083,46.25870717149595,0.30780164650730785,1.5950526315789475,0.05706330178457359,21.002785065766464,183.0693838827535,True,
6,10.75,1.7916666666666667,56.86716588408687,56.86716588408687,7.1911480234240015,43.14688814054401,0.8,3339.5363240930965,2671.629059274477,2628.482171133933,46.22143780633634,0.3089118163940899,1.5950526315789475,0.05710546219220352,21.018302674317745,183.0693838827535,True,
6,11.0,1.8333333333333333,56.90930151564396,56.90930151564396,7.220710617560776,43.32426370536466,0.8,3339.5363240930965,2671.629059274477,2628.3047955691127,46.18409865470956,0.310021986280872,1.5950526315789475,0.057147774389012,21.0338761505702,183.0693838827535,True,
6,11.25,1.875,56.95158830297606,56.95158830297606,7.250293170007348,43.50175902004409,0.8,3339.5363240930965,2671.629059274477,2628.127300254433,46.14669017259168,0.31113215616765405,1.5950526315789475,0.05719023837499902,21.049505494523835,183.0693838827535,True,
6,11.5,1.9166666666666667,56.9940262460832,56.9940262460832,7.279895645124543,43.679373870747256,0.8,3339.5363240930965,2671.629059274477,2627.9496854037297,46.109212815691016,0.31224232605443614,1.5950526315789475,0.05723285415016459,21.065190706178647,183.0693838827535,True,
6,11.75,1.9583333333333333,57.03661534496534,57.03661534496534,7.309518007463431,43.85710804478059,0.8,3339.5363240930965,2671.629059274477,2627.7719512296967,46.07166703943718,0.3133524959412182,1.5950526315789475,0.057275621714508694,21.08093178553463,183.0693838827535,True,
6,12.0,2.0,57.07935559962252,57.07935559962252,7.3391602217636365,44.03496133058182,0.8,3339.5363240930965,2671.629059274477,2627.5940979438956,46.03405329897019,0.3144626658280003,1.5950526315789475,0.057318541068031345,21.096728732591796,183.0693838827535,True,
6,12.25,2.0416666666666665,57.122247010054714,57.122247010054714,7.368822252951673,44.212933517710034,0.8,3339.5363240930965,2671.629059274477,2627.416125756767,45.99637204912977,0.3155728357147824,1.5950526315789475,0.057361612210732535,21.112581547350135,183.0693838827535,True,
6,12.5,2.0833333333333335,57.165289576261934,57.165289576261934,7.398504066139295,44.39102439683577,0.8,3339.5363240930965,2671.629059274477,2627.2380348776414,45.95862374444457,0.3166830056015645,1.5950526315789475,0.05740483514261228,21.128490229809657,183.0693838827535,True,
6,12.75,2.125,57.208483298244175,57.208483298244175,7.428205626621879,44.569233759731276,0.8,3339.5363240930965,2671.629059274477,2627.059825514746,45.920808839121506,0.31779317548834657,1.5950526315789475,0.05744820986367056,21.14445477997035,183.0693838827535,True,
6,13.0,2.1666666666666665,57.25182817600143,57.25182817600143,7.457926899876816,44.747561399260896,0.8,3339.5363240930965,2671.629059274477,2626.881497875216,45.882927787035115,0.31890334537512866,1.5950526315789475,0.05749173637390738,21.16047519783222,183.0693838827535,True,
6,13.25,2.2083333333333335,57.29532420953371,57.29532420953371,7.487667851561935,44.92600710937161,0.8,3339.5363240930965,2671.629059274477,2626.7030521651054,45.84498104171706,0.32001351526191074,1.5950526315789475,0.05753541467332275,21.17655148339527,183.0693838827535,True,
6,13.5,2.25,57.338971398841025,57.338971398841025,7.517428447513905,45.10457068508343,0.8,3339.5363240930965,2671.629059274477,2626.524488589394,45.80696905634556,0.32112368514869283,1.5950526315789475,0.05757924476191666,21.192683636659496,183.0693838827535,True,
6,13.75,2.2916666666666665,57.38276974392334,57.38276974392334,7.547208653746732,45.28325192248039,0.8,3339.5363240930965,2671.629059274477,2626.345807351997,45.76889228373503,0.32223385503547486,1.5950526315789475,0.057623226639689114,21.208871657624893,183.0693838827535,True,
6,14.0,2.3333333333333335,57.42671924478069,57.42671924478069,7.577008436450198,45.462050618701184,0.8,3339.5363240930965,2671.629059274477,2626.167008655776,45.730751176325626,0.323344024922257,1.5950526315789475,0.05766736030664012,21.225115546291473,183.0693838827535,True,
6,14.25,2.375,57.47081990141306,57.47081990141306,7.60682776198837,45.64096657193022,0.8,3339.5363240930965,2671.629059274477,2625.988092702547,45.692546186173004,0.32445419480903903,1.5950526315789475,0.05771164576276965,21.241415302659224,183.0693838827535,True,
6,14.5,2.4166666666666665,57.51507171382045,57.51507171382045,7.636666596898088,45.81999958138853,0.8,3339.5363240930965,2671.629059274477,2625.809059693089,45.65427776493802,0.3255643646958211,1.5950526315789475,0.05775608300807774,21.257770926728156,183.0693838827535,True,
6,14.75,2.4583333333333335,57.55947468200286,57.55947468200286,7.6665249078875135,45.99914944732508,0.8,3339.5363240930965,2671.629059274477,2625.629909827152,45.61594636387654,0.3266745345826032,1.5950526315789475,0.057800672042564366,21.274182418498263,183.0693838827535,True,
6,15.0,2.5,57.6040288059603,57.6040288059603,7.696402661834654,46.17841597100792,0.8,3339.5363240930965,2671.629059274477,2625.4506433034694,45.57755243382931,0.3277847044693853,1.5950526315789475,0.05784541286622954,21.29064977796955,183.0693838827535,True,
6,15.25,2.5416666666666665,57.64873408569275,57.64873408569275,7.7262998257859365,46.35779895471562,0.8,3339.5363240930965,2671.629059274477,2625.2712603197615,45.53909642521189,0.3288948743561674,1.5950526315789475,0.05789030547907325,21.30717300514201,183.0693838827535,True,
6,15.5,2.5833333333333335,57.69359052120023,57.69359052120023,7.756216366954776,46.53729820172866,0.8,3339.5363240930965,2671.629059274477,2625.0917610727483,45.50057878800463,0.33000504424294946,1.5950526315789475,0.05793534988109551,21.323752100015646,183.0693838827535,True,
6,15.75,2.625,57.73859811248273,57.73859811248273,7.786152252720178,46.716913516321064,0.8,3339.5363240930965,2671.629059274477,2624.912145758156,45.461999971742756,0.33111521412973155,1.5950526315789475,0.05798054607229631,21.34038706259046,183.0693838827535,True,
6,16.0,2.6666666666666665,57.78375685954025,57.78375685954025,7.816107450625339,46.89664470375204,0.8,3339.5363240930965,2671.629059274477,2624.7324145707253,45.42336042550642,0.3322253840165136,1.5950526315789475,0.05802589405267565,21.35707789286645,183.0693838827535,True,
6,16.25,2.7083333333333335,57.82906676237279,57.82906676237279,7.846081928376288,47.07649157025773,0.8,3339.5363240930965,2671.629059274477,2624.5525677042197,45.38466059791091,0.3333355539032957,1.5950526315789475,0.058071393822233544,21.37382459084362,183.0693838827535,True,
6,16.5,2.75,57.87452782098033,57.87452782098033,7.876075653840511,47.25645392304307,0.8,3339.5363240930965,2671.629059274477,2624.3726053514342,45.34590093709693,0.33444572379007775,1.5950526315789475,0.05811704538096997,21.39062715652196,183.0693838827535,True,
6,16.75,2.7916666666666665,57.920140035362934,57.920140035362934,7.90608859504563,47.43653157027378,0.8,3339.5363240930965,2671.629059274477,2624.1925277042033,45.307081890720774,0.33555589367685984,1.5950526315789475,0.05816284872888495,21.407485589901484,183.0693838827535,True,
6,17.0,2.8333333333333335,57.96590340552053,57.96590340552053,7.936120720178064,47.61672432106838,0.8,3339.5363240930965,2671.629059274477,2624.0123349534088,45.268203905944894,0.3366660635636419,1.5950526315789475,0.058208803865978466,21.42439989098218,183.0693838827535,True,
6,17.25,2.875,58.01181793145315,58.01181793145315,7.966171997581721,47.79703198549033,0.8,3339.5363240930965,2671.629059274477,2623.832027288987,45.2292674294281,0.337776233450424,1.5950526315789475,0.05825491079225052,21.44137005976405,183.0693838827535,True,
6,17.5,2.9166666666666665,58.057883613160826,58.057883613160826,7.996242395756709,47.97745437454025,0.8,3339.5363240930965,2671.629059274477,2623.651604899937,45.19027290731617,0.3388864033372061,1.5950526315789475,0.05830116950770113,21.458396096247107,183.0693838827535,True,
6,17.75,2.9583333333333335,58.104100450643486,58.104100450643486,8.026331883358042,48.157991300148254,0.8,3339.5363240930965,2671.629059274477,2623.471067974329,45.15122078523246,0.3399965732239882,1.5950526315789475,0.05834758001233028,21.475478000431334,183.0693838827535,True,
6,18.0,3.0,58.15046844390119,58.15046844390119,8.056440429194398,48.33864257516639,0.8,3339.5363240930965,2671.629059274477,2623.2904166993108,45.112111508268356,0.34110674311077027,1.5950526315789475,0.05839414230613797,21.49261577231674,183.0693838827535,True,
6,18.25,3.0416666666666665,58.1969875929339,58.1969875929339,8.086568002226834,48.519408013361,0.8,3339.5363240930965,2671.629059274477,2623.109651261116,45.072945520974116,0.3422169129975523,1.5950526315789475,0.058440856389124204,21.50980941190332,183.0693838827535,True,
6,18.5,3.0833333333333335,58.243657897741635,58.243657897741635,8.11671457156759,48.700287429405535,0.8,3339.5363240930965,2671.629059274477,2622.9287718450714,45.033723267349494,0.34332708288433444,1.5950526315789475,0.05848772226128898,21.527058919191077,183.0693838827535,True,
6,18.75,3.125,58.290479358324404,58.290479358324404,8.146880106478823,48.88128063887294,0.8,3339.5363240930965,2671.629059274477,2622.7477786356044,44.994445190834625,0.3444372527711165,1.5950526315789475,0.058534739922632306,21.544364294180014,183.0693838827535,True,
6,19.0,3.1666666666666665,58.337451974682175,58.337451974682175,8.177064576371443,49.062387458228656,0.8,3339.5363240930965,2671.629059274477,2622.5666718162483,44.95511173430087,0.34554742265789856,1.5950526315789475,0.05858190937315417,21.561725536870124,183.0693838827535,True,
6,19.25,3.2083333333333335,58.38457574681498,58.38457574681498,8.207267950803871,49.243607704823226,0.8,3339.5363240930965,2671.629059274477,2622.385451569654,44.915723340041765,0.3466575925446807,1.5950526315789475,0.05862923061285458,21.57914264726141,183.0693838827535,True,
6,19.5,3.25,58.431850674722796,58.431850674722796,8.237490199480888,49.42494119688533,0.8,3339.5363240930965,2671.629059274477,2622.204118077592,44.876280449763996,0.34776776243146273,1.5950526315789475,0.058676703641733524,21.596615625353873,183.0693838827535,True,
6,19.75,3.2916666666666665,58.479276758405646,58.479276758405646,8.267731292252464,49.60638775351478,0.8,3339.5363240930965,2671.629059274477,2622.0226715209624,44.836783504578484,0.3488779323182448,1.5950526315789475,0.058724328459791024,21.614144471147515,183.0693838827535,True,
6,20.0,3.3333333333333335,58.52685399786351,58.52685399786351,8.297991199112591,49.787947194675546,0.8,3339.5363240930965,2671.629059274477,2621.841112079802,44.79723294499155,0.3499881022050269,1.5950526315789475,0.058772105067027056,21.63172918464233,183.0693838827535,True,
6,20.25,3.375,58.57458239309639,58.57458239309639,8.32826989019814,49.96961934118884,0.8,3339.5363240930965,2671.629059274477,2621.6594399332885,44.75762921089605,0.35109827209180905,1.5950526315789475,0.05882003346344164,21.649369765838326,183.0693838827535,True,
6,20.5,3.4166666666666665,58.622461944104316,58.622461944104316,8.358567335787736,50.15140401472642,0.8,3339.5363240930965,2671.629059274477,2621.477655259751,44.717972741562654,0.3522084419785911,1.5950526315789475,0.05886811364903477,21.6670662147355,183.0693838827535,True,
6,20.75,3.4583333333333335,58.67049265088724,58.67049265088724,8.388883506300651,50.333301037803906,0.8,3339.5363240930965,2671.629059274477,2621.2957582366735,44.67826397563125,0.35331861186537317,1.5950526315789475,0.05891634562380643,21.684818531333846,183.0693838827535,True,
6,21.0,3.5,58.7186745134452,58.7186745134452,8.41921837229567,50.515310233774024,0.8,3339.5363240930965,2671.629059274477,2621.113749040703,44.6385033511022,0.35442878175215525,1.5950526315789475,0.05896472938775665,21.70262671563337,183.0693838827535,True,
6,21.25,3.5416666666666665,58.76700753177817,58.76700753177817,8.44957190447003,50.69743142682018,0.8,3339.5363240930965,2671.629059274477,2620.931627847657,44.59869130532795,0.3555389516389373,1.5950526315789475,0.05901326494088539,21.720490767634068,183.0693838827535,True,
6,21.5,3.5833333333333335,58.815491705886174,58.815491705886174,8.479944073658311,50.87966444194987,0.8,3339.5363240930965,2671.629059274477,2620.7493948325273,44.558828275004394,0.3566491215257194,1.5950526315789475,0.0590619522831927,21.73841068733595,183.0693838827535,True,
6,21.75,3.625,58.86412703576919,58.86412703576919,8.510334850831383,51.06200910498829,0.8,3339.5363240930965,2671.629059274477,2620.567050169489,44.51891469616263,0.3577592914125015,1.5950526315789475,0.05911079141467854,21.756386474739003,183.0693838827535,True,
6,22.0,3.6666666666666665,58.91291352142722,58.91291352142722,8.54074420709534,51.24446524257204,0.8,3339.5363240930965,2671.629059274477,2620.384594031905,44.478951004160486,0.35886946129928354,1.5950526315789475,0.05915978233534292,21.774418129843234,183.0693838827535,True,
6,22.25,3.7083333333333335,58.96185116286029,58.96185116286029,8.57117211369046,51.427032682142766,0.8,3339.5363240930965,2671.629059274477,2620.2020265923343,44.438937633674286,0.35997963118606563,1.5950526315789475,0.05920892504518585,21.792505652648643,183.0693838827535,True,
6,22.5,3.75,59.01093996006838,59.01093996006838,8.601618541990161,51.609711251940965,0.8,3339.5363240930965,2671.629059274477,2620.019348022536,44.398875018690696,0.36108980107284777,1.5950526315789475,0.059258219544207326,21.810649043155227,183.0693838827535,True,
6,22.75,3.7916666666666665,59.06017991305147,59.06017991305147,8.632083463499992,51.79250078099995,0.8,3339.5363240930965,2671.629059274477,2619.8365584934772,44.35876359249848,0.3621999709596298,1.5950526315789475,0.05930766583240733,21.82884830136299,183.0693838827535,True,
6,23.0,3.8333333333333335,59.10957102180961,59.10957102180961,8.662566849856598,51.97540109913959,0.8,3339.5363240930965,2671.629059274477,2619.6536581753376,44.318603787680445,0.3633101408464119,1.5950526315789475,0.05935726390978589,21.847103427271925,183.0693838827535,True,
6,23.25,3.875,59.15911328634276,59.15911328634276,8.693068672826735,52.158412036960414,0.8,3339.5363240930965,2671.629059274477,2619.470647237517,44.278396036105526,0.364420310733194,1.5950526315789475,0.059407013776343,21.865414420882043,183.0693838827535,True,
6,23.5,3.9166666666666665,59.20880670665092,59.20880670665092,8.723588904306265,52.34153342583759,0.8,3339.5363240930965,2671.629059274477,2619.2875258486397,44.23814076892071,0.365530480619976,1.5950526315789475,0.059456915432078636,21.88378128219333,183.0693838827535,True,
6,23.75,3.9583333333333335,59.25865128273412,59.25865128273412,8.754127516319198,52.524765097915186,0.8,3339.5363240930965,2671.629059274477,2619.104294176562,44.19783841654318,0.36664065050675815,1.5950526315789475,0.05950696887699283,21.9022040112058,183.0693838827535,True,
6,24.0,4.0,59.308647014592324,59.308647014592324,8.78468448101669,52.70810688610014,0.8,3339.5363240930965,2671.629059274477,2618.920952388377,44.15748940865261,0.36775082039354023,1.5950526315789475,0.05955717411108556,21.920682607919442,183.0693838827535,True,
6,24.25,4.041666666666667,59.35879390222557,59.35879390222557,8.81525977067611,52.891558624056664,0.8,3339.5363240930965,2671.629059274477,2618.7375006504203,44.11709417418326,0.36886099028032227,1.5950526315789475,0.059607531134356836,21.939217072334266,183.0693838827535,True,
6,24.5,4.083333333333333,59.409091945633826,59.409091945633826,8.845853357700072,53.07512014620043,0.8,3339.5363240930965,2671.629059274477,2618.553939128277,44.07665314131641,0.36997116016710446,1.5950526315789475,0.05965803994680666,21.957807404450264,183.0693838827535,True,
6,24.75,4.125,59.4595411448171,59.4595411448171,8.876465214615497,53.25879128769298,0.8,3339.5363240930965,2671.629059274477,2618.3702679867843,44.0361667374727,0.3710813300538865,1.5950526315789475,0.059708700548435016,21.976453604267437,183.0693838827535,True,
6,25.0,4.166666666666667,59.51014149977539,59.51014149977539,8.907095314072697,53.44257188443618,0.8,3339.5363240930965,2671.629059274477,2618.186487390041,43.99563538930457,0.3721914999406685,1.5950526315789475,0.05975951293924192,21.99515567178579,183.0693838827535,True,
6,25.25,4.208333333333333,59.56089301050872,59.56089301050872,8.937743628844434,53.6264617730666,0.8,3339.5363240930965,2671.629059274477,2618.0025975014105,43.955059522688806,0.3733016698274507,1.5950526315789475,0.05981047711922737,22.013913607005318,183.0693838827535,True,
6,25.5,4.25,59.611795677017064,59.611795677017064,8.96841013182502,53.810460790950124,0.8,3339.5363240930965,2671.629059274477,2617.8185984835272,43.91443956271913,0.37441183971423275,1.5950526315789475,0.05986159308839136,22.03272740992602,183.0693838827535,True,
6,25.75,4.291666666666667,59.662849499300435,59.662849499300435,8.999094796029423,53.994568776176536,0.8,3339.5363240930965,2671.629059274477,2617.6344904983007,43.873775933698795,0.37552200960101484,1.5950526315789475,0.0599128608467339,22.051597080547904,183.0693838827535,True,
6,26.0,4.333333333333333,59.714054477358815,59.714054477358815,9.02979759459235,54.1787855675541,0.8,3339.5363240930965,2671.629059274477,2617.450273706923,43.8330690591334,0.3766321794877969,1.5950526315789475,0.05996428039425497,22.07052261887096,183.0693838827535,True,
6,26.25,4.375,59.76541061119223,59.76541061119223,9.060518500767397,54.363111004604384,0.8,3339.5363240930965,2671.629059274477,2617.2659482698728,43.79231936172357,0.37774234937457896,1.5950526315789475,0.06001585173095459,22.089504024895195,183.0693838827535,True,
6,26.5,4.416666666666667,59.81691790080066,59.81691790080066,9.091257487926137,54.54754492755683,0.8,3339.5363240930965,2671.629059274477,2617.0815143469204,43.751527263357886,0.3788525192613611,1.5950526315789475,0.06006757485683276,22.108541298620608,183.0693838827535,True,
6,26.75,4.458333333333333,59.86857634618412,59.86857634618412,9.122014529557296,54.73208717734377,0.8,3339.5363240930965,2671.629059274477,2616.8969720971336,43.710693185105754,0.3799626891481432,1.5950526315789475,0.06011944977188947,22.127634440047196,183.0693838827535,True,
6,27.0,4.5,59.92038594734259,59.92038594734259,9.152789599265857,54.91673759559514,0.8,3339.5363240930965,2671.629059274477,2616.712321678882,43.669817547210414,0.3810728590349252,1.5950526315789475,0.06017147647612472,22.14678344917496,183.0693838827535,True,
6,27.25,4.541666666666667,59.972346704276084,59.972346704276084,9.183582670772243,55.101496024633455,0.8,3339.5363240930965,2671.629059274477,2616.5275632498438,43.62890076908201,0.3821830289217073,1.5950526315789475,0.06022365496953851,22.1659883260039,183.0693838827535,True,
6,27.5,4.583333333333333,60.02445861698461,60.02445861698461,9.214393717911467,55.2863623074688,0.8,3339.5363240930965,2671.629059274477,2616.3426969670086,43.58794326929063,0.38329319880848944,1.5950526315789475,0.060275985252130855,22.18524907053402,183.0693838827535,True,
6,27.75,4.625,60.076721685468144,60.076721685468144,9.245222714632293,55.47133628779376,0.8,3339.5363240930965,2671.629059274477,2616.1577229866834,43.54694546555961,0.3844033686952715,1.5950526315789475,0.060328467323901735,22.204565682765317,183.0693838827535,True,
6,28.0,4.666666666666667,60.129135909726706,60.129135909726706,9.276069634996428,55.65641780997857,0.8,3339.5363240930965,2671.629059274477,2615.972641464499,43.505907774758654,0.38551353858205356,1.5950526315789475,0.060381101184851155,22.223938162697785,183.0693838827535,True,
6,28.25,4.708333333333333,60.18170128976028,60.18170128976028,9.306934453177705,55.841606719066235,0.8,3339.5363240930965,2671.629059274477,2615.787452555411,43.464830612897266,0.38662370846883565,1.5950526315789475,0.06043388683497913,22.243366510331434,183.0693838827535,True,
6,28.5,4.75,60.23441782556889,60.23441782556889,9.337817143461274,56.02690286076765,0.8,3339.5363240930965,2671.629059274477,2615.6021564137095,43.423714395118026,0.3877338783556177,1.5950526315789475,0.06048682427428564,22.262850725666258,183.0693838827535,True,
6,28.75,4.791666666666667,60.28728551715251,60.28728551715251,9.3687176802428,56.212306081456795,0.8,3339.5363240930965,2671.629059274477,2615.41675319302,43.38255953569016,0.3888440482423998,1.5950526315789475,0.060539913502770694,22.28239080870226,183.0693838827535,True,
6,29.0,4.833333333333333,60.34030436451115,60.34030436451115,9.399636038027683,56.3978162281661,0.8,3339.5363240930965,2671.629059274477,2615.231243046311,43.34136644800298,0.3899542181291819,1.5950526315789475,0.06059315452043429,22.301986759439437,183.0693838827535,True,
6,29.25,4.875,60.39347436764483,60.39347436764483,9.430572191430272,56.58343314858163,0.8,3339.5363240930965,2671.629059274477,2615.0456261258955,43.30013554455941,0.39106438801596394,1.5950526315789475,0.06064654732727643,22.321638577877792,183.0693838827535,True,
6,29.5,4.916666666666667,60.446795526553515,60.446795526553515,9.461526115173092,56.769156691038546,0.8,3339.5363240930965,2671.629059274477,2614.8599025834387,43.258867236969806,0.392174557902746,1.5950526315789475,0.06070009192329712,22.34134626401732,183.0693838827535,True,
6,29.75,4.958333333333333,60.50026784123723,60.50026784123723,9.492497784086085,56.954986704516514,0.8,3339.5363240930965,2671.629059274477,2614.6740725699606,43.21756193594548,0.39328472778952817,1.5950526315789475,0.06075378830849634,22.36110981785803,183.0693838827535,True,
6,30.0,5.0,60.553891311695956,60.553891311695956,9.523487173105831,57.14092303863499,0.8,3339.5363240930965,2671.629059274477,2614.4881362358424,43.176220051292646,0.3943948976763102,1.5950526315789475,0.060807636482874114,22.380929239399915,183.0693838827535,True,
6,30.25,5.041666666666667,60.60766593792971,60.60766593792971,9.554494257274822,57.32696554364893,0.8,3339.5363240930965,2671.629059274477,2614.3020937308283,43.134841991906114,0.3955050675630923,1.5950526315789475,0.06086163644643043,22.400804528642976,183.0693838827535,True,
6,30.5,5.083333333333333,60.6615917199385,60.6615917199385,9.585519011740704,57.513114070444225,0.8,3339.5363240930965,2671.629059274477,2614.115945204033,43.09342816576332,0.39661523744987437,1.5950526315789475,0.060915788199165294,22.420735685587218,183.0693838827535,True,
6,30.75,5.125,60.71566865772229,60.71566865772229,9.616561411755532,57.69936847053319,0.8,3339.5363240930965,2671.629059274477,2613.929690803944,43.051978979918296,0.3977254073366564,1.5950526315789475,0.06097009174107869,22.440722710232627,183.0693838827535,True,
6,31.0,5.166666666666667,60.76989675128111,60.76989675128111,9.647621432675068,57.88572859605041,0.8,3339.5363240930965,2671.629059274477,2613.743330678427,43.0104948404956,0.39883557722343854,1.5950526315789475,0.061024547072170636,22.46076560257922,183.0693838827535,True,
6,31.25,5.208333333333333,60.82427600061495,60.82427600061495,9.678699049958038,58.072194299748226,0.8,3339.5363240930965,2671.629059274477,2613.556864974729,42.968976152684576,0.39994574711022063,1.5950526315789475,0.06107915419244112,22.48086436262699,183.0693838827535,True,
6,31.5,5.25,60.87880640572381,60.87880640572381,9.709794239165415,58.25876543499249,0.8,3339.5363240930965,2671.629059274477,2613.3702938394845,42.92742332073344,0.40105591699700266,1.5950526315789475,0.061133913101890154,22.501018990375933,183.0693838827535,True,
6,31.75,5.291666666666667,60.933487966607714,60.933487966607714,9.74090697595973,58.445441855758375,0.8,3339.5363240930965,2671.629059274477,2613.1836174187188,42.88583674794351,0.4021660868837848,1.5950526315789475,0.06118882380051773,22.52122948582606,183.0693838827535,True,
6,32.0,5.333333333333333,60.98832068326662,60.98832068326662,9.772037236104344,58.63222341662606,0.8,3339.5363240930965,2671.629059274477,2612.9968358578512,42.84421683666361,0.4032762567705669,1.5950526315789475,0.06124388628832385,22.541495848977355,183.0693838827535,True,
6,32.25,5.375,61.04330455570053,61.04330455570053,9.803184995462777,58.81910997277666,0.8,3339.5363240930965,2671.629059274477,2612.8099493017007,42.802563988284334,0.4043864266573489,1.5950526315789475,0.06129910056530851,22.561818079829827,183.0693838827535,True,
6,32.5,5.416666666666667,61.09843958390949,61.09843958390949,9.834350229998014,59.00610137998808,0.8,3339.5363240930965,2671.629059274477,2612.622957894489,42.7608786032325,0.405496596544131,1.5950526315789475,0.06135446663147171,22.582196178383477,183.0693838827535,True,
6,32.75,5.458333333333333,61.15372576789348,61.15372576789348,9.86553291577181,59.193197494630866,0.8,3339.5363240930965,2671.629059274477,2612.435861779846,42.71916108096573,0.40660676643091315,1.5950526315789475,0.061409984486813465,22.60263014463831,183.0693838827535,True,
6,33.0,5.5,61.20916310765246,61.20916310765246,9.896733028944043,59.38039817366426,0.8,3339.5363240930965,2671.629059274477,2612.248661100813,42.67741181996697,0.4077169363176952,1.5950526315789475,0.06146565413133375,22.623119978594314,183.0693838827535,True,
6,33.25,5.541666666666667,61.26475160318647,61.26475160318647,9.927950545772008,59.56770327463205,0.8,3339.5363240930965,2671.629059274477,2612.061355999845,42.635631217739046,0.40882710620447726,1.5950526315789475,0.06152147556503259,22.643665680251495,183.0693838827535,True,
6,33.5,5.583333333333333,61.320491254495515,61.320491254495515,9.959185442609794,59.75511265565876,0.8,3339.5363240930965,2671.629059274477,2611.8739466188185,42.593819670799476,0.40993727609125935,1.5950526315789475,0.061577448787909966,22.664267249609853,183.0693838827535,True,
6,33.75,5.625,61.37638206157956,61.37638206157956,9.990437695907598,59.94262617544559,0.8,3339.5363240930965,2671.629059274477,2611.6864330990315,42.55197757467521,0.4110474459780414,1.5950526315789475,0.06163357379996588,22.684924686669383,183.0693838827535,True,
6,34.0,5.666666666666667,61.43242402443865,61.43242402443865,10.021707282211096,60.13024369326658,0.8,3339.5363240930965,2671.629059274477,2611.4988155812107,42.51010532389738,0.4121576158648235,1.5950526315789475,0.06168985060120035,22.7056379914301,183.0693838827535,True,
6,34.25,5.708333333333333,61.48861714307275,61.48861714307275,10.05299417816079,60.31796506896474,0.8,3339.5363240930965,2671.629059274477,2611.3110942055123,42.46820331199626,0.4132677857516056,1.5950526315789475,0.061746279191613365,22.726407163891988,183.0693838827535,True,
6,34.5,5.75,61.544961417481886,61.544961417481886,10.084298360491369,60.505790162948216,0.8,3339.5363240930965,2671.629059274477,2611.1232691115288,42.42627193149621,0.4143779556383877,1.5950526315789475,0.06180285957120492,22.747232204055056,183.0693838827535,True,
6,34.75,5.791666666666667,61.601456847666014,61.601456847666014,10.115619806031082,60.69371883618649,0.8,3339.5363240930965,2671.629059274477,2610.9353404382905,42.384311573910686,0.4154881255251697,1.5950526315789475,0.061859591739975,22.76811311191929,183.0693838827535,True,
6,35.0,5.833333333333333,61.65810343362519,61.65810343362519,10.146958491701112,60.881750950206666,0.8,3339.5363240930965,2671.629059274477,2610.7473083242703,42.34232262973729,0.41659829541195187,1.5950526315789475,0.06191647569792365,22.789049887484712,183.0693838827535,True,
6,35.25,5.875,61.71490117535938,61.71490117535938,10.17831439451496,61.06988636708976,0.8,3339.5363240930965,2671.629059274477,2610.5591729073876,42.30030548845298,0.41770846529873396,1.5950526315789475,0.06197351144505083,22.810042530751307,183.0693838827535,True,
6,35.5,5.916666666666667,61.77185007286858,61.77185007286858,10.209687491577819,61.25812494946692,0.8,3339.5363240930965,2671.629059274477,2610.3709343250102,42.25826053850922,0.418818635185516,1.5950526315789475,0.062030698981356554,22.831091041719077,183.0693838827535,True,
6,35.75,5.958333333333333,61.828950126152826,61.828950126152826,10.241077760085982,61.446466560515894,0.8,3339.5363240930965,2671.629059274477,2610.182592713961,42.216188167327275,0.4199288050722981,1.5950526315789475,0.06208803830684082,22.85219542038803,183.0693838827535,True,
6,36.0,6.0,61.886201335212064,61.886201335212064,10.27248517732623,61.634911063957375,0.8,3339.5363240930965,2671.629059274477,2609.9941482105196,42.17408876129359,0.4210389749590802,1.5950526315789475,0.062145529421503636,22.87335566675815,183.0693838827535,True,
6,36.25,6.041666666666667,61.943603700046346,61.943603700046346,10.303909720675234,61.8234583240514,0.8,3339.5363240930965,2671.629059274477,2609.8056009504257,42.13196270575509,0.42214914484586225,1.5950526315789475,0.06220317232534499,22.89457178082945,183.0693838827535,True,
6,36.5,6.083333333333333,62.00115722065565,62.00115722065565,10.335351367598966,62.01210820559379,0.8,3339.5363240930965,2671.629059274477,2609.6169510688833,42.08981038501473,0.42325931473264433,1.5950526315789475,0.062260967018364886,22.915843762601934,183.0693838827535,True,
6,36.75,6.125,62.05886189703997,62.05886189703997,10.366810095652115,62.20086057391269,0.8,3339.5363240930965,2671.629059274477,2609.4281987005643,42.04763218232699,0.4243694846194264,1.5950526315789475,0.06231891350056333,22.937171612075588,183.0693838827535,True,
6,37.0,6.166666666666667,62.116717729199316,62.116717729199316,10.39828588247751,62.389715294865056,0.8,3339.5363240930965,2671.629059274477,2609.239343979612,42.00542847989346,0.42547965450620845,1.5950526315789475,0.06237701177194031,22.95855532925042,183.0693838827535,True,
6,37.25,6.208333333333333,62.174724717133685,62.174724717133685,10.429778705805528,62.57867223483317,0.8,3339.5363240930965,2671.629059274477,2609.050387039644,41.96319965885848,0.4265898243929906,1.5950526315789475,0.06243526183249584,22.97999491412643,183.0693838827535,True,
6,37.5,6.25,62.232882860843056,62.232882860843056,10.461288543453549,62.76773126072129,0.8,3339.5363240930965,2671.629059274477,2608.861328013756,41.92094609930488,0.4276999942797726,1.5950526315789475,0.06249366368222991,23.00149036670361,183.0693838827535,True,
6,37.75,6.291666666666667,62.29119216032746,62.29119216032746,10.492815373325369,62.95689223995221,0.8,3339.5363240930965,2671.629059274477,2608.672167034525,41.8786681802497,0.4288101641665547,1.5950526315789475,0.06255221732114252,23.023041686981973,183.0693838827535,True,
6,38.0,6.333333333333333,62.3496526155869,62.3496526155869,10.52435917341065,63.146155040463896,0.8,3339.5363240930965,2671.629059274477,2608.4829042340134,41.836366279640096,0.42992033405333685,1.5950526315789475,0.06261092274923369,23.044648874961513,183.0693838827535,True,
6,38.25,6.375,62.40826422662133,62.40826422662133,10.555919921784364,63.33551953070618,0.8,3339.5363240930965,2671.629059274477,2608.293539743771,41.79404077434921,0.4310305039401188,1.5950526315789475,0.06266977996650339,23.066311930642225,183.0693838827535,True,
6,38.5,6.416666666666667,62.4670269934308,62.4670269934308,10.587497596606251,63.52498557963751,0.8,3339.5363240930965,2671.629059274477,2608.10407369484,41.75169204017209,0.43214067382690097,1.5950526315789475,0.06272878897295163,23.088030854024115,183.0693838827535,True,
6,38.75,6.458333333333333,62.5259409160153,62.5259409160153,10.619092176120255,63.71455305672153,0.8,3339.5363240930965,2671.629059274477,2607.914506217756,41.70932045182176,0.43325084371368305,1.5950526315789475,0.06278794976857842,23.109805645107187,183.0693838827535,True,
6,39.0,6.5,62.58500599437481,62.58500599437481,10.650703638654,63.904221831924005,0.8,3339.5363240930965,2671.629059274477,2607.724837442553,41.66692638292529,0.4343610136004651,1.5950526315789475,0.06284726235338375,23.131636303891433,183.0693838827535,True,
6,39.25,6.541666666666667,62.64422222850935,62.64422222850935,10.682331962618262,64.09399177570957,0.8,3339.5363240930965,2671.629059274477,2607.5350674987676,41.62451020601993,0.4354711834872472,1.5950526315789475,0.06290672672736763,23.153522830376854,183.0693838827535,True,
6,39.5,6.583333333333333,62.70358961841891,62.70358961841891,10.713977126506409,64.28386275903846,0.8,3339.5363240930965,2671.629059274477,2607.3451965154386,41.5820722925493,0.4365813533740293,1.5950526315789475,0.06296634289053005,23.175465224563453,183.0693838827535,True,
6,39.75,6.625,62.763108164103485,62.763108164103485,10.74563910889391,64.47383465336345,0.8,3339.5363240930965,2671.629059274477,2607.1552246211136,41.53961301285969,0.43769152326081134,1.5950526315789475,0.063026110842871,23.197463486451227,183.0693838827535,True,
6,40.0,6.666666666666667,62.82277786556308,62.82277786556308,10.777317888437794,64.66390733062677,0.8,3339.5363240930965,2671.629059274477,2606.9651519438503,41.49713273619636,0.43880169314759343,1.5950526315789475,0.06308603058439051,23.21951761604018,183.0693838827535,True,
6,40.25,6.708333333333333,62.88259872279771,62.88259872279771,10.809013443876134,64.85408066325681,0.8,3339.5363240930965,2671.629059274477,2606.7749786112204,41.454631830699924,0.43991186303437557,1.5950526315789475,0.06314610211508856,23.24162761333031,183.0693838827535,True,
6,40.5,6.75,62.94257073580735,62.94257073580735,10.840725754027535,65.04435452416521,0.8,3339.5363240930965,2671.629059274477,2606.584704750312,41.41211066340279,0.4410220329211576,1.5950526315789475,0.06320632543496515,23.263793478321613,183.0693838827535,True,
6,40.75,6.791666666666667,63.002693904592014,63.002693904592014,10.87245479779065,65.2347287867439,0.8,3339.5363240930965,2671.629059274477,2606.3943304877334,41.36956960022568,0.4421322028079397,1.5950526315789475,0.06326670054402028,23.286015211014092,183.0693838827535,True,
6,41.0,6.833333333333333,63.06296822915171,63.06296822915171,10.904200554143644,65.42520332486187,0.8,3339.5363240930965,2671.629059274477,2606.2038559496154,41.32700900597417,0.4432423726947218,1.5950526315789475,0.06332722744225397,23.308292811407753,183.0693838827535,True,
6,41.25,6.875,63.12339370948642,63.12339370948642,10.935963002143712,65.61577801286228,0.8,3339.5363240930965,2671.629059274477,2606.013281261615,41.28442924433534,0.4443525425815038,1.5950526315789475,0.06338790612966619,23.33062627950259,183.0693838827535,True,
6,41.5,6.916666666666667,63.183970345596144,63.183970345596144,10.967742120926586,65.80645272555951,0.8,3339.5363240930965,2671.629059274477,2605.8226065489175,41.24183067787447,0.44546271246828595,1.5950526315789475,0.06344873660625695,23.3530156152986,183.0693838827535,True,
6,41.75,6.958333333333333,63.244698137480896,63.244698137480896,10.999537889706044,65.99722733823626,0.8,3339.5363240930965,2671.629059274477,2605.631831936241,41.19921366803168,0.44657288235506803,1.5950526315789475,0.06350971887202626,23.375460818795787,183.0693838827535,True,
6,42.0,7.0,63.305577085140676,63.305577085140676,11.031350287773416,66.1881017266405,0.8,3339.5363240930965,2671.629059274477,2605.4409575478367,41.156578575118864,0.44768305224185007,1.5950526315789475,0.06357085292697412,23.397961889994153,183.0693838827535,True,
6,42.25,7.041666666666667,63.36660718857547,63.36660718857547,11.063179294497127,66.37907576698277,0.8,3339.5363240930965,2671.629059274477,2605.2499835074946,41.11392575831647,0.44879322212863215,1.5950526315789475,0.06363213877110051,23.420518828893695,183.0693838827535,True,
6,42.5,7.083333333333333,63.427788447785304,63.427788447785304,11.095024889322186,66.57014933593311,0.8,3339.5363240930965,2671.629059274477,2605.0589099385443,41.07125557567039,0.4499033920154143,1.5950526315789475,0.06369357640440546,23.443131635494417,183.0693838827535,True,
6,42.75,7.125,63.48912086277011,63.48912086277011,11.126887051769732,66.7613223106184,0.8,3339.5363240930965,2671.629059274477,2604.867736963859,41.02856838408906,0.4510135619021963,1.5950526315789475,0.06375516582688892,23.465800309796304,183.0693838827535,True,
6,43.0,7.166666666666667,63.55060443352998,63.55060443352998,11.15876576143658,66.95259456861947,0.8,3339.5363240930965,2671.629059274477,2604.6764647058576,40.98586453934028,0.4521237317889784,1.5950526315789475,0.06381690703855095,23.48852485179938,183.0693838827535,True,
6,43.25,7.208333333333333,63.61223916006487,63.61223916006487,11.190660997994726,67.14396598796836,0.8,3339.5363240930965,2671.629059274477,2604.485093286509,40.94314439604853,0.4532339016757605,1.5950526315789475,0.06387880003939152,23.511305261503626,183.0693838827535,True,
6,43.5,7.25,63.67402504237477,63.67402504237477,11.2225727411909,67.3354364471454,0.8,3339.5363240930965,2671.629059274477,2604.293622827332,40.900408307691976,0.45434407156254253,1.5950526315789475,0.06394084482941063,23.534141538909054,183.0693838827535,True,
6,43.75,7.291666666666667,63.73596208045969,63.73596208045969,11.254500970846113,67.52700582507669,0.8,3339.5363240930965,2671.629059274477,2604.1020534494005,40.85765662659969,0.45545424144932467,1.5950526315789475,0.0640030414086083,23.557033684015657,183.0693838827535,True,
6,44.0,7.333333333333333,63.79805027431964,63.79805027431964,11.286445666855208,67.71867400113125,0.8,3339.5363240930965,2671.629059274477,2603.910385273346,40.81488970394895,0.45656441133610687,1.5950526315789475,0.06406538977698449,23.579981696823435,183.0693838827535,True,
6,44.25,7.375,63.8602896239546,63.8602896239546,11.318406809186389,67.91044085511834,0.8,3339.5363240930965,2671.629059274477,2603.718618419359,40.772107889762516,0.4576745812228888,1.5950526315789475,0.06412788993453922,23.602985577332387,183.0693838827535,True,
6,44.5,7.416666666666667,63.9226801293646,63.9226801293646,11.350384377880802,68.10230626728482,0.8,3339.5363240930965,2671.629059274477,2603.5267530071924,40.729311532906024,0.4587847511096709,1.5950526315789475,0.06419054188127252,23.62604532554252,183.0693838827535,True,
6,44.75,7.458333333333333,63.98522179054963,63.98522179054963,11.382378353052081,68.29427011831248,0.8,3339.5363240930965,2671.629059274477,2603.334789156165,40.6865009810854,0.45989492099645307,1.5950526315789475,0.06425334561718435,23.649160941453832,183.0693838827535,True,
6,45.0,7.5,64.04791460750964,64.04791460750964,11.414388714885899,68.48633228931538,0.8,3339.5363240930965,2671.629059274477,2603.142726985162,40.64367658084441,0.46100509088323505,1.5950526315789475,0.06431630114227471,23.672332425066312,183.0693838827535,True,
6,45.25,7.541666666666667,64.1107585802447,64.1107585802447,11.446415443639564,68.67849266183738,0.8,3339.5363240930965,2671.629059274477,2602.9505666126397,40.60083867756201,0.46211526077001724,1.5950526315789475,0.06437940845654364,23.695559776379977,183.0693838827535,True,
6,45.5,7.583333333333333,64.17375370875477,64.17375370875477,11.478458519641556,68.87075111784934,0.8,3339.5363240930965,2671.629059274477,2602.7583081566277,40.5579876154502,0.46322543065679933,1.5950526315789475,0.06444266755999109,23.718842995394816,183.0693838827535,True,
6,45.75,7.625,64.23689999303988,64.23689999303988,11.510517923291118,69.06310753974671,0.8,3339.5363240930965,2671.629059274477,2602.5659517347303,40.51512373755148,0.4643356005435813,1.5950526315789475,0.06450607845261709,23.74218208211083,183.0693838827535,True,
6,46.0,7.666666666666667,64.30019743310001,64.30019743310001,11.542593635057843,69.25556181034706,0.8,3339.5363240930965,2671.629059274477,2602.37349746413,40.472247385736615,0.46544577043036345,1.5950526315789475,0.06456964113442164,23.765577036528025,183.0693838827535,True,
6,46.25,7.708333333333333,64.36364602893515,64.36364602893515,11.574685635481227,69.44811381288736,0.8,3339.5363240930965,2671.629059274477,2602.18094546159,40.42935890070243,0.4665559403171456,1.5950526315789475,0.06463335560540473,23.789027858646392,183.0693838827535,True,
6,46.5,7.75,64.4272457805453,64.4272457805453,11.606793905170262,69.64076343102157,0.8,3339.5363240930965,2671.629059274477,2601.9882958434555,40.38645862196955,0.4676661102039276,1.5950526315789475,0.06469722186556635,23.812534548465933,183.0693838827535,True,
6,46.75,7.791666666666667,64.4909966879305,64.4909966879305,11.63891842480305,69.8335105488183,0.8,3339.5363240930965,2671.629059274477,2601.795548725659,40.34354688788032,0.4687762800907097,1.5950526315789475,0.06476123991490654,23.83609710598666,183.0693838827535,True,
6,47.0,7.833333333333333,64.5548987510907,64.5548987510907,11.671059175126352,70.02635505075811,0.8,3339.5363240930965,2671.629059274477,2601.6027042237192,40.30062403559673,0.4698864499774918,1.5950526315789475,0.06482540975342525,23.859715531208558,183.0693838827535,True,
6,47.25,7.875,64.61895197002595,64.61895197002595,11.703216136955206,70.21929682173123,0.8,3339.5363240930965,2671.629059274477,2601.409762452746,40.2576904010983,0.4709966198642738,1.5950526315789475,0.06488973138112251,23.883389824131633,183.0693838827535,True,
6,47.5,7.916666666666667,64.68315634473619,64.68315634473619,11.735389291172531,70.41233574703519,0.8,3339.5363240930965,2671.629059274477,2601.216723527442,40.21474631918027,0.47210678975105597,1.5950526315789475,0.06495420479799832,23.907119984755887,183.0693838827535,True,
6,47.75,7.958333333333333,64.74751187522146,64.74751187522146,11.767578618728702,70.6054717123722,0.8,3339.5363240930965,2671.629059274477,2601.023587562105,40.17179212345152,0.47321695963783805,1.5950526315789475,0.06501883000405267,23.930906013081316,183.0693838827535,True,
6,48.0,8.0,64.81201856148175,64.81201856148175,11.799784100641183,70.7987046038471,0.8,3339.5363240930965,2671.629059274477,2600.83035467063,40.12882814633276,0.4743271295246201,1.5950526315789475,0.06508360699928556,23.95474790910792,183.0693838827535,True,
6,48.25,8.041666666666666,64.87667640351707,64.87667640351707,11.832005717994111,70.99203430796467,0.8,3339.5363240930965,2671.629059274477,2600.6370249665124,40.08585471905475,0.47543729941140217,1.5950526315789475,0.06514853578369699,23.9786456728357,183.0693838827535,True,
6,48.5,8.083333333333334,64.94148540132741,64.94148540132741,11.864243451937925,71.18546071162756,0.8,3339.5363240930965,2671.629059274477,2600.4435985628497,40.04287217165649,0.4765474692981843,1.5950526315789475,0.06521361635728698,24.002599304264663,183.0693838827535,True,
6,48.75,8.125,65.00644555491276,65.00644555491276,11.896497283688959,71.37898370213375,0.8,3339.5363240930965,2671.629059274477,2600.2500755723436,39.99988083298355,0.47765763918496634,1.5950526315789475,0.06527884872005549,24.026608803394794,183.0693838827535,True,
6,49.0,8.166666666666666,65.07155686427315,65.07155686427315,11.92876719452908,71.57260316717448,0.8,3339.5363240930965,2671.629059274477,2600.056456107303,39.95688103068633,0.47876780907174843,1.5950526315789475,0.06534423287200256,24.050674170226106,183.0693838827535,True,
6,49.25,8.208333333333334,65.13681932940855,65.13681932940855,11.961053165805293,71.76631899483175,0.8,3339.5363240930965,2671.629059274477,2599.8627402796455,39.91387309121857,0.4798779789585305,1.5950526315789475,0.06540976881312817,24.074795404758596,183.0693838827535,True,
6,49.5,8.25,65.20223295031899,65.20223295031899,11.993355178929376,71.96013107357625,0.8,3339.5363240930965,2671.629059274477,2599.668928200901,39.87085733983567,0.48098814884531255,1.5950526315789475,0.06547545654343231,24.09897250699226,183.0693838827535,True,
6,49.75,8.291666666666666,65.26779772700444,65.26779772700444,12.025673215377495,72.15403929226497,0.8,3339.5363240930965,2671.629059274477,2599.4750199822124,39.827834100593286,0.4820983187320947,1.5950526315789475,0.06554129606291502,24.123205476927104,183.0693838827535,True,
6,50.0,8.333333333333334,65.33351365946488,65.33351365946488,12.05800725668984,72.34804354013905,0.8,3339.5363240930965,2671.629059274477,2599.2810157343383,39.78480369634582,0.4832084886188768,1.5950526315789475,0.06560728737157626,24.147494314563122,183.0693838827535,True,
6,50.25,8.375,65.39938074770038,65.39938074770038,12.09035728447025,72.54214370682149,0.8,3339.5363240930965,2671.629059274477,2599.0869155676555,39.741766448744954,0.4843186585056588,1.5950526315789475,0.06567343046941604,24.171839019900318,183.0693838827535,True,
6,50.5,8.416666666666666,65.46539899171088,65.46539899171088,12.122723280385857,72.73633968231515,0.8,3339.5363240930965,2671.629059274477,2598.892719592162,39.69872267823846,0.48542882839244095,1.5950526315789475,0.06573972535643437,24.196239592938692,183.0693838827535,True,
6,50.75,8.458333333333334,65.53156839149642,65.53156839149642,12.155105226166718,72.93063135700031,0.8,3339.5363240930965,2671.629059274477,2598.6984279174767,39.655672704068714,0.48653899827922303,1.5950526315789475,0.06580617203263123,24.220696033678237,183.0693838827535,True,
6,51.0,8.5,65.59788894705697,65.59788894705697,12.18750310360546,73.12501862163276,0.8,3339.5363240930965,2671.629059274477,2598.504040652844,39.61261684427156,0.48764916816600506,1.5950526315789475,0.06587277049800663,24.24520834211896,183.0693838827535,True,
6,51.25,8.541666666666666,65.66436065839254,65.66436065839254,12.219916894556922,73.31950136734153,0.8,3339.5363240930965,2671.629059274477,2598.3095579071355,39.56955541567504,0.48875933805278715,1.5950526315789475,0.0659395207525606,24.269776518260866,183.0693838827535,True,
6,51.5,8.583333333333334,65.73098352550313,65.73098352550313,12.252346580937795,73.51407948562677,0.8,3339.5363240930965,2671.629059274477,2598.1149797888506,39.52648873389824,0.4898695079395693,1.5950526315789475,0.0660064227962931,24.29440056210394,183.0693838827535,True,
6,51.75,8.625,65.79775754838876,65.79775754838876,12.284792144726277,73.70875286835766,0.8,3339.5363240930965,2671.629059274477,2597.9203064061194,39.48341711335019,0.4909796778263513,1.5950526315789475,0.06607347662920414,24.3190804736482,183.0693838827535,True,
6,52.0,8.666666666666666,65.8646827270494,65.8646827270494,12.317253567961735,73.90352140777041,0.8,3339.5363240930965,2671.629059274477,2597.725537866707,39.44034086722883,0.4920898477131334,1.5950526315789475,0.06614068225129371,24.343816252893628,183.0693838827535,True,
6,52.25,8.708333333333334,65.93175906148507,65.93175906148507,12.34973083274435,74.0983849964661,0.8,3339.5363240930965,2671.629059274477,2597.5306742780112,39.3972603075199,0.4932000175999155,1.5950526315789475,0.06620803966256185,24.368607899840242,183.0693838827535,True,
6,52.5,8.75,65.99898655169575,65.99898655169575,12.38222392123475,74.2933435274085,0.8,3339.5363240930965,2671.629059274477,2597.3357157470687,39.3541757449961,0.4943101874866975,1.5950526315789475,0.06627554886300852,24.393455414488024,183.0693838827535,True,
6,52.75,8.791666666666666,66.06636519768146,66.06636519768146,12.414732815653732,74.48839689392238,0.8,3339.5363240930965,2671.629059274477,2597.1406623805547,39.31108748921606,0.49542035737347967,1.5950526315789475,0.06634320985263374,24.41835879683699,183.0693838827535,True,
6,53.0,8.833333333333334,66.13389499944218,66.13389499944218,12.447257498281857,74.68354498969114,0.8,3339.5363240930965,2671.629059274477,2596.945514284786,39.267995848523526,0.49653052726026176,1.5950526315789475,0.0664110226314375,24.443318046887125,183.0693838827535,True,
6,53.25,8.875,66.20157595697795,66.20157595697795,12.479797951459162,74.87878770875497,0.8,3339.5363240930965,2671.629059274477,2596.7502715657224,39.22490113004648,0.4976406971470438,1.5950526315789475,0.0664789871994198,24.468333164638445,183.0693838827535,True,
6,53.5,8.916666666666666,66.2694080702887,66.2694080702887,12.512354157584817,75.0741249455089,0.8,3339.5363240930965,2671.629059274477,2596.554934328968,39.18180363969646,0.4987508670338259,1.5950526315789475,0.06654710355658064,24.493404150090935,183.0693838827535,True,
6,53.75,8.958333333333334,66.33739133937452,66.33739133937452,12.54492609911677,75.26955659470062,0.8,3339.5363240930965,2671.629059274477,2596.3595026797766,39.13870368216769,0.499861036920608,1.5950526315789475,0.06661537170292003,24.518531003244608,183.0693838827535,True,
6,54.0,9.0,66.4055257642353,66.4055257642353,12.577513758571468,75.46508255142881,0.8,3339.5363240930965,2671.629059274477,2596.1639767230486,39.09560156093653,0.50097120680739,1.5950526315789475,0.06668379163843796,24.543713724099447,183.0693838827535,True,
6,54.25,9.041666666666666,66.47381134487115,66.47381134487115,12.610117118523489,75.66070271114093,0.8,3339.5363240930965,2671.629059274477,2595.9683565633363,39.052497578260656,0.5020813766941722,1.5950526315789475,0.06675236336313445,24.568952312655476,183.0693838827535,True,
6,54.5,9.083333333333334,66.54224808128201,66.54224808128201,12.642736161605248,75.85641696963148,0.8,3339.5363240930965,2671.629059274477,2595.7726423048457,39.00939203517867,0.5031915465809542,1.5950526315789475,0.06682108687700947,24.594246768912676,183.0693838827535,True,
6,54.75,9.125,66.61083597346789,66.61083597346789,12.675370870506658,76.05222522303995,0.8,3339.5363240930965,2671.629059274477,2595.5768340514373,38.96628523150941,0.5043017164677362,1.5950526315789475,0.06688996218006302,24.619597092871047,183.0693838827535,True,
6,55.0,9.166666666666666,66.67957502142879,66.67957502142879,12.708021227974827,76.24812736784897,0.8,3339.5363240930965,2671.629059274477,2595.380931906628,38.923177465851445,0.5054118863545184,1.5950526315789475,0.06695898927229513,24.6450032845306,183.0693838827535,True,
6,55.25,9.208333333333334,66.74846522516472,66.74846522516472,12.740687216813749,76.4441233008825,0.8,3339.5363240930965,2671.629059274477,2595.1849359735947,38.880069035582686,0.5065220562413005,1.5950526315789475,0.06702816815370578,24.67046534389133,183.0693838827535,True,
6,55.5,9.25,66.81750658467566,66.81750658467566,12.773368819883974,76.64021291930385,0.8,3339.5363240930965,2671.629059274477,2594.9888463551733,38.83696023685991,0.5076322261280826,1.5950526315789475,0.06709749882429497,24.69598327095323,183.0693838827535,True,
6,55.75,9.291666666666666,66.88669909996162,66.88669909996162,12.806066020102305,76.83639612061383,0.8,3339.5363240930965,2671.629059274477,2594.7926631538635,38.793851364618355,0.5087423960148646,1.5950526315789475,0.0671669812840627,24.721557065716315,183.0693838827535,True,
6,56.0,9.333333333333334,66.95604277102261,66.95604277102261,12.838778800441501,77.032672802649,0.8,3339.5363240930965,2671.629059274477,2594.5963864718283,38.75074271257147,0.5098525659016467,1.5950526315789475,0.06723661553300898,24.747186728180576,183.0693838827535,True,
6,56.25,9.375,67.02553759785862,67.02553759785862,12.871507143929962,77.22904286357978,0.8,3339.5363240930965,2671.629059274477,2594.4000164108975,38.707634573210576,0.5109627357884288,1.5950526315789475,0.0673064015711338,24.77287225834601,183.0693838827535,True,
6,56.5,9.416666666666666,67.09518358046967,67.09518358046967,12.904251033651434,77.4255062019086,0.8,3339.5363240930965,2671.629059274477,2594.2035530725684,38.664527237804585,0.5120729056752109,1.5950526315789475,0.06737633939843718,24.798613656212627,183.0693838827535,True,
6,56.75,9.458333333333334,67.1649807188557,67.1649807188557,12.937010452744696,77.62206271646818,0.8,3339.5363240930965,2671.629059274477,2594.006996558009,38.62142099639992,0.5131830755619929,1.5950526315789475,0.06744642901491908,24.824410921780412,183.0693838827535,True,
6,57.0,9.5,67.23492901301678,67.23492901301678,12.969785384403272,77.81871230641963,0.8,3339.5363240930965,2671.629059274477,2593.8103469680577,38.57831613782015,0.514293245448775,1.5950526315789475,0.06751667042057953,24.85026405504938,183.0693838827535,True,
6,57.25,9.541666666666666,67.30502846295288,67.30502846295288,13.00257581187514,78.01545487125084,0.8,3339.5363240930965,2671.629059274477,2593.6136044032264,38.53521294966609,0.5154034153355571,1.5950526315789475,0.06758706361541852,24.87617305601952,183.0693838827535,True,
6,57.5,9.583333333333334,67.375279068664,67.375279068664,13.035381718462432,78.21229031077459,0.8,3339.5363240930965,2671.629059274477,2593.4167689637025,38.492111718315556,0.5165135852223393,1.5950526315789475,0.06765760859943606,24.90213792469084,183.0693838827535,True,
6,57.75,9.625,67.44568083015012,67.44568083015012,13.068203087521134,78.4092185251268,0.8,3339.5363240930965,2671.629059274477,2593.21984074935,38.44901272892345,0.5176237551091213,1.5950526315789475,0.06772830537263215,24.928158661063332,183.0693838827535,True,
6,58.0,9.666666666666666,67.51623374741129,67.51623374741129,13.101039902460823,78.60623941476493,0.8,3339.5363240930965,2671.629059274477,2593.0228198597124,38.40591626542164,0.5187339249959033,1.5950526315789475,0.06779915393500677,24.954235265137005,183.0693838827535,True,
6,58.25,9.708333333333334,67.58693782044749,67.58693782044749,13.133892146744348,78.8033528804661,0.8,3339.5363240930965,2671.629059274477,2592.825706394011,38.362822610519096,0.5198440948826855,1.5950526315789475,0.06787015428655994,24.98036773691186,183.0693838827535,True,
6,58.5,9.75,67.65779304925869,67.65779304925869,13.166759803887567,79.0005588233254,0.8,3339.5363240930965,2671.629059274477,2592.628500451152,38.319732045702,0.5209542647694675,1.5950526315789475,0.06794130642729165,25.006556076387884,183.0693838827535,True,
6,58.75,9.791666666666666,67.72879943384491,67.72879943384491,13.199642857459057,79.19785714475435,0.8,3339.5363240930965,2671.629059274477,2592.431202129723,38.27664485123375,0.5220644346562496,1.5950526315789475,0.06801261035720191,25.032800283565084,183.0693838827535,True,
6,59.0,9.833333333333334,67.79995697420617,67.79995697420617,13.232541291079848,79.39524774647909,0.8,3339.5363240930965,2671.629059274477,2592.233811527998,38.233561306155224,0.5231746045430317,1.5950526315789475,0.06808406607629071,25.059100358443466,183.0693838827535,True,
6,59.25,9.875,67.87126567034242,67.87126567034242,13.265455088423106,79.59273053053863,0.8,3339.5363240930965,2671.629059274477,2592.0363287439386,38.190481688285,0.5242847744298137,1.5950526315789475,0.06815567358455804,25.08545630102302,183.0693838827535,True,
6,59.5,9.916666666666666,67.94272552225371,67.94272552225371,13.298384233213909,79.79030539928345,0.8,3339.5363240930965,2671.629059274477,2591.8387538751936,38.147406274219485,0.5253949443165958,1.5950526315789475,0.06822743288200393,25.11186811130375,183.0693838827535,True,
6,59.75,9.958333333333334,68.01433652994005,68.01433652994005,13.331328709228929,79.98797225537358,0.8,3339.5363240930965,2671.629059274477,2591.6410870191035,38.10433533933331,0.526505114203378,1.5950526315789475,0.06829934396862837,25.138335789285666,183.0693838827535,True,
6,60.0,10.0,68.08609869340137,68.08609869340137,13.36428850029618,80.18573100177707,0.8,3339.5363240930965,2671.629059274477,2591.4433282727,38.06126915777967,0.52761528409016,1.5950526315789475,0.06837140684443134,25.16485933496875,183.0693838827535,True,
6,60.25,10.041666666666666,68.15801201263773,68.15801201263773,13.397263590294756,80.38358154176854,0.8,3339.5363240930965,2671.629059274477,2591.2454777327084,38.01820800249052,0.528725453976942,1.5950526315789475,0.06844362150941286,25.19143874835301,183.0693838827535,True,
6,60.5,10.083333333333334,68.2300764876491,68.2300764876491,13.430253963154533,80.58152377892719,0.8,3339.5363240930965,2671.629059274477,2591.04753549555,37.97515214517717,0.5298356238637242,1.5950526315789475,0.06851598796357292,25.21807402943845,183.0693838827535,True,
6,60.75,10.125,68.30229211843549,68.30229211843549,13.463259602855937,80.77955761713562,0.8,3339.5363240930965,2671.629059274477,2590.8495016573415,37.9321018563306,0.5309457937505062,1.5950526315789475,0.06858850620691151,25.244765178225062,183.0693838827535,True,
6,61.0,10.166666666666666,68.37465890499693,68.37465890499693,13.49628049342966,80.97768296057797,0.8,3339.5363240930965,2671.629059274477,2590.651376313899,37.889057405221955,0.5320559636372884,1.5950526315789475,0.06866117623942866,25.27151219471286,183.0693838827535,True,
6,61.25,10.208333333333334,68.44717684733337,68.44717684733337,13.5293166189564,81.1758997137384,0.8,3339.5363240930965,2671.629059274477,2590.4531595607386,37.84601905990313,0.5331661335240704,1.5950526315789475,0.06873399806112435,25.298315078901826,183.0693838827535,True,
6,61.5,10.25,68.51984594544483,68.51984594544483,13.562367963566595,81.37420778139958,0.8,3339.5363240930965,2671.629059274477,2590.2548514930777,37.80298708720721,0.5342763034108524,1.5950526315789475,0.06880697167199858,25.32517383079197,183.0693838827535,True,
6,61.75,10.291666666666666,68.5926661993313,68.5926661993313,13.595434511440189,81.57260706864113,0.8,3339.5363240930965,2671.629059274477,2590.056452205836,37.7599617527491,0.5353864732976346,1.5950526315789475,0.06888009707205135,25.35208845038329,183.0693838827535,True,
6,62.0,10.333333333333334,68.66563760899282,68.66563760899282,13.628516246806342,81.77109748083805,0.8,3339.5363240930965,2671.629059274477,2589.8579617936393,37.71694332092618,0.5364966431844167,1.5950526315789475,0.06895337426128267,25.379058937675794,183.0693838827535,True,
6,62.25,10.375,68.73876017442934,68.73876017442934,13.661613153943199,81.96967892365919,0.8,3339.5363240930965,2671.629059274477,2589.659380350818,37.67393205491892,0.5376068130711987,1.5950526315789475,0.06902680323969254,25.40608529266947,183.0693838827535,True,
6,62.5,10.416666666666666,68.8120338956409,68.8120338956409,13.694725217177632,82.16835130306579,0.8,3339.5363240930965,2671.629059274477,2589.4607079714115,37.63092821669159,0.5387169829579808,1.5950526315789475,0.06910038400728094,25.433167515364318,183.0693838827535,True,
6,62.75,10.458333333333334,68.8854587726275,68.8854587726275,13.727852420884979,82.36711452530987,0.8,3339.5363240930965,2671.629059274477,2589.2619447491675,37.58793206699297,0.539827152844763,1.5950526315789475,0.0691741165640479,25.460305605760357,183.0693838827535,True,
6,63.0,10.5,68.95903480538907,68.95903480538907,13.760994749488798,82.56596849693278,0.8,3339.5363240930965,2671.629059274477,2589.0630907775444,37.544943865357176,0.5409373227315449,1.5950526315789475,0.06924800090999338,25.487499563857554,183.0693838827535,True,
6,63.25,10.541666666666666,69.03276199392567,69.03276199392567,13.794152187460641,82.76491312476385,0.8,3339.5363240930965,2671.629059274477,2588.864146149713,37.50196387010435,0.5420474926183271,1.5950526315789475,0.06932203704511741,25.514749389655936,183.0693838827535,True,
6,63.5,10.583333333333334,69.10664033823731,69.10664033823731,13.82732471931977,82.96394831591863,0.8,3339.5363240930965,2671.629059274477,2588.6651109585587,37.45899233834158,0.5431576625051092,1.5950526315789475,0.06939622496942,25.542055083155496,183.0693838827535,True,
6,63.75,10.625,69.18066983832396,69.18066983832396,13.860512329632947,83.16307397779768,0.8,3339.5363240930965,2671.629059274477,2588.4659852966797,37.41602952596376,0.5442678323918911,1.5950526315789475,0.06947056468290111,25.56941664435623,183.0693838827535,True,
6,64.0,10.666666666666666,69.25485049418565,69.25485049418565,13.893715003014178,83.36229001808506,0.8,3339.5363240930965,2671.629059274477,2588.2667692563923,37.373075687654435,0.5453780022786734,1.5950526315789475,0.06954505618556078,25.596834073258144,183.0693838827535,True,
6,64.25,10.708333333333334,69.32918230582236,69.32918230582236,13.926932724124459,83.56159634474676,0.8,3339.5363240930965,2671.629059274477,2588.0674629297305,37.330131076886815,0.5464881721654554,1.5950526315789475,0.06961969947739899,25.624307369861235,183.0693838827535,True,
6,64.5,10.75,69.4036652732341,69.4036652732341,13.960165477671564,83.76099286602938,0.8,3339.5363240930965,2671.629059274477,2587.8680664084477,37.28719594592468,0.5475983420522375,1.5950526315789475,0.06969449455841575,25.651836534165504,183.0693838827535,True,
6,64.75,10.791666666666666,69.47829939642084,69.47829939642084,13.993413248409789,83.96047949045874,0.8,3339.5363240930965,2671.629059274477,2587.668579784018,37.244270545823426,0.5487085119390196,1.5950526315789475,0.06976944142861105,25.679421566170944,183.0693838827535,True,
6,65.0,10.833333333333334,69.5530846753826,69.5530846753826,14.02667602113973,84.16005612683838,0.8,3339.5363240930965,2671.629059274477,2587.469003147639,37.20135512643107,0.5498186818258017,1.5950526315789475,0.06984454008798488,25.707062465877563,183.0693838827535,True,
6,65.25,10.875,69.62802111011938,69.62802111011938,14.059953780708028,84.35972268424817,0.8,3339.5363240930965,2671.629059274477,2587.269336590229,37.15844993638931,0.5509288517125837,1.5950526315789475,0.06991979053653725,25.734759233285356,183.0693838827535,True,
6,65.5,10.916666666666666,69.7031087006312,69.7031087006312,14.093246512007154,84.55947907204292,0.8,3339.5363240930965,2671.629059274477,2587.0695802024343,37.11555522313464,0.5520390215993658,1.5950526315789475,0.06999519277426819,25.76251186839433,183.0693838827535,True,
6,65.75,10.958333333333334,69.77834744691805,69.77834744691805,14.126554199975192,84.75932519985116,0.8,3339.5363240930965,2671.629059274477,2586.869734074626,37.072671232899516,0.5531491914861479,1.5950526315789475,0.07007074680117767,25.790320371204484,183.0693838827535,True,
6,66.0,11.0,69.85373734897989,69.85373734897989,14.15987682959556,84.95926097757336,0.8,3339.5363240930965,2671.629059274477,2586.669798296904,37.029798210713466,0.55425936137293,1.5950526315789475,0.07014645261726567,25.818184741715807,183.0693838827535,True,
6,66.25,11.041666666666666,69.92927840681678,69.92927840681678,14.193214385896846,85.15928631538108,0.8,3339.5363240930965,2671.629059274477,2586.469772959096,36.986936400404275,0.5553695312597121,1.5950526315789475,0.07022231022253222,25.846104979928313,183.0693838827535,True,
6,66.5,11.083333333333334,70.00497062042867,70.00497062042867,14.226566853952548,85.35940112371529,0.8,3339.5363240930965,2671.629059274477,2586.269658150762,36.944086044599295,0.5564797011464943,1.5950526315789475,0.07029831961697733,25.87408108584199,183.0693838827535,True,
6,66.75,11.125,70.0808139898156,70.0808139898156,14.259934218880824,85.55960531328495,0.8,3339.5363240930965,2671.629059274477,2586.0694539611923,36.901247384726574,0.5575898710332763,1.5950526315789475,0.07037448080060096,25.902113059456845,183.0693838827535,True,
6,67.0,11.166666666666666,70.15680851497753,70.15680851497753,14.293316465844338,85.75989879506602,0.8,3339.5363240930965,2671.629059274477,2585.869160479411,36.85842066101629,0.5587000409200583,1.5950526315789475,0.07045079377340316,25.93020090077288,183.0693838827535,True,
6,67.25,11.208333333333334,70.2329541959145,70.2329541959145,14.326713580049974,85.96028148029984,0.8,3339.5363240930965,2671.629059274477,2585.6687777941775,36.815606112501925,0.5598102108068405,1.5950526315789475,0.07052725853538389,25.95834460979009,183.0693838827535,True,
6,67.5,11.25,70.30925103262648,70.30925103262648,14.360125546748653,86.16075328049192,0.8,3339.5363240930965,2671.629059274477,2585.4683059939853,36.77280397702172,0.5609203806936225,1.5950526315789475,0.07060387508654316,25.98654418650847,183.0693838827535,True,
6,67.75,11.291666666666666,70.38569902511348,70.38569902511348,14.393552351235106,86.36131410741064,0.8,3339.5363240930965,2671.629059274477,2585.2677451670666,36.73001449121998,0.5620305505804046,1.5950526315789475,0.07068064342688098,26.014799630928035,183.0693838827535,True,
6,68.0,11.333333333333334,70.46229817337552,70.46229817337552,14.426993978847653,86.56196387308592,0.8,3339.5363240930965,2671.629059274477,2585.0670954013913,36.68723789054854,0.5631407204671867,1.5950526315789475,0.07075756355639734,26.04311094304878,183.0693838827535,True,
6,68.25,11.375,70.53904847741256,70.53904847741256,14.460450414967985,86.76270248980791,0.8,3339.5363240930965,2671.629059274477,2584.8663567846693,36.644474409268135,0.5642508903539687,1.5950526315789475,0.07083463547509222,26.07147812287069,183.0693838827535,True,
6,68.5,11.416666666666666,70.61594993722463,70.61594993722463,14.493921645020972,86.96352987012583,0.8,3339.5363240930965,2671.629059274477,2584.665529404351,36.60172428044993,0.5653610602407508,1.5950526315789475,0.07091185918296568,26.099901170393785,183.0693838827535,True,
6,68.75,11.458333333333334,70.69300255281175,70.69300255281175,14.527407654474425,87.16444592684655,0.8,3339.5363240930965,2671.629059274477,2584.464613347631,36.558987735976935,0.566471230127533,1.5950526315789475,0.07098923468001768,26.128380085618062,183.0693838827535,True,
6,69.0,11.5,70.77020632417384,70.77020632417384,14.560908428838896,87.36545057303337,0.8,3339.5363240930965,2671.629059274477,2584.263608701444,36.51626500654564,0.567581400014315,1.5950526315789475,0.0710667619662482,26.1569148685435,183.0693838827535,True,
6,69.25,11.541666666666666,70.84756125131099,70.84756125131099,14.594423953667476,87.56654372200487,0.8,3339.5363240930965,2671.629059274477,2584.062515552472,36.473556321667395,0.568691569901097,1.5950526315789475,0.07114444104165728,26.185505519170125,183.0693838827535,True,
6,69.5,11.583333333333334,70.92506733422316,70.92506733422316,14.627954214555569,87.7677252873334,0.8,3339.5363240930965,2671.629059274477,2583.8613339871436,36.430861909670185,0.5698017397878792,1.5950526315789475,0.0712222719062449,26.21415203749793,183.0693838827535,True,
6,69.75,11.625,71.00272457291031,71.00272457291031,14.66149919714071,87.96899518284425,0.8,3339.5363240930965,2671.629059274477,2583.660064091633,36.388181997700094,0.5709119096746612,1.5950526315789475,0.07130025456001106,26.242854423526897,183.0693838827535,True,
6,70.0,11.666666666666666,71.0805329673725,71.0805329673725,14.69505888710234,88.17035332261403,0.8,3339.5363240930965,2671.629059274477,2583.458705951863,36.34551681172292,0.5720220795614434,1.5950526315789475,0.07137838900295576,26.27161267725705,183.0693838827535,True,
6,70.25,11.708333333333334,71.15849251760973,71.15849251760973,14.728633270161618,88.37179962096971,0.8,3339.5363240930965,2671.629059274477,2583.2572596535074,36.302866576525965,0.5731322494482254,1.5950526315789475,0.07145667523507901,26.300426798688378,183.0693838827535,True,
6,70.5,11.75,71.23660322362198,71.23660322362198,14.762222332081194,88.57333399248716,0.8,3339.5363240930965,2671.629059274477,2583.05572528199,36.260231515719596,0.5742424193350074,1.5950526315789475,0.0715351132563808,26.329296787820883,183.0693838827535,True,
6,70.75,11.791666666666666,71.31486508540925,71.31486508540925,14.795826058665044,88.77495635199027,0.8,3339.5363240930965,2671.629059274477,2582.854102922487,36.217611851739015,0.5753525892217896,1.5950526315789475,0.07161370306686114,26.35822264465457,183.0693838827535,True,
6,71.0,11.833333333333334,71.39327810297155,71.39327810297155,14.829444435758242,88.97666661454946,0.8,3339.5363240930965,2671.629059274477,2582.6523926599275,36.175007805845965,0.5764627591085717,1.5950526315789475,0.07169244466652003,26.387204369189433,183.0693838827535,True,
6,71.25,11.875,71.47184227630885,71.47184227630885,14.86307744924677,89.17846469548061,0.8,3339.5363240930965,2671.629059274477,2582.4505945789965,36.13241959813054,0.5775729289953537,1.5950526315789475,0.07177133805535744,26.416241961425467,183.0693838827535,True,
6,71.5,11.916666666666666,71.55055760542119,71.55055760542119,14.896725085057327,89.38035051034396,0.8,3339.5363240930965,2671.629059274477,2582.2487087641334,36.08984744751288,0.5786830988821358,1.5950526315789475,0.07185038323337341,26.445335421362678,183.0693838827535,True,
6,71.75,11.958333333333334,71.62942409030853,71.62942409030853,14.930387329157139,89.58232397494282,0.8,3339.5363240930965,2671.629059274477,2582.0467352995342,36.0472915717451,0.5797932687689179,1.5950526315789475,0.07192958020056792,26.47448474900107,183.0693838827535,True,
6,72.0,12.0,71.70844173097092,71.70844173097092,14.964064167553726,89.78438500532235,0.8,3339.5363240930965,2671.629059274477,2581.844674269155,36.00475218741303,0.5809034386556999,1.5950526315789475,0.07200892895694097,26.503689944340636,183.0693838827535,True,
6,72.25,12.041666666666666,71.78761052740832,71.78761052740832,14.997755586294776,89.98653351776866,0.8,3339.5363240930965,2671.629059274477,2581.6425257567084,35.962229509938126,0.5820136085424821,1.5950526315789475,0.07208842950249257,26.532951007381378,183.0693838827535,True,
6,72.5,12.083333333333334,71.86693047962072,71.86693047962072,15.031461571467897,90.18876942880738,0.8,3339.5363240930965,2671.629059274477,2581.4402898456697,35.91972375357937,0.5831237784292641,1.5950526315789475,0.0721680818372227,26.562267938123295,183.0693838827535,True,
6,72.75,12.125,71.94640158760816,71.94640158760816,15.06518210920044,90.39109265520264,0.8,3339.5363240930965,2671.629059274477,2581.2379666192746,35.877235131435114,0.5842339483160461,1.5950526315789475,0.07224788596113138,26.591640736566394,183.0693838827535,True,
6,73.0,12.166666666666666,72.02602385137062,72.02602385137062,15.098917185659335,90.59350311395602,0.8,3339.5363240930965,2671.629059274477,2581.035556160521,35.834763855445075,0.5853441182028283,1.5950526315789475,0.07232784187421862,26.621069402710667,183.0693838827535,True,
6,73.25,12.208333333333334,72.10579727090811,72.10579727090811,15.132666787050866,90.7960007223052,0.8,3339.5363240930965,2671.629059274477,2580.833058552172,35.792310136392295,0.5864542880896104,1.5950526315789475,0.07240794957648439,26.65055393655612,183.0693838827535,True,
6,73.5,12.25,72.1857218462206,72.1857218462206,15.166430899620517,90.9985853977231,0.8,3339.5363240930965,2671.629059274477,2580.630473876754,35.74987418390507,0.5875644579763925,1.5950526315789475,0.07248820906792869,26.68009433810274,183.0693838827535,True,
6,73.75,12.291666666666666,72.26579757730813,72.26579757730813,15.200209509652762,91.20125705791656,0.8,3339.5363240930965,2671.629059274477,2580.427802216561,35.707456206459,0.5886746278631745,1.5950526315789475,0.07256862034855155,26.709690607350545,183.0693838827535,True,
6,74.0,12.333333333333334,72.3460244641707,72.3460244641707,15.234002603470904,91.40401562082542,0.8,3339.5363240930965,2671.629059274477,2580.225043653652,35.665056411378984,0.5897847977499566,1.5950526315789475,0.07264918341835296,26.739342744299528,183.0693838827535,True,
6,74.25,12.375,72.42640250680826,72.42640250680826,15.267810167436874,91.60686100462124,0.8,3339.5363240930965,2671.629059274477,2580.022198269856,35.62267500484133,0.5908949676367387,1.5950526315789475,0.0727298982773329,26.76905074894968,183.0693838827535,True,
6,74.5,12.416666666666666,72.50693170522085,72.50693170522085,15.301632187951059,91.80979312770636,0.8,3339.5363240930965,2671.629059274477,2579.819266146771,35.58031219187574,0.5920051375235208,1.5950526315789475,0.07281076492549138,26.798814621301016,183.0693838827535,True,
6,74.75,12.458333333333334,72.58761205940846,72.58761205940846,15.335468651452105,92.01281190871264,0.8,3339.5363240930965,2671.629059274477,2579.6162473657646,35.53796817636746,0.5931153074103028,1.5950526315789475,0.07289178336282841,26.828634361353522,183.0693838827535,True,
6,75.0,12.5,72.66844356937108,72.66844356937108,15.369319544416769,92.21591726650061,0.8,3339.5363240930965,2671.629059274477,2579.4131420079766,35.49564316105939,0.5942254772970849,1.5950526315789475,0.07297295358934397,26.858509969107203,183.0693838827535,True,
6,75.25,12.541666666666666,72.74942623510876,72.74942623510876,15.403184853359724,92.41910912015834,0.8,3339.5363240930965,2671.629059274477,2579.209950154319,35.453337347554175,0.595335647183867,1.5950526315789475,0.07305427560503809,26.88844144456207,183.0693838827535,True,
6,75.5,12.583333333333334,72.83056005662144,72.83056005662144,15.437064564833356,92.62238738900014,0.8,3339.5363240930965,2671.629059274477,2579.006671885477,35.411050936316464,0.5964458170706491,1.5950526315789475,0.07313574940991076,26.918428787718113,183.0693838827535,True,
6,75.75,12.625,72.91184503390915,72.91184503390915,15.470958665427643,92.82575199256586,0.8,3339.5363240930965,2671.629059274477,2578.803307281911,35.368784126674974,0.5975559869574312,1.5950526315789475,0.07321737500396196,26.948471998575332,183.0693838827535,True,
6,76.0,12.666666666666666,72.99328116697185,72.99328116697185,15.50486714176994,93.02920285061964,0.8,3339.5363240930965,2671.629059274477,2578.5998564238575,35.32653711682477,0.5986661568442132,1.5950526315789475,0.0732991523871917,26.978571077133722,183.0693838827535,True,
6,76.25,12.708333333333334,73.07486845580961,73.07486845580961,15.538789980524815,93.2327398831489,0.8,3339.5363240930965,2671.629059274477,2578.3963193913282,35.28431010382941,0.5997763267309953,1.5950526315789475,0.07338108155959999,27.008726023393294,183.0693838827535,True,
6,76.5,12.75,73.15660690042236,73.15660690042236,15.572727168393872,93.43636301036324,0.8,3339.5363240930965,2671.629059274477,2578.192696264114,35.2421032836233,0.6008864966177774,1.5950526315789475,0.07346316252118681,27.038936837354033,183.0693838827535,True,
6,76.75,12.791666666666666,73.23849650081016,73.23849650081016,15.606678692115604,93.64007215269362,0.8,3339.5363240930965,2671.629059274477,2577.988987121784,35.19991685101382,0.6019966665045595,1.5950526315789475,0.0735453952719522,27.06920351901596,183.0693838827535,True,
6,77.0,12.833333333333334,73.32053725697295,73.32053725697295,15.640644538465198,93.84386723079119,0.8,3339.5363240930965,2671.629059274477,2577.785192043686,35.157750999683685,0.6031068363913415,1.5950526315789475,0.07362777981189611,27.099526068379056,183.0693838827535,True,
6,77.25,12.875,73.4027291689108,73.4027291689108,15.674624694254357,94.04774816552614,0.8,3339.5363240930965,2671.629059274477,2577.581311108951,35.11560592219325,0.6042170062781236,1.5950526315789475,0.07371031614101858,27.12990448544334,183.0693838827535,True,
6,77.5,12.916666666666666,73.48507223662364,73.48507223662364,15.708619146331174,94.25171487798704,0.8,3339.5363240930965,2671.629059274477,2577.37734439649,35.07348180998279,0.6053271761649057,1.5950526315789475,0.07379300425931959,27.16033877020879,183.0693838827535,True,
6,77.75,12.958333333333334,73.56756646011151,73.56756646011151,15.742627881579926,94.45576728947955,0.8,3339.5363240930965,2671.629059274477,2577.173291984998,35.03137885337483,0.6064373460516879,1.5950526315789475,0.07387584416679914,27.19082892267542,183.0693838827535,True,
6,78.0,13.0,73.6502118393744,73.6502118393744,15.776650886920915,94.65990532152549,0.8,3339.5363240930965,2671.629059274477,2576.9691539529517,34.98929724157655,0.6075475159384699,1.5950526315789475,0.07395883586345722,27.221374942843227,183.0693838827535,True,
6,78.25,13.041666666666666,73.73300837441231,73.73300837441231,15.810688149310332,94.864128895862,0.8,3339.5363240930965,2671.629059274477,2576.764930378615,34.94723716268214,0.6086576858252519,1.5950526315789475,0.07404197934929387,27.251976830712206,183.0693838827535,True,
6,78.5,13.083333333333334,73.81595606522525,73.81595606522525,15.844739655740048,95.06843793444028,0.8,3339.5363240930965,2671.629059274477,2576.560621340037,34.90519880367514,0.6097678557120341,1.5950526315789475,0.07412527462430904,27.282634586282366,183.0693838827535,True,
6,78.75,13.125,73.89905491181321,73.89905491181321,15.878805393237483,95.2728323594249,0.8,3339.5363240930965,2671.629059274477,2576.3562269150525,34.86318235043093,0.6108780255988161,1.5950526315789475,0.07420872168850276,27.313348209553702,183.0693838827535,True,
6,79.0,13.166666666666666,73.9823049141762,73.9823049141762,15.912885348865453,95.47731209319272,0.8,3339.5363240930965,2671.629059274477,2576.1517471812845,34.82118798771911,0.6119881954855982,1.5950526315789475,0.07429232054187504,27.34411770052622,183.0693838827535,True,
6,79.25,13.208333333333334,74.06570607231421,74.06570607231421,15.946979509721965,95.68187705833179,0.8,3339.5363240930965,2671.629059274477,2575.9471822161454,34.77921589920595,0.6130983653723804,1.5950526315789475,0.07437607118442585,27.37494305919991,183.0693838827535,True,
6,79.5,13.25,74.14925838622725,74.14925838622725,15.981087862940106,95.88652717764063,0.8,3339.5363240930965,2671.629059274477,2575.7425320968364,34.73726626745689,0.6142085352591624,1.5950526315789475,0.0744599736161552,27.405824285574774,183.0693838827535,True,
6,79.75,13.291666666666666,74.23296185591528,74.23296185591528,16.015210395687852,96.09126237412711,0.8,3339.5363240930965,2671.629059274477,2575.5377969003503,34.69533927393896,0.6153187051459444,1.5950526315789475,0.0745440278370631,27.436761379650818,183.0693838827535,True,
6,80.0,13.333333333333334,74.31681648137835,74.31681648137835,16.04934709516793,96.29608257100759,0.8,3339.5363240930965,2671.629059274477,2575.3329767034697,34.6534350990233,0.6164288750327266,1.5950526315789475,0.07462823384714953,27.467754341428037,183.0693838827535,True,
6,80.25,13.375,74.40082226261644,74.40082226261644,16.083497948617648,96.50098769170589,0.8,3339.5363240930965,2671.629059274477,2575.128071582771,34.611553921987685,0.6175390449195086,1.5950526315789475,0.07471259164641451,27.498803170906434,183.0693838827535,True,
6,80.5,13.416666666666666,74.48497919962955,74.48497919962955,16.117662943308755,96.70597765985252,0.8,3339.5363240930965,2671.629059274477,2574.9230816146246,34.56969592101908,0.6186492148062908,1.5950526315789475,0.07479710123485804,27.529907868086006,183.0693838827535,True,
6,80.75,13.458333333333334,74.56928729241768,74.56928729241768,16.151842066547264,96.91105239928359,0.8,3339.5363240930965,2671.629059274477,2574.7180068751936,34.5278612732161,0.6197593846930728,1.5950526315789475,0.07488176261248011,27.561068432966756,183.0693838827535,True,
6,81.0,13.5,74.65374654098083,74.65374654098083,16.186035305673318,97.11621183403992,0.8,3339.5363240930965,2671.629059274477,2574.5128474404373,34.486050154591645,0.6208695545798548,1.5950526315789475,0.07496657577928072,27.59228486554868,183.0693838827535,True,
6,81.25,13.541666666666666,74.73835694531903,74.73835694531903,16.22024264806104,97.32145588836623,0.8,3339.5363240930965,2671.629059274477,2574.307603386111,34.444262740075445,0.621979724466637,1.5950526315789475,0.07505154073525988,27.623557165831787,183.0693838827535,True,
6,81.5,13.583333333333334,74.8231185054322,74.8231185054322,16.254464081118346,97.52678448671008,0.8,3339.5363240930965,2671.629059274477,2574.102274787767,34.4024992035167,0.6230898943534191,1.5950526315789475,0.07513665748041758,27.654885333816065,183.0693838827535,True,
6,81.75,13.625,74.90803122132043,74.90803122132043,16.288699592286846,97.73219755372108,0.8,3339.5363240930965,2671.629059274477,2573.896861720756,34.360759717686584,0.6242000642402011,1.5950526315789475,0.07522192601475382,27.68626936950152,183.0693838827535,True,
6,82.0,13.666666666666666,74.99309509298367,74.99309509298367,16.32294916904166,97.93769501424995,0.8,3339.5363240930965,2671.629059274477,2573.691364260227,34.31904445428098,0.6253102341269832,1.5950526315789475,0.0753073463382686,27.717709272888154,183.0693838827535,True,
6,82.25,13.708333333333334,75.07831012042196,75.07831012042196,16.357212798891272,98.14327679334764,0.8,3339.5363240930965,2671.629059274477,2573.4857824811297,34.27735358392302,0.6264204040137654,1.5950526315789475,0.07539291845096194,27.74920504397597,183.0693838827535,True,
6,82.5,13.75,75.16367630363523,75.16367630363523,16.3914904693774,98.34894281626438,0.8,3339.5363240930965,2671.629059274477,2573.280116458213,34.23568727616585,0.6275305739005473,1.5950526315789475,0.0754786423528338,27.780756682764952,183.0693838827535,True,
6,82.75,13.791666666666666,75.24919364262354,75.24919364262354,16.42578216807482,98.55469300844894,0.8,3339.5363240930965,2671.629059274477,2573.0743662660284,34.19404569949514,0.6286407437873295,1.5950526315789475,0.07556451804388423,27.812364189255117,183.0693838827535,True,
6,83.0,13.833333333333334,75.33486213738686,75.33486213738686,16.460087882591253,98.76052729554752,0.8,3339.5363240930965,2671.629059274477,2572.8685319789297,34.15242902133191,0.6297509136741116,1.5950526315789475,0.07565054552411318,27.844027563446456,183.0693838827535,True,
6,83.25,13.875,75.4206817879252,75.4206817879252,16.49440760056719,98.96644560340314,0.8,3339.5363240930965,2671.629059274477,2572.662613671074,34.110837408035145,0.6308610835608935,1.5950526315789475,0.07573672479352068,27.87574680533897,183.0693838827535,True,
6,83.5,13.916666666666666,75.50665259423859,75.50665259423859,16.528741309675777,99.17244785805465,0.8,3339.5363240930965,2671.629059274477,2572.4566114164227,34.069271024904495,0.6319712534476758,1.5950526315789475,0.07582305585210675,27.90752191493267,183.0693838827535,True,
6,83.75,13.958333333333334,75.59277455632699,75.59277455632699,16.563088997622636,99.37853398573581,0.8,3339.5363240930965,2671.629059274477,2572.2505252887413,34.027730036183044,0.6330814233344578,1.5950526315789475,0.07590953869987133,27.939352892227536,183.0693838827535,True,
6,84.0,14.0,75.67904767419039,75.67904767419039,16.597450652145763,99.58470391287457,0.8,3339.5363240930965,2671.629059274477,2572.044355361603,33.98621460506002,0.6341915932212399,1.5950526315789475,0.07599617333681445,27.97123973722358,183.0693838827535,True,
6,84.25,14.041666666666666,75.76547194782883,75.76547194782883,16.63182626101535,99.79095756609212,0.8,3339.5363240930965,2671.629059274477,2571.8381017083852,33.94472489367348,0.635301763108022,1.5950526315789475,0.07608295976293614,28.003182449920807,183.0693838827535,True,
6,84.5,14.083333333333334,75.8520473772423,75.8520473772423,16.666215812033666,99.99729487220199,0.8,3339.5363240930965,2671.629059274477,2571.631764402275,33.903261063113185,0.6364119329948041,1.5950526315789475,0.07616989797823637,28.03518103031921,183.0693838827535,True,
6,84.75,14.125,75.93877396243077,75.93877396243077,16.700619293034908,100.20371575820946,0.8,3339.5363240930965,2671.629059274477,2571.4253435162677,33.861823273423276,0.6375221028815862,1.5950526315789475,0.07625698798271512,28.067235478418784,183.0693838827535,True,
6,85.0,14.166666666666666,76.02565170339427,76.02565170339427,16.735036691885075,100.41022015131045,0.8,3339.5363240930965,2671.629059274477,2571.2188391231666,33.82041168360509,0.6386322727683682,1.5950526315789475,0.07634422977637242,28.099345794219538,183.0693838827535,True,
6,85.25,14.208333333333334,76.1126806001328,76.1126806001328,16.769467996481804,100.61680797889082,0.8,3339.5363240930965,2671.629059274477,2571.0122512955863,33.77902645161995,0.6397424426551503,1.5950526315789475,0.07643162335920828,28.13151197772147,183.0693838827535,True,
6,85.5,14.25,76.19986065264634,76.19986065264634,16.80391319475425,100.82347916852551,0.8,3339.5363240930965,2671.629059274477,2570.805580105952,33.737667734391984,0.6408526125419324,1.5950526315789475,0.07651916873122266,28.163734028924573,183.0693838827535,True,
6,85.75,14.291666666666666,76.28719186093491,76.28719186093491,16.838372274662976,101.03023364797787,0.8,3339.5363240930965,2671.629059274477,2570.598825626499,33.69633568781091,0.6419627824287145,1.5950526315789475,0.07660686589241561,28.19601194782886,183.0693838827535,True,
6,86.0,14.333333333333334,76.3746742249985,76.3746742249985,16.87284522419975,101.2370713451985,0.8,3339.5363240930965,2671.629059274477,2570.391987929279,33.65503046673492,0.6430729523154965,1.5950526315789475,0.07669471484278709,28.228345734434317,183.0693838827535,True,
6,86.25,14.375,76.46230774483709,76.46230774483709,16.907332031387465,101.44399218832478,0.8,3339.5363240930965,2671.629059274477,2570.1850670861522,33.613752224993455,0.6441831222022786,1.5950526315789475,0.0767827155823371,28.26073538874095,183.0693838827535,True,
6,86.5,14.416666666666666,76.55009242045074,76.55009242045074,16.941832684279998,101.65099610567998,0.8,3339.5363240930965,2671.629059274477,2569.9780631687972,33.5725011153901,0.6452932920890607,1.5950526315789475,0.07687086811106567,28.293180910748767,183.0693838827535,True,
6,86.75,14.458333333333334,76.63802825183937,76.63802825183937,16.976347170962054,101.85808302577232,0.8,3339.5363240930965,2671.629059274477,2569.7709762487048,33.53127728970543,0.6464034619758429,1.5950526315789475,0.07695917242897278,28.325682300457753,183.0693838827535,True,
6,87.0,14.5,76.72611523900306,76.72611523900306,17.01087547954905,102.0652528772943,0.8,3339.5363240930965,2671.629059274477,2569.563806397183,33.49008089869989,0.6475136318626249,1.5950526315789475,0.07704762853605843,28.358239557867922,183.0693838827535,True,
6,87.25,14.541666666666666,76.81435338194176,76.81435338194176,17.045417598186994,102.27250558912196,0.8,3339.5363240930965,2671.629059274477,2569.3565536853553,33.44891209211668,0.6486238017494069,1.5950526315789475,0.07713623643232262,28.39085268297926,183.0693838827535,True,
6,87.5,14.583333333333334,76.90274268065549,76.90274268065549,17.079973515052316,102.4798410903139,0.8,3339.5363240930965,2671.629059274477,2569.149218184163,33.40777101868462,0.6497339716361891,1.5950526315789475,0.07722499611776537,28.42352167579179,183.0693838827535,True,
6,87.75,14.625,76.99128313514423,76.99128313514423,17.114543218351784,102.6872593101107,0.8,3339.5363240930965,2671.629059274477,2568.9417999643665,33.36665782612111,0.6508441415229711,1.5950526315789475,0.07731390759238665,28.456246536305486,183.0693838827535,True,
6,88.0,14.666666666666666,77.07997474540798,77.07997474540798,17.149126696322348,102.89476017793409,0.8,3339.5363240930965,2671.629059274477,2568.734299096543,33.325572661134984,0.6519543114097532,1.5950526315789475,0.07740297085618647,28.489027264520356,183.0693838827535,True,
6,88.25,14.708333333333334,77.16881751144675,77.16881751144675,17.18372393723101,103.10234362338608,0.8,3339.5363240930965,2671.629059274477,2568.5267156510913,33.28451566942945,0.6530644812965353,1.5950526315789475,0.07749218590916485,28.521863860436405,183.0693838827535,True,
6,88.5,14.75,77.25781143326057,77.25781143326057,17.218334929374706,103.31000957624823,0.8,3339.5363240930965,2671.629059274477,2568.319049698229,33.24348699570503,0.6541746511833173,1.5950526315789475,0.07758155275132175,28.55475632405363,183.0693838827535,True,
6,88.75,14.791666666666666,77.34695651084941,77.34695651084941,17.252959661080183,103.5177579664811,0.8,3339.5363240930965,2671.629059274477,2568.111301307996,33.20248678366251,0.6552848210700994,1.5950526315789475,0.07767107138265722,28.58770465537204,183.0693838827535,True,
6,89.0,14.833333333333334,77.43625274421325,77.43625274421325,17.287598120703862,103.72558872422317,0.8,3339.5363240930965,2671.629059274477,2567.903470550254,33.16151517600587,0.6563949909568816,1.5950526315789475,0.07776074180317122,28.62070885439162,183.0693838827535,True,
6,89.25,14.875,77.5257001333521,77.5257001333521,17.322250296631697,103.93350177979019,0.8,3339.5363240930965,2671.629059274477,2567.695557494687,33.12057231444526,0.6575051608436636,1.5950526315789475,0.07785056401286375,28.65376892111237,183.0693838827535,True,
6,89.5,14.916666666666666,77.615298678266,77.615298678266,17.3569161772791,104.14149706367459,0.8,3339.5363240930965,2671.629059274477,2567.4875622108025,33.079658339699925,0.6586153307304456,1.5950526315789475,0.07794053801173484,28.686884855534306,183.0693838827535,True,
6,89.75,14.958333333333334,77.70504837895493,77.70504837895493,17.39159575109077,104.34957450654461,0.8,3339.5363240930965,2671.629059274477,2567.2794847679324,33.03877339150124,0.6597255006172278,1.5950526315789475,0.07803066379978447,28.720056657657416,183.0693838827535,True,
6,90.0,15.0,77.79494923541885,77.79494923541885,17.42628900654058,104.55773403924347,0.8,3339.5363240930965,2671.629059274477,2567.071325235234,32.997917608595664,0.6608356705040098,1.5950526315789475,0.07812094137701264,28.753284327481705,183.0693838827535,True,
6,90.25,15.041666666666666,77.88500124765781,77.88500124765781,17.46099593213147,104.76597559278883,0.8,3339.5363240930965,2671.629059274477,2566.8630836816883,32.95709112874772,0.661945840390792,1.5950526315789475,0.07821137074341936,28.786567865007168,183.0693838827535,True,
6,90.5,15.083333333333334,77.97520441567178,77.97520441567178,17.49571651639532,104.97429909837192,0.8,3339.5363240930965,2671.629059274477,2566.6547601761054,32.916294088743015,0.663056010277574,1.5950526315789475,0.07830195189900462,28.819907270233802,183.0693838827535,True,
6,90.75,15.125,78.0655587394608,78.0655587394608,17.530450747892804,105.18270448735683,0.8,3339.5363240930965,2671.629059274477,2566.4463547871205,32.87552662439123,0.664166180164356,1.5950526315789475,0.07839268484376842,28.853302543161625,183.0693838827535,True,
6,91.0,15.166666666666666,78.15606421902483,78.15606421902483,17.56519861521332,105.39119169127991,0.8,3339.5363240930965,2671.629059274477,2566.2378675831974,32.834788870529145,0.6652763500511382,1.5950526315789475,0.07848356957771077,28.88675368379062,183.0693838827535,True,
6,91.25,15.208333333333334,78.24672085436387,78.24672085436387,17.59996010697481,105.59976064184886,0.8,3339.5363240930965,2671.629059274477,2566.0292986326285,32.794080961023674,0.6663865199379203,1.5950526315789475,0.07857460610083167,28.92026069212079,183.0693838827535,True,
6,91.5,15.25,78.33752864547795,78.33752864547795,17.63473521182368,105.80841127094209,0.8,3339.5363240930965,2671.629059274477,2565.820648003535,32.75340302877486,0.6674966898247023,1.5950526315789475,0.0786657944131311,28.95382356815214,183.0693838827535,True,
6,91.75,15.291666666666666,78.428487592367,78.428487592367,17.669523918434688,106.01714351060812,0.8,3339.5363240930965,2671.629059274477,2565.611915763869,32.71275520571896,0.6686068597114845,1.5950526315789475,0.07875713451460907,28.98744231188466,183.0693838827535,True,
6,92.0,15.333333333333334,78.51959769503112,78.51959769503112,17.70432621551079,106.22595729306474,0.8,3339.5363240930965,2671.629059274477,2565.4031019814124,32.67213762283141,0.6697170295982665,1.5950526315789475,0.07884862640526559,29.02111692331836,183.0693838827535,True,
6,92.25,15.375,78.61085895347026,78.61085895347026,17.739142091783062,106.43485255069837,0.8,3339.5363240930965,2671.629059274477,2565.1942067237787,32.63155041012993,0.6708271994850485,1.5950526315789475,0.07894027008510066,29.054847402453237,183.0693838827535,True,
6,92.5,15.416666666666666,78.7022713676844,78.7022713676844,17.773971536010546,106.64382921606327,0.8,3339.5363240930965,2671.629059274477,2564.985230058414,32.59099369667762,0.6719373693718307,1.5950526315789475,0.07903206555411427,29.088633749289293,183.0693838827535,True,
6,92.75,15.458333333333334,78.79383493767358,78.79383493767358,17.808814536980165,106.85288722188099,0.8,3339.5363240930965,2671.629059274477,2564.7761720525964,32.55046761058591,0.6730475392586128,1.5950526315789475,0.07912401281230641,29.12247596382652,183.0693838827535,True,
6,93.0,15.5,78.88554966343777,78.88554966343777,17.843671083506603,107.06202650103961,0.8,3339.5363240930965,2671.629059274477,2564.5670327734374,32.50997227901772,0.6741577091453949,1.5950526315789475,0.0792161118596771,29.156374046064926,183.0693838827535,True,
6,93.25,15.541666666666666,78.97741554497698,78.97741554497698,17.878541164432175,107.27124698659304,0.8,3339.5363240930965,2671.629059274477,2564.3578122878844,32.4695078281905,0.6752678790321769,1.5950526315789475,0.07930836269622633,29.19032799600451,183.0693838827535,True,
6,93.5,15.583333333333334,79.06943258229121,79.06943258229121,17.91342476862672,107.48054861176031,0.8,3339.5363240930965,2671.629059274477,2564.148510662717,32.4290743833793,0.676378048918959,1.5950526315789475,0.07940076532195411,29.224337813645267,183.0693838827535,True,
6,93.75,15.625,79.16160077538049,79.16160077538049,17.948321884987497,107.68993130992499,0.8,3339.5363240930965,2671.629059274477,2563.9391279645524,32.38867206891988,0.6774882188057411,1.5950526315789475,0.07949331973686044,29.25840349898721,183.0693838827535,True,
6,94.0,15.666666666666666,79.25392012424477,79.25392012424477,17.98323250243907,107.89939501463442,0.8,3339.5363240930965,2671.629059274477,2563.7296642598426,32.34830100821178,0.6785983886925232,1.5950526315789475,0.07958602594094531,29.292525052030324,183.0693838827535,True,
6,94.25,15.708333333333334,79.34639062888407,79.34639062888407,18.018156609933182,108.10893965959909,0.8,3339.5363240930965,2671.629059274477,2563.5201196148782,32.30796132372142,0.6797085585793052,1.5950526315789475,0.07967888393420872,29.32670247277461,183.0693838827535,True,
6,94.5,15.75,79.43901228929839,79.43901228929839,18.053094196448672,108.31856517869204,0.8,3339.5363240930965,2671.629059274477,2563.310494095785,32.2676531369852,0.6808187284660873,1.5950526315789475,0.07977189371665067,29.360935761220077,183.0693838827535,True,
6,94.75,15.791666666666666,79.53178510548774,79.53178510548774,18.088045250991332,108.528271505948,0.8,3339.5363240930965,2671.629059274477,2563.1007877685292,32.22737656861261,0.6819288983528694,1.5950526315789475,0.07986505528827116,29.39522491736672,183.0693838827535,True,
6,95.0,15.833333333333334,79.62470907745212,79.62470907745212,18.123009762593814,108.73805857556289,0.8,3339.5363240930965,2671.629059274477,2562.8910006989145,32.18713173828934,0.6830390682396515,1.5950526315789475,0.07995836864907022,29.429569941214545,183.0693838827535,True,
6,95.25,15.875,79.7177842051915,79.7177842051915,18.15798772031553,108.94792632189316,0.8,3339.5363240930965,2671.629059274477,2562.681132952584,32.14691876478038,0.6841492381264336,1.5950526315789475,0.08005183379904779,29.46397083276354,183.0693838827535,True,
6,95.5,15.916666666666666,79.8110104887059,79.8110104887059,18.19297911324252,109.15787467945512,0.8,3339.5363240930965,2671.629059274477,2562.471184595022,32.10673776593317,0.6852594080132156,1.5950526315789475,0.08014545073820391,29.49842759201371,183.0693838827535,True,
6,95.75,15.958333333333334,79.90438792799534,79.90438792799534,18.227983930487365,109.36790358292419,0.8,3339.5363240930965,2671.629059274477,2562.261155691553,32.06658885868066,0.6863695778999978,1.5950526315789475,0.08023921946653859,29.532940218965063,183.0693838827535,True,
6,96.0,16.0,79.9979165230598,79.9979165230598,18.263002161189057,109.57801296713434,0.8,3339.5363240930965,2671.629059274477,2562.051046307343,32.02647215904453,0.6874797477867798,1.5950526315789475,0.0803331399840518,29.56750871361759,183.0693838827535,True,
6,96.25,16.041666666666668,80.09159627389928,80.09159627389928,18.298033794512943,109.78820276707765,0.8,3339.5363240930965,2671.629059274477,2561.8408565073996,31.986387782138227,0.6885899176735619,1.5950526315789475,0.08042721229074355,29.602133075971295,183.0693838827535,True,
6,96.5,16.083333333333332,80.18542718051378,80.18542718051378,18.333078819650535,109.9984729179032,0.8,3339.5363240930965,2671.629059274477,2561.630586356574,31.946335842170175,0.689700087560344,1.5950526315789475,0.08052143638661385,29.636813306026173,183.0693838827535,True,
6,96.75,16.125,80.27940924290328,80.27940924290328,18.368137225819485,110.20882335491692,0.8,3339.5363240930965,2671.629059274477,2561.42023591956,31.906316452446866,0.690810257447126,1.5950526315789475,0.08061581227166269,29.671549403782226,183.0693838827535,True,
6,97.0,16.166666666666668,80.37354246106786,80.37354246106786,18.403209002263452,110.41925401358071,0.8,3339.5363240930965,2671.629059274477,2561.2098052608962,31.866329725375994,0.6919204273339082,1.5950526315789475,0.0807103399458901,29.70634136923947,183.0693838827535,True,
6,97.25,16.208333333333332,80.46782683500743,80.46782683500743,18.438294138251955,110.62976482951173,0.8,3339.5363240930965,2671.629059274477,2560.9992944449655,31.826375772469675,0.6930305972206903,1.5950526315789475,0.08080501940929602,29.74118920239788,183.0693838827535,True,
6,97.5,16.25,80.562262364722,80.562262364722,18.473392623080343,110.84035573848206,0.8,3339.5363240930965,2671.629059274477,2560.788703535995,31.786454704347495,0.6941407671074723,1.5950526315789475,0.08089985066188049,29.776092903257464,183.0693838827535,True,
6,97.75,16.291666666666668,80.6568490502116,80.6568490502116,18.50850444606965,111.0510266764179,0.8,3339.5363240930965,2671.629059274477,2560.5780325980595,31.746566630739732,0.6952509369942544,1.5950526315789475,0.0809948337036435,29.81105247181823,183.0693838827535,True,
6,98.0,16.333333333333332,80.75158689147624,80.75158689147624,18.54362959656648,111.26177757939888,0.8,3339.5363240930965,2671.629059274477,2560.3672816950784,31.706711660490463,0.6963611068810365,1.5950526315789475,0.08108996853458506,29.846067908080165,183.0693838827535,True,
6,98.25,16.375,80.84647588851588,80.84647588851588,18.57876806394293,111.47260838365759,0.8,3339.5363240930965,2671.629059274477,2560.1564508908195,31.666889901560765,0.6974712767678185,1.5950526315789475,0.08118525515470516,29.881139212043283,183.0693838827535,True,
6,98.5,16.416666666666668,80.94151604133056,80.94151604133056,18.613919837596512,111.68351902557907,0.8,3339.5363240930965,2671.629059274477,2559.945540248898,31.62710146103184,0.6985814466546006,1.5950526315789475,0.08128069356400382,29.91626638370758,183.0693838827535,True,
6,98.75,16.458333333333332,81.03670734992025,81.03670734992025,18.64908490694998,111.89450944169988,0.8,3339.5363240930965,2671.629059274477,2559.7345498327772,31.587346445108203,0.6996916165413827,1.5950526315789475,0.081376283762481,29.951449423073047,183.0693838827535,True,
6,99.0,16.5,81.13204981428495,81.13204981428495,18.684263261451292,112.10557956870775,0.8,3339.5363240930965,2671.629059274477,2559.523479705769,31.547624959120814,0.7008017864281647,1.5950526315789475,0.08147202575013673,29.986688330139696,183.0693838827535,True,
6,99.25,16.541666666666668,81.22754343442469,81.22754343442469,18.719454890573495,112.31672934344097,0.8,3339.5363240930965,2671.629059274477,2559.3123299310364,31.50793710753027,0.701911956314947,1.5950526315789475,0.08156791952697101,30.021983104907516,183.0693838827535,True,
6,99.5,16.583333333333332,81.32318821033947,81.32318821033947,18.7546597838146,112.52795870288759,0.8,3339.5363240930965,2671.629059274477,2559.1011005715895,31.468282993929943,0.703022126201729,1.5950526315789475,0.08166396509298383,30.057333747376525,183.0693838827535,True,
6,99.75,16.625,81.41898414202925,81.41898414202925,18.78987793069752,112.73926758418513,0.8,3339.5363240930965,2671.629059274477,2558.889791690292,31.428662721049218,0.704132296088511,1.5950526315789475,0.08176016244817519,30.092740257546698,183.0693838827535,True,
6,100.0,16.666666666666668,81.51493122949405,81.51493122949405,18.82510932076996,112.95065592461977,0.8,3339.5363240930965,2671.629059274477,2558.6784033498575,31.389076390756575,0.7052424659752932,1.5950526315789475,0.0818565115925451,30.128202635418052,183.0693838827535,True,
6,100.25,16.708333333333332,81.61102947273385,81.61102947273385,18.860353943604302,113.16212366162581,0.8,3339.5363240930965,2671.629059274477,2558.4669356128516,31.349524104062827,0.7063526358620752,1.5950526315789475,0.08195301252609355,30.163720880990578,183.0693838827535,True,
6,100.5,16.75,81.70727887174871,81.70727887174871,18.89561178879753,113.37367073278519,0.8,3339.5363240930965,2671.629059274477,2558.255388541692,31.31000596112423,0.7074628057488572,1.5950526315789475,0.08204966524882054,30.199294994264292,183.0693838827535,True,
6,100.75,16.791666666666668,81.80367942653858,81.80367942653858,18.930882845971123,113.58529707582673,0.8,3339.5363240930965,2671.629059274477,2558.0437621986503,31.270522061245757,0.7085729756356394,1.5950526315789475,0.08214646976072608,30.23492497523917,183.0693838827535,True,
6,101.0,16.833333333333332,81.90023113710346,81.90023113710346,18.966167104770943,113.79700262862565,0.8,3339.5363240930965,2671.629059274477,2557.8320566458515,31.23107250288419,0.7096831455224214,1.5950526315789475,0.08224342606181015,30.27061082391523,183.0693838827535,True,
6,101.25,16.875,81.99693400344337,81.99693400344337,19.001464554867198,114.00878732920319,0.8,3339.5363240930965,2671.629059274477,2557.620271945274,31.191657383651314,0.7107933154092034,1.5950526315789475,0.08234053415207278,30.30635254029247,183.0693838827535,True,
6,101.5,16.916666666666668,82.09378802555831,82.09378802555831,19.036775185954273,114.22065111572564,0.8,3339.5363240930965,2671.629059274477,2557.4084081587516,31.15227680031712,0.7119034852959857,1.5950526315789475,0.08243779403151395,30.342150124370885,183.0693838827535,True,
6,101.75,16.958333333333332,82.19079320344827,82.19079320344827,19.072098987750667,114.43259392650401,0.8,3339.5363240930965,2671.629059274477,2557.196465347973,31.112930848812972,0.7130136551827677,1.5950526315789475,0.08253520570013366,30.378003576150476,183.0693838827535,True,
6,102.0,17.0,82.28794953711325,82.28794953711325,19.107435949998923,114.64461569999354,0.8,3339.5363240930965,2671.629059274477,2556.9844435744835,31.07361962423478,0.7141238250695497,1.5950526315789475,0.08263276915793191,30.413912895631245,183.0693838827535,True,
6,102.25,17.041666666666668,82.38525702655325,82.38525702655325,19.142786062465504,114.85671637479302,0.8,3339.5363240930965,2671.629059274477,2556.772342899684,31.034343220846196,0.7152339949563319,1.5950526315789475,0.08273048440490871,30.44987808281319,183.0693838827535,True,
6,102.5,17.083333333333332,82.48271567176825,82.48271567176825,19.178149314940704,115.06889588964422,0.8,3339.5363240930965,2671.629059274477,2556.560163384833,30.99510173208178,0.7163441648431139,1.5950526315789475,0.08282835144106404,30.485899137696304,183.0693838827535,True,
6,102.75,17.125,82.58032547275829,82.58032547275829,19.213525697238552,115.28115418343131,0.8,3339.5363240930965,2671.629059274477,2556.347905091046,30.955895250550174,0.717454334729896,1.5950526315789475,0.08292637026639793,30.5219760602806,183.0693838827535,True,
6,103.0,17.166666666666668,82.67808642952335,82.67808642952335,19.248915199196745,115.49349119518047,0.8,3339.5363240930965,2671.629059274477,2556.1355680792967,30.916723868037316,0.7185645046166781,1.5950526315789475,0.08302454088091035,30.558108850566075,183.0693838827535,True,
6,103.25,17.208333333333332,82.77599854206343,82.77599854206343,19.28431781067654,115.70590686405924,0.8,3339.5363240930965,2671.629059274477,2555.923152410418,30.877587675509595,0.7196746745034601,1.5950526315789475,0.08312286328460132,30.594297508552724,183.0693838827535,True,
6,103.5,17.25,82.87406181037854,82.87406181037854,19.31973352156265,115.9184011293759,0.8,3339.5363240930965,2671.629059274477,2555.710658145101,30.838486763117032,0.7207848443902422,1.5950526315789475,0.08322133747747083,30.630542034240552,183.0693838827535,True,
6,103.75,17.291666666666668,82.97227623446868,82.97227623446868,19.355162321763185,116.1309739305791,0.8,3339.5363240930965,2671.629059274477,2555.4980853438983,30.799421220196475,0.7218950142770244,1.5950526315789475,0.08331996345951889,30.66684242762956,183.0693838827535,True,
6,104.0,17.333333333333332,83.07064181433383,83.07064181433383,19.390604201209516,116.3436252072571,0.8,3339.5363240930965,2671.629059274477,2555.28543406722,30.760391135274773,0.7230051841638064,1.5950526315789475,0.0834187412307455,30.70319868871974,183.0693838827535,True,
6,104.25,17.375,83.16915854997399,83.16915854997399,19.426059149856233,116.5563548991374,0.8,3339.5363240930965,2671.629059274477,2555.07270437534,30.721396596071962,0.7241153540505885,1.5950526315789475,0.08351767079115063,30.739610817511096,183.0693838827535,True,
6,104.5,17.416666666666668,83.26782644138919,83.26782644138919,19.461527157681036,116.76916294608623,0.8,3339.5363240930965,2671.629059274477,2554.859896328391,30.682437689504404,0.7252255239373706,1.5950526315789475,0.08361675214073433,30.776078814003633,183.0693838827535,True,
6,104.75,17.458333333333332,83.3666454885794,83.3666454885794,19.49700821468465,116.9820492881079,0.8,3339.5363240930965,2671.629059274477,2554.647009986369,30.64351450168805,0.7263356938241526,1.5950526315789475,0.08371598527949656,30.81260267819734,183.0693838827535,True,
6,105.0,17.5,83.46561569154463,83.46561569154463,19.532502310890727,117.19501386534436,0.8,3339.5363240930965,2671.629059274477,2554.434045409133,30.604627117941533,0.7274458637109347,1.5950526315789475,0.08381537020743732,30.849182410092226,183.0693838827535,True,
6,105.25,17.541666666666668,83.56473705028492,83.56473705028492,19.568009436345758,117.40805661807454,0.8,3339.5363240930965,2671.629059274477,2554.2210026564026,30.56577562278937,0.7285560335977169,1.5950526315789475,0.08391490692455666,30.885818009688304,183.0693838827535,True,
6,105.5,17.583333333333332,83.66400956480017,83.66400956480017,19.60352958111901,117.62117748671406,0.8,3339.5363240930965,2671.629059274477,2554.007881787763,30.526960099965216,0.729666203484499,1.5950526315789475,0.08401459543085452,30.922509476985535,183.0693838827535,True,
6,105.75,17.625,83.76343323509047,83.76343323509047,19.639062735302417,117.8343764118145,0.8,3339.5363240930965,2671.629059274477,2553.7946828626627,30.488180632414885,0.730776373371281,1.5950526315789475,0.08411443572633091,30.959256811983952,183.0693838827535,True,
6,106.0,17.666666666666668,83.8630080611558,83.8630080611558,19.674608889010486,118.04765333406291,0.8,3339.5363240930965,2671.629059274477,2553.5814059404142,30.449437302299657,0.7318865432580631,1.5950526315789475,0.08421442781098586,30.996060014683543,183.0693838827535,True,
6,106.25,17.708333333333332,83.96273404299613,83.96273404299613,19.71016803238024,118.26100819428143,0.8,3339.5363240930965,2671.629059274477,2553.368051080196,30.410730190999406,0.7329967131448452,1.5950526315789475,0.08431457168481934,31.032919085084316,183.0693838827535,True,
6,106.5,17.75,84.06261118061151,84.06261118061151,19.745740155571117,118.4744409334267,0.8,3339.5363240930965,2671.629059274477,2553.1546183410505,30.37205937911573,0.7341068830316272,1.5950526315789475,0.08441486734783138,31.069834023186264,183.0693838827535,True,
6,106.75,17.791666666666668,84.16263947400189,84.16263947400189,19.781325248764883,118.68795149258929,0.8,3339.5363240930965,2671.629059274477,2552.9411077818877,30.333424946475205,0.7352170529184093,1.5950526315789475,0.08451531480002196,31.10680482898939,183.0693838827535,True,
6,107.0,17.833333333333332,84.2628189231673,84.2628189231673,19.816923302165545,118.90153981299326,0.8,3339.5363240930965,2671.629059274477,2552.727519461484,30.29482697213248,0.7363272228051914,1.5950526315789475,0.08461591404139107,31.143831502493686,183.0693838827535,True,
6,107.25,17.875,84.36314952810771,84.36314952810771,19.85253430599928,119.11520583599568,0.8,3339.5363240930965,2671.629059274477,2552.5138534384814,30.256265534373476,0.7374373926919734,1.5950526315789475,0.08471666507193873,31.18091404369916,183.0693838827535,True,
6,107.5,17.916666666666668,84.4636312888232,84.4636312888232,19.888158250514348,119.32894950308608,0.8,3339.5363240930965,2671.629059274477,2552.300109771391,30.217740710718516,0.7385475625787556,1.5950526315789475,0.08481756789166495,31.21805245260582,183.0693838827535,True,
6,107.75,17.958333333333332,84.56426420531365,84.56426420531365,19.923795125980995,119.54277075588597,0.8,3339.5363240930965,2671.629059274477,2552.086288518591,30.179252577925574,0.7396577324655377,1.5950526315789475,0.0849186225005697,31.25524672921365,183.0693838827535,True,
6,108.0,18.0,84.66504827757915,84.66504827757915,19.959444922691382,119.7566695361483,0.8,3339.5363240930965,2671.629059274477,2551.872389738329,30.1408012119933,0.7407679023523197,1.5950526315789475,0.08501982889865298,31.292496873522655,183.0693838827535,True,
6,108.25,18.041666666666668,84.7659835056197,84.7659835056197,19.995107630959517,119.9706457857571,0.8,3339.5363240930965,2671.629059274477,2551.6584134887203,30.10238668816429,0.741878072239102,1.5950526315789475,0.08512118708591485,31.32980288553285,183.0693838827535,True,
6,108.5,18.083333333333332,84.86706988943521,84.86706988943521,20.03078324112113,120.1846994467268,0.8,3339.5363240930965,2671.629059274477,2551.4443598277503,30.064009080928223,0.7429882421258839,1.5950526315789475,0.0852226970623552,31.367164765244205,183.0693838827535,True,
6,108.75,18.125,84.96830742902577,84.96830742902577,20.066471743533636,120.39883046120181,0.8,3339.5363240930965,2671.629059274477,2551.2302288132755,30.025668464024946,0.7440984120126659,1.5950526315789475,0.08532435882797412,31.404582512656738,183.0693838827535,True,
6,109.0,18.166666666666668,85.06969612439137,85.06969612439137,20.10217312857605,120.6130387714563,0.8,3339.5363240930965,2671.629059274477,2551.016020503021,29.987364910447685,0.7452085818994483,1.5950526315789475,0.08542617238277161,31.44205612777046,183.0693838827535,True,
6,109.25,18.208333333333332,85.17123597553196,85.17123597553196,20.137887386648867,120.8273243198932,0.8,3339.5363240930965,2671.629059274477,2550.801734954584,29.949098492446204,0.7463187517862301,1.5950526315789475,0.08552813772674761,31.479585610585346,183.0693838827535,True,
6,109.5,18.25,85.27292698244756,85.27292698244756,20.173614508174033,121.0416870490442,0.8,3339.5363240930965,2671.629059274477,2550.587372225433,29.910869281529898,0.7474289216730121,1.5950526315789475,0.08563025485990214,31.517170961101407,183.0693838827535,True,
6,109.75,18.291666666666668,85.37476914513825,85.37476914513825,20.209354483594833,121.25612690156899,0.8,3339.5363240930965,2671.629059274477,2550.372932372908,29.87267734847095,0.7485390915597945,1.5950526315789475,0.08573252378223527,31.554812179318663,183.0693838827535,True,
6,110.0,18.333333333333332,85.4767624636039,85.4767624636039,20.245107303375796,121.47064382025478,0.8,3339.5363240930965,2671.629059274477,2550.1584154542224,29.834522763307543,0.7496492614465764,1.5950526315789475,0.0858349444937469,31.59250926523708,183.0693838827535,True,
6,110.25,18.375,85.5789069378446,85.5789069378446,20.280872958002693,121.68523774801616,0.8,3339.5363240930965,2671.629059274477,2549.943821526461,29.79640559534686,0.7507594313333584,1.5950526315789475,0.08593751699443708,31.630262218856675,183.0693838827535,True,
6,110.5,18.416666666666668,85.68120256786032,85.68120256786032,20.316651437982376,121.89990862789426,0.8,3339.5363240930965,2671.629059274477,2549.729150646583,29.758325913168335,0.7518696012201407,1.5950526315789475,0.08604024128430582,31.668071040177455,183.0693838827535,True,
6,110.75,18.458333333333332,85.78364935365104,85.78364935365104,20.352442733842707,122.11465640305624,0.8,3339.5363240930965,2671.629059274477,2549.5144028714208,29.720283784626734,0.7529797711069227,1.5950526315789475,0.08614311736335309,31.705935729199407,183.0693838827535,True,
6,111.0,18.5,85.88624729521679,85.88624729521679,20.388246836132545,122.32948101679527,0.8,3339.5363240930965,2671.629059274477,2549.299578257682,29.682279276855287,0.7540899409937046,1.5950526315789475,0.08624614523157889,31.74385628592253,183.0693838827535,True,
6,111.25,18.541666666666668,85.9889963925576,85.9889963925576,20.42406373542162,122.54438241252971,0.8,3339.5363240930965,2671.629059274477,2549.0846768619476,29.644312456268796,0.755200110880487,1.5950526315789475,0.08634932488898327,31.781832710346844,183.0693838827535,True,
6,111.5,18.583333333333332,86.09189664567339,86.09189664567339,20.45989342230044,122.75936053380264,0.8,3339.5363240930965,2671.629059274477,2548.8696987406747,29.606383388566805,0.756310280767269,1.5950526315789475,0.08645265633556616,31.81986500247232,183.0693838827535,True,
6,111.75,18.625,86.19494805456416,86.19494805456416,20.495735887380253,122.97441532428152,0.8,3339.5363240930965,2671.629059274477,2548.654643950196,29.568492138736666,0.7574204506540508,1.5950526315789475,0.08655613957132757,31.857953162298966,183.0693838827535,True,
6,112.0,18.666666666666668,86.29815061923004,86.29815061923004,20.531591121292973,123.18954672775783,0.8,3339.5363240930965,2671.629059274477,2548.4395125467195,29.53063877105663,0.7585306205408332,1.5950526315789475,0.08665977459626759,31.896097189826808,183.0693838827535,True,
6,112.25,18.708333333333332,86.4015043396709,86.4015043396709,20.56745911469106,123.40475468814637,0.8,3339.5363240930965,2671.629059274477,2548.2243045863306,29.492823349099073,0.7596407904276152,1.5950526315789475,0.08676356141038612,31.934297085055817,183.0693838827535,True,
6,112.5,18.75,86.50500921588679,86.50500921588679,20.603339858247484,123.62003914948491,0.8,3339.5363240930965,2671.629059274477,2548.0090201249923,29.45504593573347,0.7607509603143972,1.5950526315789475,0.08686750001368318,31.972552847986005,183.0693838827535,True,
6,112.75,18.791666666666668,86.60866524787772,86.60866524787772,20.639233342655654,123.83540005593392,0.8,3339.5363240930965,2671.629059274477,2547.7936592185433,29.41730659312955,0.7618611302011794,1.5950526315789475,0.08697159040615882,32.01086447861738,183.0693838827535,True,
6,113.0,18.833333333333332,86.71247243564363,86.71247243564363,20.6751395586293,124.05083735177581,0.8,3339.5363240930965,2671.629059274477,2547.5782219227012,29.37960538276043,0.7629713000879614,1.5950526315789475,0.08707583258781296,32.04923197694991,183.0693838827535,True,
6,113.25,18.875,86.81643077918456,86.81643077918456,20.711058496902435,124.2663509814146,0.8,3339.5363240930965,2671.629059274477,2547.3627082930625,29.34194236540565,0.7640814699747434,1.5950526315789475,0.08718022655864566,32.08765534298362,183.0693838827535,True,
6,113.5,18.916666666666668,86.92054027850054,86.92054027850054,20.74699014822931,124.48194088937586,0.8,3339.5363240930965,2671.629059274477,2547.1471183851013,29.304317601154263,0.7651916398615257,1.5950526315789475,0.08728477231865692,32.12613457671852,183.0693838827535,True,
6,113.75,18.958333333333332,87.02480093359155,87.02480093359155,20.78293450338425,124.6976070203055,0.8,3339.5363240930965,2671.629059274477,2546.9314522541717,29.26673114940797,0.7663018097483077,1.5950526315789475,0.08738946986784671,32.164669678154596,183.0693838827535,True,
6,114.0,19.0,87.12921274445756,87.12921274445756,20.818891553161667,124.91334931897,0.8,3339.5363240930965,2671.629059274477,2546.715709955507,29.229183068884183,0.7674119796350898,1.5950526315789475,0.08749431920621503,32.20326064729184,183.0693838827535,True,
6,114.25,19.041666666666668,87.2337757110986,87.2337757110986,20.854861288375957,125.12916773025574,0.8,3339.5363240930965,2671.629059274477,2546.4998915442216,29.191673417619075,0.7685221495218719,1.5950526315789475,0.08759932033376192,32.24190748413027,183.0693838827535,True,
6,114.5,19.083333333333332,87.33848983351466,87.33848983351466,20.890843699861417,125.3450621991685,0.8,3339.5363240930965,2671.629059274477,2546.283997075309,29.15420225297067,0.769632319408654,1.5950526315789475,0.08770447325048733,32.28061018866987,183.0693838827535,True,
6,114.75,19.125,87.44335511170574,87.44335511170574,20.92683877847218,125.56103267083309,0.8,3339.5363240930965,2671.629059274477,2546.0680266036443,29.11676963162191,0.770742489295436,1.5950526315789475,0.0878097779563913,32.31936876091065,183.0693838827535,True,
6,115.0,19.166666666666668,87.54837154567184,87.54837154567184,20.962846515082166,125.777079090493,0.8,3339.5363240930965,2671.629059274477,2545.8519801839843,29.079375609583735,0.7718526591822182,1.5950526315789475,0.08791523445147381,32.3581832008526,183.0693838827535,True,
6,115.25,19.208333333333332,87.65353913541298,87.65353913541298,20.998866900584957,125.99320140350974,0.8,3339.5363240930965,2671.629059274477,2545.6358578709674,29.042020242198102,0.7729628290690003,1.5950526315789475,0.08802084273573486,32.39705350849574,183.0693838827535,True,
6,115.5,19.25,87.75885788092911,87.75885788092911,21.0348999258938,126.20939955536281,0.8,3339.5363240930965,2671.629059274477,2545.4196597191144,29.004703584141104,0.7740729989557822,1.5950526315789475,0.08812660280917445,32.43597968384004,183.0693838827535,True,
6,115.75,19.291666666666668,87.86432778222029,87.86432778222029,21.07094558194147,126.42567349164881,0.8,3339.5363240930965,2671.629059274477,2545.2033857828283,28.96742568942593,0.7751831688425644,1.5950526315789475,0.08823251467179259,32.474961726885525,183.0693838827535,True,
6,116.0,19.333333333333332,87.96994883928646,87.96994883928646,21.10700385968024,126.64202315808144,0.8,3339.5363240930965,2671.629059274477,2544.9870361163958,28.930186611405997,0.7762933387293465,1.5950526315789475,0.08833857832358927,32.51399963763218,183.0693838827535,True,
6,116.25,19.375,88.07572105212768,88.07572105212768,21.14307475008179,126.85844850049074,0.8,3339.5363240930965,2671.629059274477,2544.7706107739864,28.892986402777925,0.7774035086161285,1.5950526315789475,0.08844479376456449,32.553093416080024,183.0693838827535,True,
6,116.5,19.416666666666668,88.18164442074394,88.18164442074394,21.179158244137167,127.07494946482299,0.8,3339.5363240930965,2671.629059274477,2544.554109809654,28.855825115584608,0.7785136785029106,1.5950526315789475,0.08855116099471827,32.592243062229045,183.0693838827535,True,
6,116.75,19.458333333333332,88.28771894513517,88.28771894513517,21.21525433285666,127.29152599713996,0.8,3339.5363240930965,2671.629059274477,2544.337533277337,28.818702801218258,0.7796238483896927,1.5950526315789475,0.08865768001405057,32.63144857607923,183.0693838827535,True,
6,117.0,19.5,88.39394462530144,88.39394462530144,21.25136300726979,127.50817804361876,0.8,3339.5363240930965,2671.629059274477,2544.1208812308582,28.78161951042336,0.7807340182764747,1.5950526315789475,0.08876435082256143,32.6707099576306,183.0693838827535,True,
6,117.25,19.541666666666668,88.50032146124275,88.50032146124275,21.287484258425227,127.72490555055137,0.8,3339.5363240930965,2671.629059274477,2543.904153723926,28.74457529329977,0.781844188163257,1.5950526315789475,0.08887117342025083,32.71002720688315,183.0693838827535,True,
6,117.5,19.583333333333332,88.60684945295907,88.60684945295907,21.323618077390687,127.94170846434412,0.8,3339.5363240930965,2671.629059274477,2543.687350810133,28.707570199305685,0.782954358050039,1.5950526315789475,0.08897814780711877,32.749400323836866,183.0693838827535,True,
6,117.75,19.625,88.71352860045039,88.71352860045039,21.359764455252904,128.15858673151743,0.8,3339.5363240930965,2671.629059274477,2543.4704725429597,28.67060427726067,0.784064527936821,1.5950526315789475,0.08908527398316524,32.788829308491756,183.0693838827535,True,
6,118.0,19.666666666666668,88.82035890371675,88.82035890371675,21.39592338311756,128.37554029870535,0.8,3339.5363240930965,2671.629059274477,2543.253518975772,28.633677575348635,0.7851746978236032,1.5950526315789475,0.08919255194839028,32.82831416084783,183.0693838827535,True,
6,118.25,19.708333333333332,88.92734036275814,88.92734036275814,21.432094852109184,128.5925691126551,0.8,3339.5363240930965,2671.629059274477,2543.0364901618223,28.59679014112087,0.7862848677103852,1.5950526315789475,0.08929998170279384,32.867854880905085,183.0693838827535,True,
6,118.5,19.75,89.03447297757455,89.03447297757455,21.468278853371125,128.80967312022676,0.8,3339.5363240930965,2671.629059274477,2542.8193861542504,28.55994202149902,0.7873950375971672,1.5950526315789475,0.08940756324637594,32.90745146866351,183.0693838827535,True,
6,118.75,19.791666666666668,89.14175674816597,89.14175674816597,21.50447537806549,129.02685226839293,0.8,3339.5363240930965,2671.629059274477,2542.6022070060844,28.52313326277807,0.7885052074839494,1.5950526315789475,0.08951529657913662,32.94710392412312,183.0693838827535,True,
6,119.0,19.833333333333332,89.24919167453241,89.24919167453241,21.54068441737299,129.24410650423795,0.8,3339.5363240930965,2671.629059274477,2542.384952770239,28.486363910629322,0.7896153773707314,1.5950526315789475,0.0896231817010758,32.98681224728389,183.0693838827535,True,
6,119.25,19.875,89.35677775667389,89.35677775667389,21.576905962493008,129.46143577495803,0.8,3339.5363240930965,2671.629059274477,2542.1676234995193,28.449634010103384,0.7907255472575134,1.5950526315789475,0.08973121861219355,33.02657643814585,183.0693838827535,True,
6,119.5,19.916666666666668,89.46451499459039,89.46451499459039,21.61314000464347,129.67884002786082,0.8,3339.5363240930965,2671.629059274477,2541.950219246616,28.412943605633128,0.7918357171442957,1.5950526315789475,0.08983940731248985,33.06639649670899,183.0693838827535,True,
6,119.75,19.958333333333332,89.57240338828191,89.57240338828191,21.64938653506071,129.89631921036425,0.8,3339.5363240930965,2671.629059274477,2541.732740064113,28.376292741036675,0.7929458870310777,1.5950526315789475,0.08994774780196468,33.106272422973305,183.0693838827535,True,
6,120.0,20.0,89.68044293774844,89.68044293774844,21.68564554499954,130.11387326999724,0.8,3339.5363240930965,2671.629059274477,2541.51518600448,28.339681459520325,0.7940560569178597,1.5950526315789475,0.09005624008061805,33.14620421693879,183.0693838827535,True,
